<?xml version="1.0"?>
<Profile xmlns:xsi="http://www.w3.org/2001/XMLSchema-instance" xmlns:xsd="http://www.w3.org/2001/XMLSchema">
  <Vendors />
  <BlackList />
  <KillRadius>20</KillRadius>
  <CustomRegions />
  <UseExternalMeshFile>false</UseExternalMeshFile>
  <ExternalMeshFileName />
  <DisablePet>false</DisablePet>
  <FollowerDistance>10</FollowerDistance>
  <DisableFollow>false</DisableFollow>
  <MainActionPack>
    <ActionID>d3955e48-9c41-4b97-89a1-e2d4ca30987a</ActionID>
    <OverrideName />
    <Sound>
      <SoundName />
      <Trigger>OnActionCompleted</Trigger>
    </Sound>
    <Disabled>false</Disabled>
    <PlayWhileConditionsAreOk>false</PlayWhileConditionsAreOk>
    <PlayWhileUnSuccess>true</PlayWhileUnSuccess>
    <AssociateMission />
    <Loop>false</Loop>
    <MaxRunningTime>0</MaxRunningTime>
    <OnlyOneConditionMustBeGood>false</OnlyOneConditionMustBeGood>
    <OnlyDoneByServer>false</OnlyDoneByServer>
    <Conditions />
    <HotSpots />
    <Actions>
      <Action xsi:type="MoveTo">
        <ActionID>9ebfa1ac-0e23-439c-a70b-1f495cc8c62c</ActionID>
        <OverrideName />
        <Sound>
          <SoundName />
          <Trigger>OnActionCompleted</Trigger>
        </Sound>
        <Disabled>false</Disabled>
        <PlayWhileConditionsAreOk>false</PlayWhileConditionsAreOk>
        <PlayWhileUnSuccess>true</PlayWhileUnSuccess>
        <AssociateMission />
        <Loop>false</Loop>
        <MaxRunningTime>0</MaxRunningTime>
        <OnlyOneConditionMustBeGood>false</OnlyOneConditionMustBeGood>
        <OnlyDoneByServer>false</OnlyDoneByServer>
        <Conditions />
        <HotSpots />
        <Position>
          <X>586.0582</X>
          <Y>301.920227</Y>
          <Z>1.20070028</Z>
        </Position>
        <Range>5</Range>
      </Action>
      <Action xsi:type="TurnInMission">
        <ActionID>d0e1eeef-40f3-44ea-b264-5c181b77943a</ActionID>
        <OverrideName />
        <Sound>
          <SoundName />
          <Trigger>OnActionCompleted</Trigger>
        </Sound>
        <Disabled>false</Disabled>
        <PlayWhileConditionsAreOk>true</PlayWhileConditionsAreOk>
        <PlayWhileUnSuccess>true</PlayWhileUnSuccess>
        <AssociateMission />
        <Loop>false</Loop>
        <MaxRunningTime>0</MaxRunningTime>
        <OnlyOneConditionMustBeGood>false</OnlyOneConditionMustBeGood>
        <OnlyDoneByServer>false</OnlyDoneByServer>
        <Conditions />
        <HotSpots />
        <MissionId>M8_Handoff_Underdark_Hub</MissionId>
        <GiverId>Adventurer_Protector_Bruenor</GiverId>
        <GiverPosition>
          <X>586</X>
          <Y>297</Y>
          <Z>0.9741211</Z>
        </GiverPosition>
      </Action>
      <Action xsi:type="ActionPack">
        <ActionID>adf73f1d-87e6-43a0-9c66-2f3d5529de86</ActionID>
        <OverrideName>Ихор и фаэрзресс</OverrideName>
        <Sound>
          <SoundName />
          <Trigger>OnActionCompleted</Trigger>
        </Sound>
        <Disabled>false</Disabled>
        <PlayWhileConditionsAreOk>false</PlayWhileConditionsAreOk>
        <PlayWhileUnSuccess>true</PlayWhileUnSuccess>
        <AssociateMission />
        <Loop>false</Loop>
        <MaxRunningTime>0</MaxRunningTime>
        <OnlyOneConditionMustBeGood>false</OnlyOneConditionMustBeGood>
        <OnlyDoneByServer>false</OnlyDoneByServer>
        <Conditions />
        <HotSpots />
        <Actions>
          <Action xsi:type="PickUpMission">
            <ActionID>8045402b-3242-4799-a3e1-46cbaa682c53</ActionID>
            <OverrideName />
            <Sound>
              <SoundName />
              <Trigger>OnActionCompleted</Trigger>
            </Sound>
            <Disabled>false</Disabled>
            <PlayWhileConditionsAreOk>true</PlayWhileConditionsAreOk>
            <PlayWhileUnSuccess>true</PlayWhileUnSuccess>
            <AssociateMission />
            <Loop>false</Loop>
            <MaxRunningTime>0</MaxRunningTime>
            <OnlyOneConditionMustBeGood>false</OnlyOneConditionMustBeGood>
            <OnlyDoneByServer>false</OnlyDoneByServer>
            <Conditions />
            <HotSpots />
            <MissionId>M8_Campaign_Tutorial</MissionId>
            <SkipOnFail>false</SkipOnFail>
            <GiverId>Adventurer_Protector_Bruenor</GiverId>
            <GiverPosition>
              <X>586</X>
              <Y>297</Y>
              <Z>0.9741211</Z>
            </GiverPosition>
          </Action>
          <Action xsi:type="InteractSpecificNPC">
            <ActionID>8c0e1079-f0de-4916-a445-a50e4971d633</ActionID>
            <OverrideName />
            <Sound>
              <SoundName />
              <Trigger>OnActionCompleted</Trigger>
            </Sound>
            <Disabled>false</Disabled>
            <PlayWhileConditionsAreOk>false</PlayWhileConditionsAreOk>
            <PlayWhileUnSuccess>true</PlayWhileUnSuccess>
            <AssociateMission />
            <Loop>false</Loop>
            <MaxRunningTime>0</MaxRunningTime>
            <OnlyOneConditionMustBeGood>false</OnlyOneConditionMustBeGood>
            <OnlyDoneByServer>false</OnlyDoneByServer>
            <Conditions />
            <HotSpots />
            <NPCCostume />
            <Dialogs>
              <string>SpecialDialog.action_5</string>
              <string>SpecialDialog.action_3</string>
            </Dialogs>
            <DisplayName>Торговец оружием</DisplayName>
            <Position>
              <X>326.9995</X>
              <Y>211</Y>
              <Z>5</Z>
            </Position>
            <InteractTime>2000</InteractTime>
            <Tolerance>1</Tolerance>
          </Action>
          <Action xsi:type="InteractSpecificNPC">
            <ActionID>0dcb8722-aea8-4f24-8db1-9c85fa6ae81c</ActionID>
            <OverrideName />
            <Sound>
              <SoundName />
              <Trigger>OnActionCompleted</Trigger>
            </Sound>
            <Disabled>false</Disabled>
            <PlayWhileConditionsAreOk>false</PlayWhileConditionsAreOk>
            <PlayWhileUnSuccess>true</PlayWhileUnSuccess>
            <AssociateMission />
            <Loop>false</Loop>
            <MaxRunningTime>0</MaxRunningTime>
            <OnlyOneConditionMustBeGood>false</OnlyOneConditionMustBeGood>
            <OnlyDoneByServer>false</OnlyDoneByServer>
            <Conditions />
            <HotSpots />
            <NPCCostume />
            <Dialogs>
              <string>SpecialDialog.action_5</string>
              <string>SpecialDialog.action_4</string>
            </Dialogs>
            <DisplayName>Торговец доспехами</DisplayName>
            <Position>
              <X>327.000977</X>
              <Y>263</Y>
              <Z>5</Z>
            </Position>
            <InteractTime>2000</InteractTime>
            <Tolerance>1</Tolerance>
          </Action>
          <Action xsi:type="InteractSpecificNPC">
            <ActionID>b528d220-6dfc-46f9-bd7e-26e678e86a08</ActionID>
            <OverrideName />
            <Sound>
              <SoundName />
              <Trigger>OnActionCompleted</Trigger>
            </Sound>
            <Disabled>false</Disabled>
            <PlayWhileConditionsAreOk>false</PlayWhileConditionsAreOk>
            <PlayWhileUnSuccess>true</PlayWhileUnSuccess>
            <AssociateMission />
            <Loop>false</Loop>
            <MaxRunningTime>0</MaxRunningTime>
            <OnlyOneConditionMustBeGood>false</OnlyOneConditionMustBeGood>
            <OnlyDoneByServer>false</OnlyDoneByServer>
            <Conditions />
            <HotSpots />
            <NPCCostume />
            <Dialogs>
              <string>OptionsList.SpecialDialog.Intro</string>
              <string>SpecialDialog.action_0</string>
              <string>SpecialDialog.action_3</string>
            </Dialogs>
            <DisplayName>Гразилакс</DisplayName>
            <Position>
              <X>314</X>
              <Y>498</Y>
              <Z>13.2438965</Z>
            </Position>
            <InteractTime>2000</InteractTime>
            <Tolerance>1</Tolerance>
          </Action>
          <Action xsi:type="TurnInMission">
            <ActionID>c5d9b047-2eed-446a-b14a-8231243ed641</ActionID>
            <OverrideName />
            <Sound>
              <SoundName />
              <Trigger>OnActionCompleted</Trigger>
            </Sound>
            <Disabled>false</Disabled>
            <PlayWhileConditionsAreOk>true</PlayWhileConditionsAreOk>
            <PlayWhileUnSuccess>true</PlayWhileUnSuccess>
            <AssociateMission />
            <Loop>false</Loop>
            <MaxRunningTime>0</MaxRunningTime>
            <OnlyOneConditionMustBeGood>false</OnlyOneConditionMustBeGood>
            <OnlyDoneByServer>false</OnlyDoneByServer>
            <Conditions />
            <HotSpots />
            <MissionId>M8_Campaign_Tutorial</MissionId>
            <GiverId>Adventurer_Protector_Bruenor</GiverId>
            <GiverPosition>
              <X>586</X>
              <Y>297</Y>
              <Z>0.9741211</Z>
            </GiverPosition>
          </Action>
        </Actions>
        <SimultaneousActions>false</SimultaneousActions>
      </Action>
      <Action xsi:type="ActionPack">
        <ActionID>6a363b00-ac53-4d0d-998b-3ed8d6dc2ae4</ActionID>
        <OverrideName>На защите Гонтагрима</OverrideName>
        <Sound>
          <SoundName />
          <Trigger>OnActionCompleted</Trigger>
        </Sound>
        <Disabled>false</Disabled>
        <PlayWhileConditionsAreOk>false</PlayWhileConditionsAreOk>
        <PlayWhileUnSuccess>true</PlayWhileUnSuccess>
        <AssociateMission />
        <Loop>false</Loop>
        <MaxRunningTime>0</MaxRunningTime>
        <OnlyOneConditionMustBeGood>false</OnlyOneConditionMustBeGood>
        <OnlyDoneByServer>false</OnlyDoneByServer>
        <Conditions />
        <HotSpots />
        <Actions>
          <Action xsi:type="PickUpMission">
            <ActionID>9684acb1-921d-401a-a9d4-df5266787ff5</ActionID>
            <OverrideName />
            <Sound>
              <SoundName />
              <Trigger>OnActionCompleted</Trigger>
            </Sound>
            <Disabled>false</Disabled>
            <PlayWhileConditionsAreOk>true</PlayWhileConditionsAreOk>
            <PlayWhileUnSuccess>true</PlayWhileUnSuccess>
            <AssociateMission />
            <Loop>false</Loop>
            <MaxRunningTime>0</MaxRunningTime>
            <OnlyOneConditionMustBeGood>false</OnlyOneConditionMustBeGood>
            <OnlyDoneByServer>false</OnlyDoneByServer>
            <Conditions />
            <HotSpots />
            <MissionId>M9_Fq_A1_Q1_Pm</MissionId>
            <SkipOnFail>false</SkipOnFail>
            <GiverId>Adventurer_Protector_Bruenor</GiverId>
            <GiverPosition>
              <X>586</X>
              <Y>297</Y>
              <Z>0.9741211</Z>
            </GiverPosition>
          </Action>
          <Action xsi:type="ChangeMap">
            <ActionID>04cd381a-c85d-4553-a568-beaa8fda3891</ActionID>
            <OverrideName />
            <Sound>
              <SoundName />
              <Trigger>OnActionCompleted</Trigger>
            </Sound>
            <Disabled>false</Disabled>
            <PlayWhileConditionsAreOk>false</PlayWhileConditionsAreOk>
            <PlayWhileUnSuccess>true</PlayWhileUnSuccess>
            <AssociateMission />
            <Loop>false</Loop>
            <MaxRunningTime>0</MaxRunningTime>
            <OnlyOneConditionMustBeGood>false</OnlyOneConditionMustBeGood>
            <OnlyDoneByServer>false</OnlyDoneByServer>
            <Conditions />
            <HotSpots />
            <NodePosition>
              <X>355.7811</X>
              <Y>-209.871628</Y>
              <Z>-56.4008</Z>
            </NodePosition>
            <MapName>M9_Und_Battle_Q1</MapName>
            <SecondMapName />
            <DisableVIPTravel>false</DisableVIPTravel>
            <NodeCategory />
          </Action>
          <Action xsi:type="TurnInMission">
            <ActionID>db8f0718-cc31-4b52-aa43-1036df17eb6b</ActionID>
            <OverrideName />
            <Sound>
              <SoundName />
              <Trigger>OnActionCompleted</Trigger>
            </Sound>
            <Disabled>false</Disabled>
            <PlayWhileConditionsAreOk>true</PlayWhileConditionsAreOk>
            <PlayWhileUnSuccess>true</PlayWhileUnSuccess>
            <AssociateMission />
            <Loop>false</Loop>
            <MaxRunningTime>0</MaxRunningTime>
            <OnlyOneConditionMustBeGood>false</OnlyOneConditionMustBeGood>
            <OnlyDoneByServer>false</OnlyDoneByServer>
            <Conditions />
            <HotSpots />
            <MissionId>M9_Fq_A1_Q1_Om</MissionId>
            <GiverId>Adventurer_Special_Drizztdourden</GiverId>
            <GiverPosition>
              <X>2330.86084</X>
              <Y>368.892822</Y>
              <Z>42.7768555</Z>
            </GiverPosition>
          </Action>
          <Action xsi:type="InteractSpecificNode">
            <ActionID>e13218a7-bc29-40b8-a2d5-b408d63f3921</ActionID>
            <OverrideName />
            <Sound>
              <SoundName />
              <Trigger>OnActionCompleted</Trigger>
            </Sound>
            <Disabled>false</Disabled>
            <PlayWhileConditionsAreOk>false</PlayWhileConditionsAreOk>
            <PlayWhileUnSuccess>true</PlayWhileUnSuccess>
            <AssociateMission />
            <Loop>false</Loop>
            <MaxRunningTime>0</MaxRunningTime>
            <OnlyOneConditionMustBeGood>false</OnlyOneConditionMustBeGood>
            <OnlyDoneByServer>false</OnlyDoneByServer>
            <Conditions />
            <HotSpots />
            <NodeCategory />
            <LocalizedName />
            <Dialogs />
            <InteractTime>1000</InteractTime>
            <Position>
              <X>2446.33936</X>
              <Y>433.475</Y>
              <Z>28.1509933</Z>
            </Position>
            <RewardItemChoose />
            <SkipTimeout>0</SkipTimeout>
          </Action>
          <Action xsi:type="InteractSpecificNode">
            <ActionID>0fe90d40-2046-4d7d-9315-a18b7330e6e0</ActionID>
            <OverrideName />
            <Sound>
              <SoundName />
              <Trigger>OnActionCompleted</Trigger>
            </Sound>
            <Disabled>false</Disabled>
            <PlayWhileConditionsAreOk>false</PlayWhileConditionsAreOk>
            <PlayWhileUnSuccess>true</PlayWhileUnSuccess>
            <AssociateMission>M9_Fq_A1_Q1_Om/Seal_Rifts/Seal_Rifts_01</AssociateMission>
            <Loop>false</Loop>
            <MaxRunningTime>0</MaxRunningTime>
            <OnlyOneConditionMustBeGood>false</OnlyOneConditionMustBeGood>
            <OnlyDoneByServer>false</OnlyDoneByServer>
            <Conditions />
            <HotSpots />
            <NodeCategory />
            <LocalizedName />
            <Dialogs />
            <InteractTime>1000</InteractTime>
            <Position>
              <X>2753.21216</X>
              <Y>364.022675</Y>
              <Z>30</Z>
            </Position>
            <RewardItemChoose />
            <SkipTimeout>0</SkipTimeout>
          </Action>
          <Action xsi:type="InteractSpecificNode">
            <ActionID>47f9fc16-3900-426c-8e23-e0e25a522dba</ActionID>
            <OverrideName />
            <Sound>
              <SoundName />
              <Trigger>OnActionCompleted</Trigger>
            </Sound>
            <Disabled>false</Disabled>
            <PlayWhileConditionsAreOk>false</PlayWhileConditionsAreOk>
            <PlayWhileUnSuccess>true</PlayWhileUnSuccess>
            <AssociateMission>M9_Fq_A1_Q1_Om/Seal_Rifts/Seal_Rifts_02</AssociateMission>
            <Loop>false</Loop>
            <MaxRunningTime>0</MaxRunningTime>
            <OnlyOneConditionMustBeGood>false</OnlyOneConditionMustBeGood>
            <OnlyDoneByServer>false</OnlyDoneByServer>
            <Conditions />
            <HotSpots />
            <NodeCategory />
            <LocalizedName />
            <Dialogs />
            <InteractTime>1000</InteractTime>
            <Position>
              <X>2943.6123</X>
              <Y>494.448181</Y>
              <Z>69.9993</Z>
            </Position>
            <RewardItemChoose />
            <SkipTimeout>0</SkipTimeout>
          </Action>
          <Action xsi:type="InteractSpecificNode">
            <ActionID>e08a5df9-b15d-4723-9827-a17ed5742980</ActionID>
            <OverrideName />
            <Sound>
              <SoundName />
              <Trigger>OnActionCompleted</Trigger>
            </Sound>
            <Disabled>false</Disabled>
            <PlayWhileConditionsAreOk>false</PlayWhileConditionsAreOk>
            <PlayWhileUnSuccess>true</PlayWhileUnSuccess>
            <AssociateMission>M9_Fq_A1_Q1_Om/Seal_Rifts/Seal_Rifts_03</AssociateMission>
            <Loop>false</Loop>
            <MaxRunningTime>0</MaxRunningTime>
            <OnlyOneConditionMustBeGood>false</OnlyOneConditionMustBeGood>
            <OnlyDoneByServer>false</OnlyDoneByServer>
            <Conditions />
            <HotSpots />
            <NodeCategory />
            <LocalizedName />
            <Dialogs />
            <InteractTime>1000</InteractTime>
            <Position>
              <X>3251.597</X>
              <Y>524.558</Y>
              <Z>93.257</Z>
            </Position>
            <RewardItemChoose />
            <SkipTimeout>0</SkipTimeout>
          </Action>
          <Action xsi:type="InteractSpecificNode">
            <ActionID>4241d2d7-c32e-4246-8c67-650868efd553</ActionID>
            <OverrideName />
            <Sound>
              <SoundName />
              <Trigger>OnActionCompleted</Trigger>
            </Sound>
            <Disabled>false</Disabled>
            <PlayWhileConditionsAreOk>false</PlayWhileConditionsAreOk>
            <PlayWhileUnSuccess>true</PlayWhileUnSuccess>
            <AssociateMission>M9_Fq_A1_Q1_Om/Confront_Lans</AssociateMission>
            <Loop>false</Loop>
            <MaxRunningTime>0</MaxRunningTime>
            <OnlyOneConditionMustBeGood>false</OnlyOneConditionMustBeGood>
            <OnlyDoneByServer>false</OnlyDoneByServer>
            <Conditions />
            <HotSpots />
            <NodeCategory />
            <LocalizedName />
            <Dialogs />
            <InteractTime>1000</InteractTime>
            <Position>
              <X>3312.28027</X>
              <Y>308.805664</Y>
              <Z>152.9302</Z>
            </Position>
            <RewardItemChoose />
            <SkipTimeout>0</SkipTimeout>
          </Action>
          <Action xsi:type="Grind">
            <ActionID>83b5162c-ef84-4408-adc0-37df979c6d15</ActionID>
            <OverrideName />
            <Sound>
              <SoundName />
              <Trigger>OnActionCompleted</Trigger>
            </Sound>
            <Disabled>false</Disabled>
            <PlayWhileConditionsAreOk>false</PlayWhileConditionsAreOk>
            <PlayWhileUnSuccess>true</PlayWhileUnSuccess>
            <AssociateMission>M9_Fq_A1_Q1_Om/Defeat_Lans</AssociateMission>
            <Loop>false</Loop>
            <MaxRunningTime>0</MaxRunningTime>
            <OnlyOneConditionMustBeGood>false</OnlyOneConditionMustBeGood>
            <OnlyDoneByServer>false</OnlyDoneByServer>
            <Conditions />
            <HotSpots>
              <Vector3>
                <X>3421.508</X>
                <Y>353.727</Y>
                <Z>162.8199</Z>
              </Vector3>
              <Vector3>
                <X>3458.278</X>
                <Y>382.845978</Y>
                <Z>162.798843</Z>
              </Vector3>
            </HotSpots>
          </Action>
          <Action xsi:type="MoveTo">
            <ActionID>ed5bf893-12e6-4fdf-827a-b15f06447805</ActionID>
            <OverrideName />
            <Sound>
              <SoundName />
              <Trigger>OnActionCompleted</Trigger>
            </Sound>
            <Disabled>false</Disabled>
            <PlayWhileConditionsAreOk>false</PlayWhileConditionsAreOk>
            <PlayWhileUnSuccess>true</PlayWhileUnSuccess>
            <AssociateMission>M9_Fq_A1_Q1_Om/Check_On_Bridge/Banter_02_Check</AssociateMission>
            <Loop>false</Loop>
            <MaxRunningTime>0</MaxRunningTime>
            <OnlyOneConditionMustBeGood>false</OnlyOneConditionMustBeGood>
            <OnlyDoneByServer>false</OnlyDoneByServer>
            <Conditions />
            <HotSpots />
            <Position>
              <X>3435.115</X>
              <Y>377.4871</Y>
              <Z>162.824585</Z>
            </Position>
            <Range>5</Range>
          </Action>
          <Action xsi:type="Grind">
            <ActionID>524753c2-3e6c-4189-879e-ce55bbb735a8</ActionID>
            <OverrideName />
            <Sound>
              <SoundName />
              <Trigger>OnActionCompleted</Trigger>
            </Sound>
            <Disabled>false</Disabled>
            <PlayWhileConditionsAreOk>false</PlayWhileConditionsAreOk>
            <PlayWhileUnSuccess>true</PlayWhileUnSuccess>
            <AssociateMission>M9_Fq_A1_Q1_Om/Cultists/Cultists_01</AssociateMission>
            <Loop>false</Loop>
            <MaxRunningTime>0</MaxRunningTime>
            <OnlyOneConditionMustBeGood>false</OnlyOneConditionMustBeGood>
            <OnlyDoneByServer>false</OnlyDoneByServer>
            <Conditions />
            <HotSpots>
              <Vector3>
                <X>2955.87524</X>
                <Y>466.581268</Y>
                <Z>67.95077</Z>
              </Vector3>
              <Vector3>
                <X>2931.41382</X>
                <Y>432.588226</Y>
                <Z>67.7803345</Z>
              </Vector3>
            </HotSpots>
          </Action>
          <Action xsi:type="Grind">
            <ActionID>9af6cc58-293d-4a00-81da-3ea996072043</ActionID>
            <OverrideName />
            <Sound>
              <SoundName />
              <Trigger>OnActionCompleted</Trigger>
            </Sound>
            <Disabled>false</Disabled>
            <PlayWhileConditionsAreOk>false</PlayWhileConditionsAreOk>
            <PlayWhileUnSuccess>true</PlayWhileUnSuccess>
            <AssociateMission>M9_Fq_A1_Q1_Om/Cultists/Cultists_02</AssociateMission>
            <Loop>false</Loop>
            <MaxRunningTime>0</MaxRunningTime>
            <OnlyOneConditionMustBeGood>false</OnlyOneConditionMustBeGood>
            <OnlyDoneByServer>false</OnlyDoneByServer>
            <Conditions />
            <HotSpots>
              <Vector3>
                <X>2924.65</X>
                <Y>353.946777</Y>
                <Z>67.96038</Z>
              </Vector3>
              <Vector3>
                <X>2910.60522</X>
                <Y>322.497742</Y>
                <Z>64.59683</Z>
              </Vector3>
            </HotSpots>
          </Action>
          <Action xsi:type="Grind">
            <ActionID>757b18c6-79bd-4761-8641-53931f5eddb2</ActionID>
            <OverrideName />
            <Sound>
              <SoundName />
              <Trigger>OnActionCompleted</Trigger>
            </Sound>
            <Disabled>false</Disabled>
            <PlayWhileConditionsAreOk>false</PlayWhileConditionsAreOk>
            <PlayWhileUnSuccess>true</PlayWhileUnSuccess>
            <AssociateMission>M9_Fq_A1_Q1_Om/Cultists/Cultists_03</AssociateMission>
            <Loop>false</Loop>
            <MaxRunningTime>0</MaxRunningTime>
            <OnlyOneConditionMustBeGood>false</OnlyOneConditionMustBeGood>
            <OnlyDoneByServer>false</OnlyDoneByServer>
            <Conditions />
            <HotSpots>
              <Vector3>
                <X>2863.216</X>
                <Y>289.235382</Y>
                <Z>46.9007034</Z>
              </Vector3>
              <Vector3>
                <X>2823.29883</X>
                <Y>294.031555</Y>
                <Z>29.24062</Z>
              </Vector3>
            </HotSpots>
          </Action>
          <Action xsi:type="Grind">
            <ActionID>3f37d7c1-a977-42ba-95a5-1cbdc40c5bf8</ActionID>
            <OverrideName />
            <Sound>
              <SoundName />
              <Trigger>OnActionCompleted</Trigger>
            </Sound>
            <Disabled>false</Disabled>
            <PlayWhileConditionsAreOk>false</PlayWhileConditionsAreOk>
            <PlayWhileUnSuccess>true</PlayWhileUnSuccess>
            <AssociateMission>M9_Fq_A1_Q1_Om/Cultists/Cultists_04</AssociateMission>
            <Loop>false</Loop>
            <MaxRunningTime>0</MaxRunningTime>
            <OnlyOneConditionMustBeGood>false</OnlyOneConditionMustBeGood>
            <OnlyDoneByServer>false</OnlyDoneByServer>
            <Conditions />
            <HotSpots>
              <Vector3>
                <X>2747.692</X>
                <Y>353.348755</Y>
                <Z>28.2320442</Z>
              </Vector3>
              <Vector3>
                <X>2713.74146</X>
                <Y>366.255432</Y>
                <Z>27.4684582</Z>
              </Vector3>
            </HotSpots>
          </Action>
          <Action xsi:type="Grind">
            <ActionID>500ee7b9-0ed1-4229-a5e0-3ebc899b5759</ActionID>
            <OverrideName />
            <Sound>
              <SoundName />
              <Trigger>OnActionCompleted</Trigger>
            </Sound>
            <Disabled>false</Disabled>
            <PlayWhileConditionsAreOk>false</PlayWhileConditionsAreOk>
            <PlayWhileUnSuccess>true</PlayWhileUnSuccess>
            <AssociateMission>M9_Fq_A1_Q1_Om/Demon_Ambush</AssociateMission>
            <Loop>false</Loop>
            <MaxRunningTime>0</MaxRunningTime>
            <OnlyOneConditionMustBeGood>false</OnlyOneConditionMustBeGood>
            <OnlyDoneByServer>false</OnlyDoneByServer>
            <Conditions />
            <HotSpots>
              <Vector3>
                <X>2784.22632</X>
                <Y>284.332764</Y>
                <Z>28.0242271</Z>
              </Vector3>
              <Vector3>
                <X>2813.47241</X>
                <Y>323.917633</Y>
                <Z>28.307579</Z>
              </Vector3>
            </HotSpots>
          </Action>
          <Action xsi:type="MoveTo">
            <ActionID>af5634bc-ef80-4606-b6cb-9cc505618114</ActionID>
            <OverrideName />
            <Sound>
              <SoundName />
              <Trigger>OnActionCompleted</Trigger>
            </Sound>
            <Disabled>false</Disabled>
            <PlayWhileConditionsAreOk>false</PlayWhileConditionsAreOk>
            <PlayWhileUnSuccess>true</PlayWhileUnSuccess>
            <AssociateMission>M9_Fq_A1_Q1_Om/Close_Bridge</AssociateMission>
            <Loop>false</Loop>
            <MaxRunningTime>0</MaxRunningTime>
            <OnlyOneConditionMustBeGood>false</OnlyOneConditionMustBeGood>
            <OnlyDoneByServer>false</OnlyDoneByServer>
            <Conditions />
            <HotSpots />
            <Position>
              <X>2651.35059</X>
              <Y>361.155548</Y>
              <Z>23.6950855</Z>
            </Position>
            <Range>5</Range>
          </Action>
          <Action xsi:type="InteractSpecificNPC">
            <ActionID>668acacc-29ef-4b9d-b9fc-cfededfe8bd5</ActionID>
            <OverrideName />
            <Sound>
              <SoundName />
              <Trigger>OnActionCompleted</Trigger>
            </Sound>
            <Disabled>false</Disabled>
            <PlayWhileConditionsAreOk>false</PlayWhileConditionsAreOk>
            <PlayWhileUnSuccess>true</PlayWhileUnSuccess>
            <AssociateMission />
            <Loop>false</Loop>
            <MaxRunningTime>0</MaxRunningTime>
            <OnlyOneConditionMustBeGood>false</OnlyOneConditionMustBeGood>
            <OnlyDoneByServer>false</OnlyDoneByServer>
            <Conditions />
            <HotSpots />
            <NPCCostume>Npc_Contact_Tiamat_Elf_F_Linulaneral_01</NPCCostume>
            <Dialogs>
              <string>SpecialDialog.action_0</string>
            </Dialogs>
            <DisplayName>Лину Ла'нерал</DisplayName>
            <Position>
              <X>2426.1543</X>
              <Y>378.8213</Y>
              <Z>27.2768555</Z>
            </Position>
            <InteractTime>2000</InteractTime>
            <Tolerance>1</Tolerance>
          </Action>
          <Action xsi:type="ChangeMap">
            <ActionID>721a2e1d-37a6-4fe9-b390-cc87c5d1a865</ActionID>
            <OverrideName />
            <Sound>
              <SoundName />
              <Trigger>OnActionCompleted</Trigger>
            </Sound>
            <Disabled>false</Disabled>
            <PlayWhileConditionsAreOk>false</PlayWhileConditionsAreOk>
            <PlayWhileUnSuccess>true</PlayWhileUnSuccess>
            <AssociateMission />
            <Loop>false</Loop>
            <MaxRunningTime>0</MaxRunningTime>
            <OnlyOneConditionMustBeGood>false</OnlyOneConditionMustBeGood>
            <OnlyDoneByServer>false</OnlyDoneByServer>
            <Conditions />
            <HotSpots />
            <NodePosition>
              <X>2279.04077</X>
              <Y>369.5843</Y>
              <Z>46.306</Z>
            </NodePosition>
            <MapName />
            <SecondMapName />
            <DisableVIPTravel>false</DisableVIPTravel>
            <NodeCategory />
          </Action>
          <Action xsi:type="TurnInMission">
            <ActionID>4b9b5879-73c3-4f18-9c8b-89d95ed6c2fa</ActionID>
            <OverrideName />
            <Sound>
              <SoundName />
              <Trigger>OnActionCompleted</Trigger>
            </Sound>
            <Disabled>false</Disabled>
            <PlayWhileConditionsAreOk>true</PlayWhileConditionsAreOk>
            <PlayWhileUnSuccess>true</PlayWhileUnSuccess>
            <AssociateMission />
            <Loop>false</Loop>
            <MaxRunningTime>0</MaxRunningTime>
            <OnlyOneConditionMustBeGood>false</OnlyOneConditionMustBeGood>
            <OnlyDoneByServer>false</OnlyDoneByServer>
            <Conditions />
            <HotSpots />
            <MissionId>M9_Fq_A1_Q1_Pm</MissionId>
            <GiverId>Adventurer_Protector_Bruenor</GiverId>
            <GiverPosition>
              <X>586</X>
              <Y>297</Y>
              <Z>0.9741211</Z>
            </GiverPosition>
          </Action>
        </Actions>
        <SimultaneousActions>false</SimultaneousActions>
      </Action>
      <Action xsi:type="ActionPack">
        <ActionID>a0d172f0-a244-48aa-84b5-daec6d656044</ActionID>
        <OverrideName>Меч правосудия</OverrideName>
        <Sound>
          <SoundName />
          <Trigger>OnActionCompleted</Trigger>
        </Sound>
        <Disabled>false</Disabled>
        <PlayWhileConditionsAreOk>false</PlayWhileConditionsAreOk>
        <PlayWhileUnSuccess>true</PlayWhileUnSuccess>
        <AssociateMission />
        <Loop>false</Loop>
        <MaxRunningTime>0</MaxRunningTime>
        <OnlyOneConditionMustBeGood>false</OnlyOneConditionMustBeGood>
        <OnlyDoneByServer>false</OnlyDoneByServer>
        <Conditions />
        <HotSpots />
        <Actions>
          <Action xsi:type="PickUpMission">
            <ActionID>912d8f11-7afa-406c-83f0-e3cd10fc7ee4</ActionID>
            <OverrideName />
            <Sound>
              <SoundName />
              <Trigger>OnActionCompleted</Trigger>
            </Sound>
            <Disabled>false</Disabled>
            <PlayWhileConditionsAreOk>true</PlayWhileConditionsAreOk>
            <PlayWhileUnSuccess>true</PlayWhileUnSuccess>
            <AssociateMission />
            <Loop>false</Loop>
            <MaxRunningTime>0</MaxRunningTime>
            <OnlyOneConditionMustBeGood>false</OnlyOneConditionMustBeGood>
            <OnlyDoneByServer>false</OnlyDoneByServer>
            <Conditions />
            <HotSpots />
            <MissionId>M9_Fq_A1_Q2_Pm</MissionId>
            <SkipOnFail>false</SkipOnFail>
            <GiverId>Adventurer_Protector_Bruenor</GiverId>
            <GiverPosition>
              <X>586</X>
              <Y>297</Y>
              <Z>0.9741211</Z>
            </GiverPosition>
          </Action>
          <Action xsi:type="ChangeMap">
            <ActionID>d44eb739-b470-4a74-b281-33ef91e7390b</ActionID>
            <OverrideName />
            <Sound>
              <SoundName />
              <Trigger>OnActionCompleted</Trigger>
            </Sound>
            <Disabled>false</Disabled>
            <PlayWhileConditionsAreOk>false</PlayWhileConditionsAreOk>
            <PlayWhileUnSuccess>true</PlayWhileUnSuccess>
            <AssociateMission />
            <Loop>false</Loop>
            <MaxRunningTime>0</MaxRunningTime>
            <OnlyOneConditionMustBeGood>false</OnlyOneConditionMustBeGood>
            <OnlyDoneByServer>false</OnlyDoneByServer>
            <Conditions />
            <HotSpots />
            <NodePosition>
              <X>288.650024</X>
              <Y>-149.096466</Y>
              <Z>-58.4811859</Z>
            </NodePosition>
            <MapName>Az_Ee_Gg</MapName>
            <SecondMapName />
            <DisableVIPTravel>false</DisableVIPTravel>
            <NodeCategory />
          </Action>
          <Action xsi:type="Grind">
            <ActionID>10e915da-f66e-47de-a429-af6f66f4583a</ActionID>
            <OverrideName />
            <Sound>
              <SoundName />
              <Trigger>OnActionCompleted</Trigger>
            </Sound>
            <Disabled>false</Disabled>
            <PlayWhileConditionsAreOk>false</PlayWhileConditionsAreOk>
            <PlayWhileUnSuccess>true</PlayWhileUnSuccess>
            <AssociateMission>M9_Fq_A1_Q2_Om/Main_Ui/Weaken_Army</AssociateMission>
            <Loop>false</Loop>
            <MaxRunningTime>0</MaxRunningTime>
            <OnlyOneConditionMustBeGood>false</OnlyOneConditionMustBeGood>
            <OnlyDoneByServer>false</OnlyDoneByServer>
            <Conditions />
            <HotSpots>
              <Vector3>
                <X>795.8546</X>
                <Y>488.002075</Y>
                <Z>139.833145</Z>
              </Vector3>
              <Vector3>
                <X>665.4664</X>
                <Y>458.476227</Y>
                <Z>148.552841</Z>
              </Vector3>
              <Vector3>
                <X>573.917053</X>
                <Y>206.444809</Y>
                <Z>191.250412</Z>
              </Vector3>
              <Vector3>
                <X>573.6656</X>
                <Y>173.658188</Y>
                <Z>190.9513</Z>
              </Vector3>
              <Vector3>
                <X>456.4248</X>
                <Y>266.855316</Y>
                <Z>228.7768</Z>
              </Vector3>
              <Vector3>
                <X>442.07312</X>
                <Y>474.5337</Y>
                <Z>198.917633</Z>
              </Vector3>
              <Vector3>
                <X>268.008728</X>
                <Y>464.3812</Y>
                <Z>246.304413</Z>
              </Vector3>
              <Vector3>
                <X>182.052246</X>
                <Y>429.801147</Y>
                <Z>246.27</Z>
              </Vector3>
            </HotSpots>
          </Action>
          <Action xsi:type="Grind">
            <ActionID>9f539c61-9178-4185-bc4e-331fe4dc20ac</ActionID>
            <OverrideName />
            <Sound>
              <SoundName />
              <Trigger>OnActionCompleted</Trigger>
            </Sound>
            <Disabled>false</Disabled>
            <PlayWhileConditionsAreOk>false</PlayWhileConditionsAreOk>
            <PlayWhileUnSuccess>true</PlayWhileUnSuccess>
            <AssociateMission>M9_Fq_A1_Q2_Om/Main_Ui/Defeat_Fire_Giants/Fire_Giant_01</AssociateMission>
            <Loop>false</Loop>
            <MaxRunningTime>0</MaxRunningTime>
            <OnlyOneConditionMustBeGood>false</OnlyOneConditionMustBeGood>
            <OnlyDoneByServer>false</OnlyDoneByServer>
            <Conditions />
            <HotSpots>
              <Vector3>
                <X>585.6279</X>
                <Y>434.40802</Y>
                <Z>172.458618</Z>
              </Vector3>
              <Vector3>
                <X>615.5579</X>
                <Y>421.413147</Y>
                <Z>173.092255</Z>
              </Vector3>
            </HotSpots>
          </Action>
          <Action xsi:type="Grind">
            <ActionID>14701656-ff72-479a-bf3f-c119e4ba40fe</ActionID>
            <OverrideName />
            <Sound>
              <SoundName />
              <Trigger>OnActionCompleted</Trigger>
            </Sound>
            <Disabled>false</Disabled>
            <PlayWhileConditionsAreOk>false</PlayWhileConditionsAreOk>
            <PlayWhileUnSuccess>true</PlayWhileUnSuccess>
            <AssociateMission>M9_Fq_A1_Q2_Om/Main_Ui/Defeat_Fire_Giants/Fire_Giant_02</AssociateMission>
            <Loop>false</Loop>
            <MaxRunningTime>0</MaxRunningTime>
            <OnlyOneConditionMustBeGood>false</OnlyOneConditionMustBeGood>
            <OnlyDoneByServer>false</OnlyDoneByServer>
            <Conditions />
            <HotSpots>
              <Vector3>
                <X>465.426117</X>
                <Y>244.2591</Y>
                <Z>228.7768</Z>
              </Vector3>
              <Vector3>
                <X>477.5015</X>
                <Y>291.14566</Y>
                <Z>228.7768</Z>
              </Vector3>
            </HotSpots>
          </Action>
          <Action xsi:type="Grind">
            <ActionID>0bb681fc-2e4f-4e20-8c0e-a135a937a98c</ActionID>
            <OverrideName />
            <Sound>
              <SoundName />
              <Trigger>OnActionCompleted</Trigger>
            </Sound>
            <Disabled>false</Disabled>
            <PlayWhileConditionsAreOk>false</PlayWhileConditionsAreOk>
            <PlayWhileUnSuccess>true</PlayWhileUnSuccess>
            <AssociateMission>M9_Fq_A1_Q2_Om/Main_Ui/Defeat_Fire_Giants/Fire_Giant_03</AssociateMission>
            <Loop>false</Loop>
            <MaxRunningTime>0</MaxRunningTime>
            <OnlyOneConditionMustBeGood>false</OnlyOneConditionMustBeGood>
            <OnlyDoneByServer>false</OnlyDoneByServer>
            <Conditions />
            <HotSpots />
          </Action>
          <Action xsi:type="Grind">
            <ActionID>50862294-a40b-4a63-bab8-ea122dfdab28</ActionID>
            <OverrideName />
            <Sound>
              <SoundName />
              <Trigger>OnActionCompleted</Trigger>
            </Sound>
            <Disabled>false</Disabled>
            <PlayWhileConditionsAreOk>false</PlayWhileConditionsAreOk>
            <PlayWhileUnSuccess>true</PlayWhileUnSuccess>
            <AssociateMission>M9_Fq_A1_Q2_Om/Main_Ui/Defeat_Fire_Giants/Fire_Giant_04</AssociateMission>
            <Loop>false</Loop>
            <MaxRunningTime>0</MaxRunningTime>
            <OnlyOneConditionMustBeGood>false</OnlyOneConditionMustBeGood>
            <OnlyDoneByServer>false</OnlyDoneByServer>
            <Conditions />
            <HotSpots>
              <Vector3>
                <X>162.754074</X>
                <Y>830.016357</Y>
                <Z>299.8149</Z>
              </Vector3>
              <Vector3>
                <X>138.269211</X>
                <Y>857.1831</Y>
                <Z>300</Z>
              </Vector3>
            </HotSpots>
          </Action>
          <Action xsi:type="InteractSpecificNode">
            <ActionID>83e351cf-a589-4397-8e7d-2fbc1a74cadc</ActionID>
            <OverrideName />
            <Sound>
              <SoundName />
              <Trigger>OnActionCompleted</Trigger>
            </Sound>
            <Disabled>false</Disabled>
            <PlayWhileConditionsAreOk>false</PlayWhileConditionsAreOk>
            <PlayWhileUnSuccess>true</PlayWhileUnSuccess>
            <AssociateMission>M9_Fq_A1_Q2_Om/Confront_Boss</AssociateMission>
            <Loop>false</Loop>
            <MaxRunningTime>0</MaxRunningTime>
            <OnlyOneConditionMustBeGood>false</OnlyOneConditionMustBeGood>
            <OnlyDoneByServer>false</OnlyDoneByServer>
            <Conditions />
            <HotSpots />
            <NodeCategory />
            <LocalizedName />
            <Dialogs />
            <InteractTime>1000</InteractTime>
            <Position>
              <X>159.644379</X>
              <Y>894.179565</Y>
              <Z>306.6813</Z>
            </Position>
            <RewardItemChoose />
            <SkipTimeout>0</SkipTimeout>
          </Action>
          <Action xsi:type="Grind">
            <ActionID>fc51639e-c59f-4175-bff2-d9bdba1f3c27</ActionID>
            <OverrideName />
            <Sound>
              <SoundName />
              <Trigger>OnActionCompleted</Trigger>
            </Sound>
            <Disabled>false</Disabled>
            <PlayWhileConditionsAreOk>false</PlayWhileConditionsAreOk>
            <PlayWhileUnSuccess>true</PlayWhileUnSuccess>
            <AssociateMission>M9_Fq_A1_Q2_Om/Defeat_General_Fury</AssociateMission>
            <Loop>false</Loop>
            <MaxRunningTime>0</MaxRunningTime>
            <OnlyOneConditionMustBeGood>false</OnlyOneConditionMustBeGood>
            <OnlyDoneByServer>false</OnlyDoneByServer>
            <Conditions />
            <HotSpots>
              <Vector3>
                <X>182.234879</X>
                <Y>1065.49451</Y>
                <Z>300.6575</Z>
              </Vector3>
              <Vector3>
                <X>142.72728</X>
                <Y>1063.87512</Y>
                <Z>302.5446</Z>
              </Vector3>
              <Vector3>
                <X>147.1511</X>
                <Y>1086.32141</Y>
                <Z>304.305054</Z>
              </Vector3>
            </HotSpots>
          </Action>
          <Action xsi:type="InteractSpecificNPC">
            <ActionID>0f01577c-e1ab-4d97-965d-789151978d07</ActionID>
            <OverrideName />
            <Sound>
              <SoundName />
              <Trigger>OnActionCompleted</Trigger>
            </Sound>
            <Disabled>false</Disabled>
            <PlayWhileConditionsAreOk>false</PlayWhileConditionsAreOk>
            <PlayWhileUnSuccess>true</PlayWhileUnSuccess>
            <AssociateMission />
            <Loop>false</Loop>
            <MaxRunningTime>0</MaxRunningTime>
            <OnlyOneConditionMustBeGood>false</OnlyOneConditionMustBeGood>
            <OnlyDoneByServer>false</OnlyDoneByServer>
            <Conditions />
            <HotSpots />
            <NPCCostume />
            <Dialogs>
              <string>SpecialDialog.action_0</string>
            </Dialogs>
            <DisplayName>Лукас Шэйнвэй III</DisplayName>
            <Position>
              <X>75.4572754</X>
              <Y>1060.85938</Y>
              <Z>317.138184</Z>
            </Position>
            <InteractTime>2000</InteractTime>
            <Tolerance>1</Tolerance>
          </Action>
          <Action xsi:type="InteractSpecificNode">
            <ActionID>c99b45e1-b15d-4bf0-97bf-b79418796f94</ActionID>
            <OverrideName />
            <Sound>
              <SoundName />
              <Trigger>OnActionCompleted</Trigger>
            </Sound>
            <Disabled>false</Disabled>
            <PlayWhileConditionsAreOk>false</PlayWhileConditionsAreOk>
            <PlayWhileUnSuccess>true</PlayWhileUnSuccess>
            <AssociateMission />
            <Loop>false</Loop>
            <MaxRunningTime>0</MaxRunningTime>
            <OnlyOneConditionMustBeGood>false</OnlyOneConditionMustBeGood>
            <OnlyDoneByServer>false</OnlyDoneByServer>
            <Conditions />
            <HotSpots />
            <NodeCategory />
            <LocalizedName />
            <Dialogs />
            <InteractTime>1000</InteractTime>
            <Position>
              <X>35.724</X>
              <Y>1057.62524</Y>
              <Z>320.253</Z>
            </Position>
            <RewardItemChoose />
            <SkipTimeout>0</SkipTimeout>
          </Action>
          <Action xsi:type="TurnInMission">
            <ActionID>ecc11ebe-0e97-4250-aac0-cce9ef62a987</ActionID>
            <OverrideName />
            <Sound>
              <SoundName />
              <Trigger>OnActionCompleted</Trigger>
            </Sound>
            <Disabled>false</Disabled>
            <PlayWhileConditionsAreOk>true</PlayWhileConditionsAreOk>
            <PlayWhileUnSuccess>true</PlayWhileUnSuccess>
            <AssociateMission />
            <Loop>false</Loop>
            <MaxRunningTime>0</MaxRunningTime>
            <OnlyOneConditionMustBeGood>false</OnlyOneConditionMustBeGood>
            <OnlyDoneByServer>false</OnlyDoneByServer>
            <Conditions />
            <HotSpots />
            <MissionId>M9_Fq_A1_Q2_Pm</MissionId>
            <GiverId>Adventurer_Protector_Bruenor</GiverId>
            <GiverPosition>
              <X>586</X>
              <Y>297</Y>
              <Z>0.9741211</Z>
            </GiverPosition>
          </Action>
        </Actions>
        <SimultaneousActions>false</SimultaneousActions>
      </Action>
      <Action xsi:type="ActionPack">
        <ActionID>195b4844-298d-455a-af1c-bcd90686ab7d</ActionID>
        <OverrideName>Глубины безумия</OverrideName>
        <Sound>
          <SoundName />
          <Trigger>OnActionCompleted</Trigger>
        </Sound>
        <Disabled>false</Disabled>
        <PlayWhileConditionsAreOk>false</PlayWhileConditionsAreOk>
        <PlayWhileUnSuccess>true</PlayWhileUnSuccess>
        <AssociateMission />
        <Loop>false</Loop>
        <MaxRunningTime>0</MaxRunningTime>
        <OnlyOneConditionMustBeGood>false</OnlyOneConditionMustBeGood>
        <OnlyDoneByServer>false</OnlyDoneByServer>
        <Conditions />
        <HotSpots />
        <Actions>
          <Action xsi:type="PickUpMission">
            <ActionID>8dca2fa6-4f22-453e-a14c-021f0083d66d</ActionID>
            <OverrideName />
            <Sound>
              <SoundName />
              <Trigger>OnActionCompleted</Trigger>
            </Sound>
            <Disabled>false</Disabled>
            <PlayWhileConditionsAreOk>true</PlayWhileConditionsAreOk>
            <PlayWhileUnSuccess>true</PlayWhileUnSuccess>
            <AssociateMission />
            <Loop>false</Loop>
            <MaxRunningTime>0</MaxRunningTime>
            <OnlyOneConditionMustBeGood>false</OnlyOneConditionMustBeGood>
            <OnlyDoneByServer>false</OnlyDoneByServer>
            <Conditions />
            <HotSpots />
            <MissionId>M9_Fq_A1_Q3_Pm</MissionId>
            <SkipOnFail>false</SkipOnFail>
            <GiverId>Adventurer_Protector_Bruenor</GiverId>
            <GiverPosition>
              <X>586</X>
              <Y>297</Y>
              <Z>0.9741211</Z>
            </GiverPosition>
          </Action>
          <Action xsi:type="ChangeMap">
            <ActionID>65019405-d45a-428e-be0e-187ae401d2dc</ActionID>
            <OverrideName />
            <Sound>
              <SoundName />
              <Trigger>OnActionCompleted</Trigger>
            </Sound>
            <Disabled>false</Disabled>
            <PlayWhileConditionsAreOk>false</PlayWhileConditionsAreOk>
            <PlayWhileUnSuccess>true</PlayWhileUnSuccess>
            <AssociateMission />
            <Loop>false</Loop>
            <MaxRunningTime>0</MaxRunningTime>
            <OnlyOneConditionMustBeGood>false</OnlyOneConditionMustBeGood>
            <OnlyDoneByServer>false</OnlyDoneByServer>
            <Conditions />
            <HotSpots />
            <NodePosition>
              <X>288.650024</X>
              <Y>-149.096466</Y>
              <Z>-58.4811859</Z>
            </NodePosition>
            <MapName>M9_Az_Chasm_Exterior_A1_Q3</MapName>
            <SecondMapName />
            <DisableVIPTravel>false</DisableVIPTravel>
            <NodeCategory />
          </Action>
        </Actions>
        <SimultaneousActions>false</SimultaneousActions>
      </Action>
    </Actions>
    <SimultaneousActions>false</SimultaneousActions>
  </MainActionPack>
  <Saved>true</Saved>
</Profile>