<?xml version="1.0"?>
<Profile xmlns:xsi="http://www.w3.org/2001/XMLSchema-instance" xmlns:xsd="http://www.w3.org/2001/XMLSchema">
  <Vendors />
  <BlackList />
  <KillRadius>20</KillRadius>
  <CustomRegions />
  <UseExternalMeshFile>false</UseExternalMeshFile>
  <ExternalMeshFileName />
  <DisablePet>false</DisablePet>
  <FollowerDistance>10</FollowerDistance>
  <DisableFollow>false</DisableFollow>
  <MainActionPack>
    <ActionID>dec2dd1f-7540-4602-97ac-646e4706e7bb</ActionID>
    <OverrideName />
    <Sound>
      <SoundName />
      <Trigger>OnActionCompleted</Trigger>
    </Sound>
    <Disabled>false</Disabled>
    <PlayWhileConditionsAreOk>false</PlayWhileConditionsAreOk>
    <PlayWhileUnSuccess>true</PlayWhileUnSuccess>
    <AssociateMission />
    <Loop>false</Loop>
    <MaxRunningTime>0</MaxRunningTime>
    <OnlyOneConditionMustBeGood>false</OnlyOneConditionMustBeGood>
    <OnlyDoneByServer>false</OnlyDoneByServer>
    <Conditions />
    <HotSpots />
    <Actions>
      <Action xsi:type="Grind">
        <ActionID>6339f533-f757-4953-8823-0222277d5509</ActionID>
        <OverrideName />
        <Sound>
          <SoundName />
          <Trigger>OnActionCompleted</Trigger>
        </Sound>
        <Disabled>false</Disabled>
        <PlayWhileConditionsAreOk>false</PlayWhileConditionsAreOk>
        <PlayWhileUnSuccess>true</PlayWhileUnSuccess>
        <AssociateMission />
        <Loop>false</Loop>
        <MaxRunningTime>0</MaxRunningTime>
        <OnlyOneConditionMustBeGood>false</OnlyOneConditionMustBeGood>
        <OnlyDoneByServer>false</OnlyDoneByServer>
        <Conditions />
        <HotSpots>
          <Vector3>
            <X>1815.16455</X>
            <Y>5322.46973</Y>
            <Z>78.1489258</Z>
          </Vector3>
          <Vector3>
            <X>1835.14917</X>
            <Y>5385.171</Y>
            <Z>85.22937</Z>
          </Vector3>
          <Vector3>
            <X>2062.896</X>
            <Y>5532.401</Y>
            <Z>92.02172</Z>
          </Vector3>
          <Vector3>
            <X>2087.54028</X>
            <Y>5616.67432</Y>
            <Z>108.941544</Z>
          </Vector3>
          <Vector3>
            <X>2045.32336</X>
            <Y>5712.36572</Y>
            <Z>102.1618</Z>
          </Vector3>
          <Vector3>
            <X>1924.3252</X>
            <Y>5732.524</Y>
            <Z>101.842552</Z>
          </Vector3>
          <Vector3>
            <X>1881.78613</X>
            <Y>5617.97559</Y>
            <Z>88.2364</Z>
          </Vector3>
          <Vector3>
            <X>1898.44885</X>
            <Y>5386.44873</Y>
            <Z>80.7829742</Z>
          </Vector3>
        </HotSpots>
      </Action>
      <Action xsi:type="Grind">
        <ActionID>66c1be5f-1404-494a-be53-bea12872d05d</ActionID>
        <OverrideName />
        <Sound>
          <SoundName />
          <Trigger>OnActionCompleted</Trigger>
        </Sound>
        <Disabled>false</Disabled>
        <PlayWhileConditionsAreOk>false</PlayWhileConditionsAreOk>
        <PlayWhileUnSuccess>true</PlayWhileUnSuccess>
        <AssociateMission />
        <Loop>false</Loop>
        <MaxRunningTime>0</MaxRunningTime>
        <OnlyOneConditionMustBeGood>false</OnlyOneConditionMustBeGood>
        <OnlyDoneByServer>false</OnlyDoneByServer>
        <Conditions />
        <HotSpots>
          <Vector3>
            <X>1977.93066</X>
            <Y>5642.08643</Y>
            <Z>77.79661</Z>
          </Vector3>
          <Vector3>
            <X>1965.46069</X>
            <Y>5698.91846</Y>
            <Z>86.91399</Z>
          </Vector3>
          <Vector3>
            <X>1933.898</X>
            <Y>5663.82959</Y>
            <Z>79.66567</Z>
          </Vector3>
        </HotSpots>
      </Action>
      <Action xsi:type="GoToAction">
        <ActionID>70fd4584-ddf9-4bb3-aed2-b9c641d63446</ActionID>
        <OverrideName />
        <Sound>
          <SoundName />
          <Trigger>OnActionCompleted</Trigger>
        </Sound>
        <Disabled>false</Disabled>
        <PlayWhileConditionsAreOk>false</PlayWhileConditionsAreOk>
        <PlayWhileUnSuccess>true</PlayWhileUnSuccess>
        <AssociateMission />
        <Loop>false</Loop>
        <MaxRunningTime>0</MaxRunningTime>
        <OnlyOneConditionMustBeGood>false</OnlyOneConditionMustBeGood>
        <OnlyDoneByServer>true</OnlyDoneByServer>
        <Conditions />
        <HotSpots />
        <ResetAllCompletedActions>false</ResetAllCompletedActions>
        <DestinationActionID>6339f533-f757-4953-8823-0222277d5509</DestinationActionID>
      </Action>
    </Actions>
    <SimultaneousActions>false</SimultaneousActions>
  </MainActionPack>
  <Saved>true</Saved>
</Profile>