<?xml version="1.0"?>
<Profile xmlns:xsi="http://www.w3.org/2001/XMLSchema-instance" xmlns:xsd="http://www.w3.org/2001/XMLSchema">
  <Vendors />
  <BlackList />
  <KillRadius>20</KillRadius>
  <CustomRegions />
  <UseExternalMeshFile>false</UseExternalMeshFile>
  <ExternalMeshFileName />
  <DisablePet>false</DisablePet>
  <FollowerDistance>10</FollowerDistance>
  <DisableFollow>false</DisableFollow>
  <MainActionPack>
    <ActionID>01510c71-3d96-4675-bf3e-00c6880e3b7e</ActionID>
    <OverrideName />
    <Sound>
      <SoundName />
      <Trigger>OnActionCompleted</Trigger>
    </Sound>
    <Disabled>false</Disabled>
    <PlayWhileConditionsAreOk>false</PlayWhileConditionsAreOk>
    <PlayWhileUnSuccess>true</PlayWhileUnSuccess>
    <AssociateMission />
    <Loop>false</Loop>
    <MaxRunningTime>0</MaxRunningTime>
    <OnlyOneConditionMustBeGood>false</OnlyOneConditionMustBeGood>
    <OnlyDoneByServer>false</OnlyDoneByServer>
    <Conditions />
    <HotSpots />
    <Actions>
      <Action xsi:type="InteractSpecificNode">
        <ActionID>c645570a-2fb3-4950-8af7-c4abeecf2083</ActionID>
        <OverrideName>Ouvrir coffre</OverrideName>
        <Sound>
          <SoundName />
          <Trigger>OnActionCompleted</Trigger>
        </Sound>
        <Disabled>false</Disabled>
        <PlayWhileConditionsAreOk>false</PlayWhileConditionsAreOk>
        <PlayWhileUnSuccess>true</PlayWhileUnSuccess>
        <AssociateMission />
        <Loop>false</Loop>
        <MaxRunningTime>0</MaxRunningTime>
        <OnlyOneConditionMustBeGood>false</OnlyOneConditionMustBeGood>
        <OnlyDoneByServer>false</OnlyDoneByServer>
        <Conditions />
        <HotSpots />
        <NodeCategory>Loot</NodeCategory>
        <LocalizedName>Coffre aux trésors</LocalizedName>
        <Dialogs>
          <string>ViewSubMission.Continue</string>
        </Dialogs>
        <InteractTime>1000</InteractTime>
        <Position>
          <X>1039.90356</X>
          <Y>2747.399</Y>
          <Z>-140.9089</Z>
        </Position>
        <RewardItemChoose />
        <SkipTimeout>0</SkipTimeout>
      </Action>
      <Action xsi:type="InteractSpecificNode">
        <ActionID>52f40540-d0e4-496f-adbd-ab1ff1ae666f</ActionID>
        <OverrideName>Sortie</OverrideName>
        <Sound>
          <SoundName />
          <Trigger>OnActionCompleted</Trigger>
        </Sound>
        <Disabled>false</Disabled>
        <PlayWhileConditionsAreOk>false</PlayWhileConditionsAreOk>
        <PlayWhileUnSuccess>true</PlayWhileUnSuccess>
        <AssociateMission />
        <Loop>false</Loop>
        <MaxRunningTime>0</MaxRunningTime>
        <OnlyOneConditionMustBeGood>false</OnlyOneConditionMustBeGood>
        <OnlyDoneByServer>false</OnlyDoneByServer>
        <Conditions />
        <HotSpots />
        <NodeCategory />
        <LocalizedName />
        <Dialogs />
        <InteractTime>1000</InteractTime>
        <Position>
          <X>1023.35724</X>
          <Y>2794.4856</Y>
          <Z>-127</Z>
        </Position>
        <RewardItemChoose />
        <SkipTimeout>0</SkipTimeout>
      </Action>
      <Action xsi:type="SpecialAction">
        <ActionID>47063623-0afd-42ed-b9b7-af3a5763c424</ActionID>
        <OverrideName>Quitter groupe</OverrideName>
        <Sound>
          <SoundName />
          <Trigger>OnActionCompleted</Trigger>
        </Sound>
        <Disabled>false</Disabled>
        <PlayWhileConditionsAreOk>false</PlayWhileConditionsAreOk>
        <PlayWhileUnSuccess>true</PlayWhileUnSuccess>
        <AssociateMission />
        <Loop>false</Loop>
        <MaxRunningTime>0</MaxRunningTime>
        <OnlyOneConditionMustBeGood>false</OnlyOneConditionMustBeGood>
        <OnlyDoneByServer>false</OnlyDoneByServer>
        <Conditions />
        <HotSpots />
        <Action>LeaveTeam</Action>
      </Action>
      <Action xsi:type="SpecialAction">
        <ActionID>5d31e7f8-bb81-4d57-88ad-93deaae26dd1</ActionID>
        <OverrideName>Quitter groupe de file</OverrideName>
        <Sound>
          <SoundName />
          <Trigger>OnActionCompleted</Trigger>
        </Sound>
        <Disabled>false</Disabled>
        <PlayWhileConditionsAreOk>false</PlayWhileConditionsAreOk>
        <PlayWhileUnSuccess>true</PlayWhileUnSuccess>
        <AssociateMission />
        <Loop>false</Loop>
        <MaxRunningTime>0</MaxRunningTime>
        <OnlyOneConditionMustBeGood>false</OnlyOneConditionMustBeGood>
        <OnlyDoneByServer>false</OnlyDoneByServer>
        <Conditions />
        <HotSpots />
        <Action>LeaveMatchGroup</Action>
      </Action>
      <Action xsi:type="SpecialAction">
        <ActionID>476e21be-3230-4d64-ad36-a8dcdbe943e6</ActionID>
        <OverrideName>Arrêt Bot</OverrideName>
        <Sound>
          <SoundName />
          <Trigger>OnActionCompleted</Trigger>
        </Sound>
        <Disabled>false</Disabled>
        <PlayWhileConditionsAreOk>false</PlayWhileConditionsAreOk>
        <PlayWhileUnSuccess>true</PlayWhileUnSuccess>
        <AssociateMission />
        <Loop>false</Loop>
        <MaxRunningTime>0</MaxRunningTime>
        <OnlyOneConditionMustBeGood>false</OnlyOneConditionMustBeGood>
        <OnlyDoneByServer>false</OnlyDoneByServer>
        <Conditions />
        <HotSpots />
        <Action>StopBot</Action>
      </Action>
    </Actions>
    <SimultaneousActions>false</SimultaneousActions>
  </MainActionPack>
  <Saved>true</Saved>
</Profile>