<?xml version="1.0"?>
<Profile xmlns:xsi="http://www.w3.org/2001/XMLSchema-instance" xmlns:xsd="http://www.w3.org/2001/XMLSchema">
  <Vendors />
  <BlackList />
  <KillRadius>20</KillRadius>
  <CustomRegions />
  <UseExternalMeshFile>false</UseExternalMeshFile>
  <ExternalMeshFileName />
  <DisablePet>false</DisablePet>
  <FollowerDistance>10</FollowerDistance>
  <DisableFollow>false</DisableFollow>
  <MainActionPack>
    <ActionID>7ab09761-217e-4a88-8151-a7cd58aec80e</ActionID>
    <OverrideName />
    <Sound>
      <SoundName />
      <Trigger>OnActionCompleted</Trigger>
    </Sound>
    <Disabled>false</Disabled>
    <PlayWhileConditionsAreOk>false</PlayWhileConditionsAreOk>
    <PlayWhileUnSuccess>true</PlayWhileUnSuccess>
    <AssociateMission />
    <Loop>false</Loop>
    <MaxRunningTime>0</MaxRunningTime>
    <OnlyOneConditionMustBeGood>false</OnlyOneConditionMustBeGood>
    <OnlyDoneByServer>false</OnlyDoneByServer>
    <Conditions />
    <HotSpots />
    <Actions>
      <Action xsi:type="InteractSpecificNode">
        <ActionID>56c06fbb-0aca-42b2-b662-17477cb7c732</ActionID>
        <OverrideName />
        <Sound>
          <SoundName />
          <Trigger>OnActionCompleted</Trigger>
        </Sound>
        <Disabled>false</Disabled>
        <PlayWhileConditionsAreOk>false</PlayWhileConditionsAreOk>
        <PlayWhileUnSuccess>true</PlayWhileUnSuccess>
        <AssociateMission />
        <Loop>false</Loop>
        <MaxRunningTime>0</MaxRunningTime>
        <OnlyOneConditionMustBeGood>false</OnlyOneConditionMustBeGood>
        <OnlyDoneByServer>false</OnlyDoneByServer>
        <Conditions />
        <HotSpots />
        <NodeCategory>Door</NodeCategory>
        <LocalizedName />
        <Dialogs />
        <InteractTime>1000</InteractTime>
        <Position>
          <X>902.0675</X>
          <Y>1332.672</Y>
          <Z>182.82991</Z>
        </Position>
        <RewardItemChoose />
        <SkipTimeout>0</SkipTimeout>
      </Action>
      <Action xsi:type="PickUpMission">
        <ActionID>fdb8d5c8-fcf1-445a-8abd-8212d1f7225d</ActionID>
        <OverrideName />
        <Sound>
          <SoundName />
          <Trigger>OnActionCompleted</Trigger>
        </Sound>
        <Disabled>false</Disabled>
        <PlayWhileConditionsAreOk>true</PlayWhileConditionsAreOk>
        <PlayWhileUnSuccess>true</PlayWhileUnSuccess>
        <AssociateMission />
        <Loop>false</Loop>
        <MaxRunningTime>0</MaxRunningTime>
        <OnlyOneConditionMustBeGood>false</OnlyOneConditionMustBeGood>
        <OnlyDoneByServer>false</OnlyDoneByServer>
        <Conditions />
        <HotSpots />
        <MissionId>Scc_Deed_Intro</MissionId>
        <SkipOnFail>false</SkipOnFail>
        <GiverId>Scc_Seer_Contact</GiverId>
        <GiverPosition>
          <X>-799.759766</X>
          <Y>43.9082031</Y>
          <Z>-5080</Z>
        </GiverPosition>
      </Action>
      <Action xsi:type="TurnInMission">
        <ActionID>06e7fdb9-d3b9-420a-9596-02ba690d7f7c</ActionID>
        <OverrideName />
        <Sound>
          <SoundName />
          <Trigger>OnActionCompleted</Trigger>
        </Sound>
        <Disabled>false</Disabled>
        <PlayWhileConditionsAreOk>true</PlayWhileConditionsAreOk>
        <PlayWhileUnSuccess>true</PlayWhileUnSuccess>
        <AssociateMission />
        <Loop>false</Loop>
        <MaxRunningTime>0</MaxRunningTime>
        <OnlyOneConditionMustBeGood>false</OnlyOneConditionMustBeGood>
        <OnlyDoneByServer>false</OnlyDoneByServer>
        <Conditions />
        <HotSpots />
        <MissionId>Scc_Deed_Intro</MissionId>
        <GiverId>Scc_Seer_Contact</GiverId>
        <GiverPosition>
          <X>-799.759766</X>
          <Y>43.9082031</Y>
          <Z>-5080</Z>
        </GiverPosition>
      </Action>
      <Action xsi:type="PickUpMission">
        <ActionID>6a24c4f7-7cfd-4291-be2b-b8b000943f57</ActionID>
        <OverrideName />
        <Sound>
          <SoundName />
          <Trigger>OnActionCompleted</Trigger>
        </Sound>
        <Disabled>false</Disabled>
        <PlayWhileConditionsAreOk>true</PlayWhileConditionsAreOk>
        <PlayWhileUnSuccess>true</PlayWhileUnSuccess>
        <AssociateMission />
        <Loop>false</Loop>
        <MaxRunningTime>0</MaxRunningTime>
        <OnlyOneConditionMustBeGood>false</OnlyOneConditionMustBeGood>
        <OnlyDoneByServer>false</OnlyDoneByServer>
        <Conditions />
        <HotSpots />
        <MissionId>Scc_Intro_Campaign_Task_1</MissionId>
        <SkipOnFail>false</SkipOnFail>
        <GiverId>Scc_Seer_Contact</GiverId>
        <GiverPosition>
          <X>-799.759766</X>
          <Y>43.9082031</Y>
          <Z>-5080</Z>
        </GiverPosition>
      </Action>
      <Action xsi:type="ActionPack">
        <ActionID>fb0223a0-56d9-4937-bba0-b405ebe07c7e</ActionID>
        <OverrideName />
        <Sound>
          <SoundName />
          <Trigger>OnActionCompleted</Trigger>
        </Sound>
        <Disabled>false</Disabled>
        <PlayWhileConditionsAreOk>false</PlayWhileConditionsAreOk>
        <PlayWhileUnSuccess>true</PlayWhileUnSuccess>
        <AssociateMission />
        <Loop>false</Loop>
        <MaxRunningTime>0</MaxRunningTime>
        <OnlyOneConditionMustBeGood>false</OnlyOneConditionMustBeGood>
        <OnlyDoneByServer>false</OnlyDoneByServer>
        <Conditions />
        <HotSpots />
        <Actions>
          <Action xsi:type="InteractSpecificNode">
            <ActionID>b3ba3c04-6dee-4b7b-a358-5c1118b5da06</ActionID>
            <OverrideName />
            <Sound>
              <SoundName />
              <Trigger>OnActionCompleted</Trigger>
            </Sound>
            <Disabled>false</Disabled>
            <PlayWhileConditionsAreOk>false</PlayWhileConditionsAreOk>
            <PlayWhileUnSuccess>true</PlayWhileUnSuccess>
            <AssociateMission />
            <Loop>false</Loop>
            <MaxRunningTime>0</MaxRunningTime>
            <OnlyOneConditionMustBeGood>false</OnlyOneConditionMustBeGood>
            <OnlyDoneByServer>false</OnlyDoneByServer>
            <Conditions />
            <HotSpots />
            <NodeCategory>Door</NodeCategory>
            <LocalizedName />
            <Dialogs />
            <InteractTime>1000</InteractTime>
            <Position>
              <X>-799.662</X>
              <Y>-59.6481</Y>
              <Z>-5076.739</Z>
            </Position>
            <RewardItemChoose />
            <SkipTimeout>0</SkipTimeout>
          </Action>
          <Action xsi:type="InteractSpecificNode">
            <ActionID>7491acc4-8f36-4efd-bd6c-3788677a7c1e</ActionID>
            <OverrideName />
            <Sound>
              <SoundName />
              <Trigger>OnActionCompleted</Trigger>
            </Sound>
            <Disabled>false</Disabled>
            <PlayWhileConditionsAreOk>false</PlayWhileConditionsAreOk>
            <PlayWhileUnSuccess>true</PlayWhileUnSuccess>
            <AssociateMission />
            <Loop>false</Loop>
            <MaxRunningTime>0</MaxRunningTime>
            <OnlyOneConditionMustBeGood>false</OnlyOneConditionMustBeGood>
            <OnlyDoneByServer>false</OnlyDoneByServer>
            <Conditions />
            <HotSpots />
            <NodeCategory>Door</NodeCategory>
            <LocalizedName />
            <Dialogs />
            <InteractTime>1000</InteractTime>
            <Position>
              <X>1340.0238</X>
              <Y>1005.17126</Y>
              <Z>44.4012</Z>
            </Position>
            <RewardItemChoose />
            <SkipTimeout>0</SkipTimeout>
          </Action>
          <Action xsi:type="ChangeMap">
            <ActionID>b4f02c72-958a-45e6-a628-c66d3bc6acb5</ActionID>
            <OverrideName />
            <Sound>
              <SoundName />
              <Trigger>OnActionCompleted</Trigger>
            </Sound>
            <Disabled>false</Disabled>
            <PlayWhileConditionsAreOk>false</PlayWhileConditionsAreOk>
            <PlayWhileUnSuccess>true</PlayWhileUnSuccess>
            <AssociateMission>Scc_Intro_Campaign_Task_1/Collect_Shards</AssociateMission>
            <Loop>false</Loop>
            <MaxRunningTime>0</MaxRunningTime>
            <OnlyOneConditionMustBeGood>false</OnlyOneConditionMustBeGood>
            <OnlyDoneByServer>false</OnlyDoneByServer>
            <Conditions />
            <HotSpots />
            <NodePosition>
              <X>1337.35828</X>
              <Y>1004.80493</Y>
              <Z>38.4166565</Z>
            </NodePosition>
            <MapName>Az_Rd</MapName>
            <SecondMapName />
            <DisableVIPTravel>false</DisableVIPTravel>
            <NodeCategory />
          </Action>
          <Action xsi:type="Grind">
            <ActionID>175d0638-0f89-4d46-877d-619e8e68ba5f</ActionID>
            <OverrideName />
            <Sound>
              <SoundName />
              <Trigger>OnActionCompleted</Trigger>
            </Sound>
            <Disabled>false</Disabled>
            <PlayWhileConditionsAreOk>false</PlayWhileConditionsAreOk>
            <PlayWhileUnSuccess>true</PlayWhileUnSuccess>
            <AssociateMission>Scc_Intro_Campaign_Task_1/Collect_Shards</AssociateMission>
            <Loop>false</Loop>
            <MaxRunningTime>0</MaxRunningTime>
            <OnlyOneConditionMustBeGood>false</OnlyOneConditionMustBeGood>
            <OnlyDoneByServer>false</OnlyDoneByServer>
            <Conditions>
              <Condition xsi:type="QuestInfo">
                <Locked>false</Locked>
                <QuestID>Scc_Intro_Campaign_Task_1/Collect_Shards</QuestID>
                <Tested>Succeeded</Tested>
              </Condition>
            </Conditions>
            <HotSpots>
              <Vector3>
                <X>270.41925</X>
                <Y>1006.57239</Y>
                <Z>31.0777779</Z>
              </Vector3>
              <Vector3>
                <X>394.993469</X>
                <Y>866.3337</Y>
                <Z>46.5720253</Z>
              </Vector3>
              <Vector3>
                <X>453.4601</X>
                <Y>898.9491</Y>
                <Z>57.49275</Z>
              </Vector3>
              <Vector3>
                <X>461.666</X>
                <Y>753.178</Y>
                <Z>58.7703972</Z>
              </Vector3>
              <Vector3>
                <X>437.7843</X>
                <Y>666.872</Y>
                <Z>58.8922</Z>
              </Vector3>
              <Vector3>
                <X>340.1617</X>
                <Y>692.458435</Y>
                <Z>62.90068</Z>
              </Vector3>
              <Vector3>
                <X>270.1032</X>
                <Y>708.489746</Y>
                <Z>54.7712135</Z>
              </Vector3>
              <Vector3>
                <X>183.619034</X>
                <Y>622.9008</Y>
                <Z>74.3969955</Z>
              </Vector3>
              <Vector3>
                <X>157.13504</X>
                <Y>670.756</Y>
                <Z>59.1248</Z>
              </Vector3>
              <Vector3>
                <X>116.172615</X>
                <Y>723.060547</Y>
                <Z>64.15025</Z>
              </Vector3>
              <Vector3>
                <X>131.003891</X>
                <Y>873.4937</Y>
                <Z>58.8626976</Z>
              </Vector3>
              <Vector3>
                <X>289.486328</X>
                <Y>856.9125</Y>
                <Z>66.69741</Z>
              </Vector3>
              <Vector3>
                <X>316.325867</X>
                <Y>760.2447</Y>
                <Z>60.6115532</Z>
              </Vector3>
              <Vector3>
                <X>409.733765</X>
                <Y>777.668</Y>
                <Z>58.69244</Z>
              </Vector3>
              <Vector3>
                <X>399.9869</X>
                <Y>861.4634</Y>
                <Z>47.7866974</Z>
              </Vector3>
              <Vector3>
                <X>453.732666</X>
                <Y>900.719543</Y>
                <Z>57.59106</Z>
              </Vector3>
              <Vector3>
                <X>500.158478</X>
                <Y>847.725647</Y>
                <Z>57.3732033</Z>
              </Vector3>
              <Vector3>
                <X>483.928528</X>
                <Y>753.767761</Y>
                <Z>61.66624</Z>
              </Vector3>
              <Vector3>
                <X>432.9226</X>
                <Y>681.056458</Y>
                <Z>58.42175</Z>
              </Vector3>
            </HotSpots>
          </Action>
          <Action xsi:type="InteractNode">
            <ActionID>ef68f9d7-f21c-4fc0-9169-42b0970bb265</ActionID>
            <OverrideName />
            <Sound>
              <SoundName />
              <Trigger>OnActionCompleted</Trigger>
            </Sound>
            <Disabled>false</Disabled>
            <PlayWhileConditionsAreOk>false</PlayWhileConditionsAreOk>
            <PlayWhileUnSuccess>true</PlayWhileUnSuccess>
            <AssociateMission>Scc_Intro_Campaign_Task_1/Collect_Shards</AssociateMission>
            <Loop>false</Loop>
            <MaxRunningTime>0</MaxRunningTime>
            <OnlyOneConditionMustBeGood>false</OnlyOneConditionMustBeGood>
            <OnlyDoneByServer>false</OnlyDoneByServer>
            <Conditions />
            <HotSpots>
              <Vector3>
                <X>92.24193</X>
                <Y>820.215</Y>
                <Z>58.968</Z>
              </Vector3>
              <Vector3>
                <X>455.53656</X>
                <Y>692.2199</Y>
                <Z>58.50656</Z>
              </Vector3>
            </HotSpots>
            <NodeCategory />
            <LocalizedName />
            <Dialogs />
            <OneInteractionByNode>false</OneInteractionByNode>
            <InteractTime>1000</InteractTime>
            <ReactionRange>35</ReactionRange>
            <WhiteList />
            <BlackList />
          </Action>
          <Action xsi:type="InteractSpecificNode">
            <ActionID>9f6c3dd6-38b7-41a0-bb6f-4553eae78742</ActionID>
            <OverrideName />
            <Sound>
              <SoundName />
              <Trigger>OnActionCompleted</Trigger>
            </Sound>
            <Disabled>false</Disabled>
            <PlayWhileConditionsAreOk>false</PlayWhileConditionsAreOk>
            <PlayWhileUnSuccess>true</PlayWhileUnSuccess>
            <AssociateMission />
            <Loop>false</Loop>
            <MaxRunningTime>0</MaxRunningTime>
            <OnlyOneConditionMustBeGood>false</OnlyOneConditionMustBeGood>
            <OnlyDoneByServer>false</OnlyDoneByServer>
            <Conditions />
            <HotSpots />
            <NodeCategory>Door</NodeCategory>
            <LocalizedName />
            <Dialogs />
            <InteractTime>1000</InteractTime>
            <Position>
              <X>173.682556</X>
              <Y>1387.77014</Y>
              <Z>12.8505</Z>
            </Position>
            <RewardItemChoose />
            <SkipTimeout>0</SkipTimeout>
          </Action>
          <Action xsi:type="InteractSpecificNode">
            <ActionID>a688c61c-16cc-4108-8eaa-4c1bd3d39dda</ActionID>
            <OverrideName />
            <Sound>
              <SoundName />
              <Trigger>OnActionCompleted</Trigger>
            </Sound>
            <Disabled>false</Disabled>
            <PlayWhileConditionsAreOk>false</PlayWhileConditionsAreOk>
            <PlayWhileUnSuccess>true</PlayWhileUnSuccess>
            <AssociateMission />
            <Loop>false</Loop>
            <MaxRunningTime>0</MaxRunningTime>
            <OnlyOneConditionMustBeGood>false</OnlyOneConditionMustBeGood>
            <OnlyDoneByServer>false</OnlyDoneByServer>
            <Conditions />
            <HotSpots />
            <NodeCategory>Door</NodeCategory>
            <LocalizedName />
            <Dialogs />
            <InteractTime>1000</InteractTime>
            <Position>
              <X>173.682556</X>
              <Y>1387.77014</Y>
              <Z>12.8505</Z>
            </Position>
            <RewardItemChoose />
            <SkipTimeout>0</SkipTimeout>
          </Action>
          <Action xsi:type="ChangeMap">
            <ActionID>8c6842e6-ed80-47f5-9d51-a1f618cb1a53</ActionID>
            <OverrideName />
            <Sound>
              <SoundName />
              <Trigger>OnActionCompleted</Trigger>
            </Sound>
            <Disabled>false</Disabled>
            <PlayWhileConditionsAreOk>true</PlayWhileConditionsAreOk>
            <PlayWhileUnSuccess>true</PlayWhileUnSuccess>
            <AssociateMission />
            <Loop>false</Loop>
            <MaxRunningTime>0</MaxRunningTime>
            <OnlyOneConditionMustBeGood>false</OnlyOneConditionMustBeGood>
            <OnlyDoneByServer>false</OnlyDoneByServer>
            <Conditions />
            <HotSpots />
            <NodePosition>
              <X>181.428162</X>
              <Y>1386.85962</Y>
              <Z>9.336775</Z>
            </NodePosition>
            <MapName>Neverwinter_Protectors_Enclave</MapName>
            <SecondMapName />
            <DisableVIPTravel>false</DisableVIPTravel>
            <NodeCategory>Door</NodeCategory>
          </Action>
        </Actions>
        <SimultaneousActions>false</SimultaneousActions>
      </Action>
    </Actions>
    <SimultaneousActions>false</SimultaneousActions>
  </MainActionPack>
  <Saved>true</Saved>
</Profile>