<?xml version="1.0"?>
<Profile xmlns:xsi="http://www.w3.org/2001/XMLSchema-instance" xmlns:xsd="http://www.w3.org/2001/XMLSchema">
  <Vendors />
  <BlackList />
  <KillRadius>20</KillRadius>
  <CustomRegions />
  <UseExternalMeshFile>false</UseExternalMeshFile>
  <ExternalMeshFileName />
  <DisablePet>false</DisablePet>
  <FollowerDistance>10</FollowerDistance>
  <DisableFollow>false</DisableFollow>
  <MainActionPack>
    <ActionID>40b85f2a-d737-4bfe-b115-e1746fdb5df2</ActionID>
    <OverrideName />
    <Sound>
      <SoundName />
      <Trigger>OnActionCompleted</Trigger>
    </Sound>
    <Disabled>false</Disabled>
    <PlayWhileConditionsAreOk>false</PlayWhileConditionsAreOk>
    <PlayWhileUnSuccess>true</PlayWhileUnSuccess>
    <AssociateMission />
    <Loop>false</Loop>
    <MaxRunningTime>0</MaxRunningTime>
    <OnlyOneConditionMustBeGood>false</OnlyOneConditionMustBeGood>
    <OnlyDoneByServer>false</OnlyDoneByServer>
    <Conditions />
    <HotSpots />
    <Actions>
      <Action xsi:type="PickUpMission">
        <ActionID>7dc91231-0b12-41c4-893f-3a4138a94f79</ActionID>
        <OverrideName />
        <Sound>
          <SoundName />
          <Trigger>OnActionCompleted</Trigger>
        </Sound>
        <Disabled>false</Disabled>
        <PlayWhileConditionsAreOk>true</PlayWhileConditionsAreOk>
        <PlayWhileUnSuccess>true</PlayWhileUnSuccess>
        <AssociateMission />
        <Loop>false</Loop>
        <MaxRunningTime>0</MaxRunningTime>
        <OnlyOneConditionMustBeGood>false</OnlyOneConditionMustBeGood>
        <OnlyDoneByServer>false</OnlyDoneByServer>
        <Conditions />
        <HotSpots />
        <MissionId>Scc_Post_Crown_Handoff</MissionId>
        <SkipOnFail>false</SkipOnFail>
        <GiverId>Generic_Guard</GiverId>
        <GiverPosition>
          <X>1083.84741</X>
          <Y>1132.41406</Y>
          <Z>149.785156</Z>
        </GiverPosition>
      </Action>
      <Action xsi:type="InteractSpecificNode">
        <ActionID>ffb8b6a2-4f3c-4df3-aaeb-d0efb4aedce5</ActionID>
        <OverrideName />
        <Sound>
          <SoundName />
          <Trigger>OnActionCompleted</Trigger>
        </Sound>
        <Disabled>false</Disabled>
        <PlayWhileConditionsAreOk>false</PlayWhileConditionsAreOk>
        <PlayWhileUnSuccess>true</PlayWhileUnSuccess>
        <AssociateMission />
        <Loop>false</Loop>
        <MaxRunningTime>0</MaxRunningTime>
        <OnlyOneConditionMustBeGood>false</OnlyOneConditionMustBeGood>
        <OnlyDoneByServer>false</OnlyDoneByServer>
        <Conditions />
        <HotSpots />
        <NodeCategory>Door</NodeCategory>
        <LocalizedName>Вход к Сибелле</LocalizedName>
        <Dialogs />
        <InteractTime>1000</InteractTime>
        <Position>
          <X>902.0675</X>
          <Y>1332.672</Y>
          <Z>182.82991</Z>
        </Position>
        <RewardItemChoose />
        <SkipTimeout>0</SkipTimeout>
      </Action>
      <Action xsi:type="InteractSpecificNPC">
        <ActionID>7552424f-87f1-4cdd-84d5-df564b5c3f69</ActionID>
        <OverrideName />
        <Sound>
          <SoundName />
          <Trigger>OnActionCompleted</Trigger>
        </Sound>
        <Disabled>false</Disabled>
        <PlayWhileConditionsAreOk>false</PlayWhileConditionsAreOk>
        <PlayWhileUnSuccess>true</PlayWhileUnSuccess>
        <AssociateMission />
        <Loop>false</Loop>
        <MaxRunningTime>0</MaxRunningTime>
        <OnlyOneConditionMustBeGood>false</OnlyOneConditionMustBeGood>
        <OnlyDoneByServer>false</OnlyDoneByServer>
        <Conditions />
        <HotSpots />
        <NPCCostume />
        <Dialogs>
          <string>ViewSubMission.Continue</string>
        </Dialogs>
        <DisplayName>Сибелла Артис</DisplayName>
        <Position>
          <X>-799.759766</X>
          <Y>43.9082031</Y>
          <Z>-5080</Z>
        </Position>
        <InteractTime>2000</InteractTime>
        <Tolerance>1</Tolerance>
      </Action>
      <Action xsi:type="PickUpMission">
        <ActionID>e207046a-5b35-4688-8606-a769266d776e</ActionID>
        <OverrideName />
        <Sound>
          <SoundName />
          <Trigger>OnActionCompleted</Trigger>
        </Sound>
        <Disabled>false</Disabled>
        <PlayWhileConditionsAreOk>true</PlayWhileConditionsAreOk>
        <PlayWhileUnSuccess>true</PlayWhileUnSuccess>
        <AssociateMission />
        <Loop>false</Loop>
        <MaxRunningTime>0</MaxRunningTime>
        <OnlyOneConditionMustBeGood>false</OnlyOneConditionMustBeGood>
        <OnlyDoneByServer>false</OnlyDoneByServer>
        <Conditions />
        <HotSpots />
        <MissionId>Scc_Deed_Intro</MissionId>
        <SkipOnFail>false</SkipOnFail>
        <GiverId>Scc_Seer_Contact</GiverId>
        <GiverPosition>
          <X>-799.759766</X>
          <Y>43.9082031</Y>
          <Z>-5080</Z>
        </GiverPosition>
      </Action>
      <Action xsi:type="TurnInMission">
        <ActionID>83148967-034e-4394-a07b-425d70ee7b8d</ActionID>
        <OverrideName />
        <Sound>
          <SoundName />
          <Trigger>OnActionCompleted</Trigger>
        </Sound>
        <Disabled>false</Disabled>
        <PlayWhileConditionsAreOk>true</PlayWhileConditionsAreOk>
        <PlayWhileUnSuccess>true</PlayWhileUnSuccess>
        <AssociateMission />
        <Loop>false</Loop>
        <MaxRunningTime>0</MaxRunningTime>
        <OnlyOneConditionMustBeGood>false</OnlyOneConditionMustBeGood>
        <OnlyDoneByServer>false</OnlyDoneByServer>
        <Conditions />
        <HotSpots />
        <MissionId>Scc_Deed_Intro</MissionId>
        <GiverId>Scc_Seer_Contact</GiverId>
        <GiverPosition>
          <X>-799.759766</X>
          <Y>43.9082031</Y>
          <Z>-5080</Z>
        </GiverPosition>
      </Action>
      <Action xsi:type="PickUpMission">
        <ActionID>ea46d41b-07f3-46ed-a34c-183dc00c32c0</ActionID>
        <OverrideName />
        <Sound>
          <SoundName />
          <Trigger>OnActionCompleted</Trigger>
        </Sound>
        <Disabled>false</Disabled>
        <PlayWhileConditionsAreOk>true</PlayWhileConditionsAreOk>
        <PlayWhileUnSuccess>true</PlayWhileUnSuccess>
        <AssociateMission />
        <Loop>false</Loop>
        <MaxRunningTime>0</MaxRunningTime>
        <OnlyOneConditionMustBeGood>false</OnlyOneConditionMustBeGood>
        <OnlyDoneByServer>false</OnlyDoneByServer>
        <Conditions />
        <HotSpots />
        <MissionId>Scc_Intro_Campaign_Task_1</MissionId>
        <SkipOnFail>false</SkipOnFail>
        <GiverId>Scc_Seer_Contact</GiverId>
        <GiverPosition>
          <X>-799.759766</X>
          <Y>43.9082031</Y>
          <Z>-5080</Z>
        </GiverPosition>
      </Action>
      <Action xsi:type="InteractSpecificNode">
        <ActionID>a2a8255b-fc0a-4f66-9a8c-494be140d5f8</ActionID>
        <OverrideName />
        <Sound>
          <SoundName />
          <Trigger>OnActionCompleted</Trigger>
        </Sound>
        <Disabled>false</Disabled>
        <PlayWhileConditionsAreOk>false</PlayWhileConditionsAreOk>
        <PlayWhileUnSuccess>true</PlayWhileUnSuccess>
        <AssociateMission />
        <Loop>false</Loop>
        <MaxRunningTime>0</MaxRunningTime>
        <OnlyOneConditionMustBeGood>false</OnlyOneConditionMustBeGood>
        <OnlyDoneByServer>false</OnlyDoneByServer>
        <Conditions />
        <HotSpots />
        <NodeCategory>Door</NodeCategory>
        <LocalizedName>Выход от Сибеллы</LocalizedName>
        <Dialogs />
        <InteractTime>1000</InteractTime>
        <Position>
          <X>-799.662</X>
          <Y>-59.6481</Y>
          <Z>-5076.739</Z>
        </Position>
        <RewardItemChoose />
        <SkipTimeout>0</SkipTimeout>
      </Action>
      <Action xsi:type="ChangeMap">
        <ActionID>317d6c7a-b273-4a2e-984a-eec453e22b08</ActionID>
        <OverrideName />
        <Sound>
          <SoundName />
          <Trigger>OnActionCompleted</Trigger>
        </Sound>
        <Disabled>false</Disabled>
        <PlayWhileConditionsAreOk>false</PlayWhileConditionsAreOk>
        <PlayWhileUnSuccess>true</PlayWhileUnSuccess>
        <AssociateMission />
        <Loop>false</Loop>
        <MaxRunningTime>0</MaxRunningTime>
        <OnlyOneConditionMustBeGood>false</OnlyOneConditionMustBeGood>
        <OnlyDoneByServer>false</OnlyDoneByServer>
        <Conditions />
        <HotSpots />
        <NodePosition>
          <X>1202.96436</X>
          <Y>478.092773</Y>
          <Z>25.3878021</Z>
        </NodePosition>
        <MapName>Az_Rd</MapName>
        <SecondMapName />
        <DisableVIPTravel>false</DisableVIPTravel>
        <NodeCategory>Door</NodeCategory>
      </Action>
      <Action xsi:type="Grind">
        <ActionID>657565b1-f77e-4ab5-aa63-5e62afc7a2ea</ActionID>
        <OverrideName />
        <Sound>
          <SoundName />
          <Trigger>OnActionCompleted</Trigger>
        </Sound>
        <Disabled>false</Disabled>
        <PlayWhileConditionsAreOk>true</PlayWhileConditionsAreOk>
        <PlayWhileUnSuccess>true</PlayWhileUnSuccess>
        <AssociateMission />
        <Loop>false</Loop>
        <MaxRunningTime>0</MaxRunningTime>
        <OnlyOneConditionMustBeGood>false</OnlyOneConditionMustBeGood>
        <OnlyDoneByServer>false</OnlyDoneByServer>
        <Conditions>
          <Condition xsi:type="QuestInfo">
            <Locked>false</Locked>
            <QuestID>Scc_Intro_Campaign_Task_1/Collect_Shards</QuestID>
            <Tested>InProgress</Tested>
          </Condition>
        </Conditions>
        <HotSpots>
          <Vector3>
            <X>965.1051</X>
            <Y>1295.5011</Y>
            <Z>-14.9465046</Z>
          </Vector3>
          <Vector3>
            <X>961.3794</X>
            <Y>1142.323</Y>
            <Z>-12.5080395</Z>
          </Vector3>
          <Vector3>
            <X>951.415649</X>
            <Y>1018.29034</Y>
            <Z>-18.076828</Z>
          </Vector3>
          <Vector3>
            <X>933.6043</X>
            <Y>962.3867</Y>
            <Z>-19.7854633</Z>
          </Vector3>
          <Vector3>
            <X>873.746033</X>
            <Y>971.246948</Y>
            <Z>-15.8981972</Z>
          </Vector3>
          <Vector3>
            <X>794.903748</X>
            <Y>968.4512</Y>
            <Z>-10.7180614</Z>
          </Vector3>
          <Vector3>
            <X>741.3967</X>
            <Y>1001.316</Y>
            <Z>-9.570679</Z>
          </Vector3>
          <Vector3>
            <X>678.6443</X>
            <Y>970.849</Y>
            <Z>-2.61765981</Z>
          </Vector3>
          <Vector3>
            <X>685.8283</X>
            <Y>886.69104</Y>
            <Z>5.37857533</Z>
          </Vector3>
          <Vector3>
            <X>706.8435</X>
            <Y>812.6022</Y>
            <Z>15.3579884</Z>
          </Vector3>
          <Vector3>
            <X>691.0277</X>
            <Y>648.367249</Y>
            <Z>3.00152349</Z>
          </Vector3>
          <Vector3>
            <X>738.769653</X>
            <Y>721.6795</Y>
            <Z>6.03632355</Z>
          </Vector3>
          <Vector3>
            <X>814.9582</X>
            <Y>674.4653</Y>
            <Z>3.49932337</Z>
          </Vector3>
          <Vector3>
            <X>811.1091</X>
            <Y>797.7704</Y>
            <Z>7.138797</Z>
          </Vector3>
          <Vector3>
            <X>680.8429</X>
            <Y>765.5492</Y>
            <Z>1.79571331</Z>
          </Vector3>
          <Vector3>
            <X>759.2699</X>
            <Y>920.544739</Y>
            <Z>14.7875738</Z>
          </Vector3>
        </HotSpots>
      </Action>
      <Action xsi:type="ChangeMap">
        <ActionID>bb0a72d9-b01a-4b67-bbb4-d4645ab344d2</ActionID>
        <OverrideName />
        <Sound>
          <SoundName />
          <Trigger>OnActionCompleted</Trigger>
        </Sound>
        <Disabled>false</Disabled>
        <PlayWhileConditionsAreOk>false</PlayWhileConditionsAreOk>
        <PlayWhileUnSuccess>true</PlayWhileUnSuccess>
        <AssociateMission />
        <Loop>false</Loop>
        <MaxRunningTime>0</MaxRunningTime>
        <OnlyOneConditionMustBeGood>false</OnlyOneConditionMustBeGood>
        <OnlyDoneByServer>false</OnlyDoneByServer>
        <Conditions />
        <HotSpots />
        <NodePosition>
          <X>173.682556</X>
          <Y>1387.77014</Y>
          <Z>12.8505</Z>
        </NodePosition>
        <MapName>Neverwinter_Protectors_Enclave</MapName>
        <SecondMapName />
        <DisableVIPTravel>false</DisableVIPTravel>
        <NodeCategory>Door</NodeCategory>
      </Action>
      <Action xsi:type="InteractSpecificNode">
        <ActionID>6b5e19b7-1a8e-4770-b46d-ad9dbbfcb796</ActionID>
        <OverrideName />
        <Sound>
          <SoundName />
          <Trigger>OnActionCompleted</Trigger>
        </Sound>
        <Disabled>false</Disabled>
        <PlayWhileConditionsAreOk>false</PlayWhileConditionsAreOk>
        <PlayWhileUnSuccess>true</PlayWhileUnSuccess>
        <AssociateMission />
        <Loop>false</Loop>
        <MaxRunningTime>0</MaxRunningTime>
        <OnlyOneConditionMustBeGood>false</OnlyOneConditionMustBeGood>
        <OnlyDoneByServer>false</OnlyDoneByServer>
        <Conditions />
        <HotSpots />
        <NodeCategory>Door</NodeCategory>
        <LocalizedName>Вход к Сибелле</LocalizedName>
        <Dialogs />
        <InteractTime>1000</InteractTime>
        <Position>
          <X>902.0675</X>
          <Y>1332.672</Y>
          <Z>182.82991</Z>
        </Position>
        <RewardItemChoose />
        <SkipTimeout>0</SkipTimeout>
      </Action>
      <Action xsi:type="TurnInMission">
        <ActionID>e915269d-0893-4aa5-8e59-82509e724769</ActionID>
        <OverrideName />
        <Sound>
          <SoundName />
          <Trigger>OnActionCompleted</Trigger>
        </Sound>
        <Disabled>false</Disabled>
        <PlayWhileConditionsAreOk>true</PlayWhileConditionsAreOk>
        <PlayWhileUnSuccess>true</PlayWhileUnSuccess>
        <AssociateMission />
        <Loop>false</Loop>
        <MaxRunningTime>0</MaxRunningTime>
        <OnlyOneConditionMustBeGood>false</OnlyOneConditionMustBeGood>
        <OnlyDoneByServer>false</OnlyDoneByServer>
        <Conditions />
        <HotSpots />
        <MissionId>Scc_Intro_Campaign_Task_1</MissionId>
        <GiverId>Scc_Seer_Contact</GiverId>
        <GiverPosition>
          <X>-799.759766</X>
          <Y>43.9082031</Y>
          <Z>-5080</Z>
        </GiverPosition>
      </Action>
      <Action xsi:type="PickUpMission">
        <ActionID>d17db1b3-1c30-4871-9759-5b550dd1bb74</ActionID>
        <OverrideName />
        <Sound>
          <SoundName />
          <Trigger>OnActionCompleted</Trigger>
        </Sound>
        <Disabled>false</Disabled>
        <PlayWhileConditionsAreOk>true</PlayWhileConditionsAreOk>
        <PlayWhileUnSuccess>true</PlayWhileUnSuccess>
        <AssociateMission />
        <Loop>false</Loop>
        <MaxRunningTime>0</MaxRunningTime>
        <OnlyOneConditionMustBeGood>false</OnlyOneConditionMustBeGood>
        <OnlyDoneByServer>false</OnlyDoneByServer>
        <Conditions />
        <HotSpots />
        <MissionId>Scc_Intro_Campaign_Task_2</MissionId>
        <SkipOnFail>false</SkipOnFail>
        <GiverId>Scc_Seer_Contact</GiverId>
        <GiverPosition>
          <X>-799.759766</X>
          <Y>43.9082031</Y>
          <Z>-5080</Z>
        </GiverPosition>
      </Action>
      <Action xsi:type="SpecialAction">
        <ActionID>0922fb16-2698-4584-b5fd-e2fdf01af492</ActionID>
        <OverrideName />
        <Sound>
          <SoundName>Whisper.wav</SoundName>
          <Trigger>OnActionStart</Trigger>
        </Sound>
        <Disabled>false</Disabled>
        <PlayWhileConditionsAreOk>false</PlayWhileConditionsAreOk>
        <PlayWhileUnSuccess>true</PlayWhileUnSuccess>
        <AssociateMission />
        <Loop>false</Loop>
        <MaxRunningTime>0</MaxRunningTime>
        <OnlyOneConditionMustBeGood>false</OnlyOneConditionMustBeGood>
        <OnlyDoneByServer>false</OnlyDoneByServer>
        <Conditions />
        <HotSpots />
        <Action>StopBot</Action>
      </Action>
      <Action xsi:type="TurnInMission">
        <ActionID>5cf193fa-6397-4452-90db-8466dc59579b</ActionID>
        <OverrideName />
        <Sound>
          <SoundName />
          <Trigger>OnActionCompleted</Trigger>
        </Sound>
        <Disabled>false</Disabled>
        <PlayWhileConditionsAreOk>true</PlayWhileConditionsAreOk>
        <PlayWhileUnSuccess>true</PlayWhileUnSuccess>
        <AssociateMission />
        <Loop>false</Loop>
        <MaxRunningTime>0</MaxRunningTime>
        <OnlyOneConditionMustBeGood>false</OnlyOneConditionMustBeGood>
        <OnlyDoneByServer>false</OnlyDoneByServer>
        <Conditions />
        <HotSpots />
        <MissionId>Scc_Intro_Campaign_Task_2</MissionId>
        <GiverId>Scc_Seer_Contact</GiverId>
        <GiverPosition>
          <X>-799.759766</X>
          <Y>43.9082031</Y>
          <Z>-5080</Z>
        </GiverPosition>
      </Action>
      <Action xsi:type="PickUpMission">
        <ActionID>8e6158c0-4a3a-4f5d-a9f8-fb0a4eab1cfb</ActionID>
        <OverrideName />
        <Sound>
          <SoundName />
          <Trigger>OnActionCompleted</Trigger>
        </Sound>
        <Disabled>false</Disabled>
        <PlayWhileConditionsAreOk>true</PlayWhileConditionsAreOk>
        <PlayWhileUnSuccess>true</PlayWhileUnSuccess>
        <AssociateMission />
        <Loop>false</Loop>
        <MaxRunningTime>0</MaxRunningTime>
        <OnlyOneConditionMustBeGood>false</OnlyOneConditionMustBeGood>
        <OnlyDoneByServer>false</OnlyDoneByServer>
        <Conditions />
        <HotSpots />
        <MissionId>Scc_Intro_Campaign_Task_3</MissionId>
        <SkipOnFail>false</SkipOnFail>
        <GiverId>Scc_Seer_Contact</GiverId>
        <GiverPosition>
          <X>-799.759766</X>
          <Y>43.9082031</Y>
          <Z>-5080</Z>
        </GiverPosition>
      </Action>
      <Action xsi:type="InteractSpecificNode">
        <ActionID>dba5f0e1-bbef-4781-b7f0-a4158d91af10</ActionID>
        <OverrideName />
        <Sound>
          <SoundName />
          <Trigger>OnActionCompleted</Trigger>
        </Sound>
        <Disabled>false</Disabled>
        <PlayWhileConditionsAreOk>false</PlayWhileConditionsAreOk>
        <PlayWhileUnSuccess>true</PlayWhileUnSuccess>
        <AssociateMission />
        <Loop>false</Loop>
        <MaxRunningTime>0</MaxRunningTime>
        <OnlyOneConditionMustBeGood>false</OnlyOneConditionMustBeGood>
        <OnlyDoneByServer>false</OnlyDoneByServer>
        <Conditions />
        <HotSpots />
        <NodeCategory>Door</NodeCategory>
        <LocalizedName>Выход от Сибеллы</LocalizedName>
        <Dialogs />
        <InteractTime>1000</InteractTime>
        <Position>
          <X>-799.662</X>
          <Y>-59.6481</Y>
          <Z>-5076.739</Z>
        </Position>
        <RewardItemChoose />
        <SkipTimeout>0</SkipTimeout>
      </Action>
      <Action xsi:type="ChangeMap">
        <ActionID>5f8b0724-fdcf-498c-882b-551034f8d35e</ActionID>
        <OverrideName />
        <Sound>
          <SoundName />
          <Trigger>OnActionCompleted</Trigger>
        </Sound>
        <Disabled>false</Disabled>
        <PlayWhileConditionsAreOk>false</PlayWhileConditionsAreOk>
        <PlayWhileUnSuccess>true</PlayWhileUnSuccess>
        <AssociateMission />
        <Loop>false</Loop>
        <MaxRunningTime>0</MaxRunningTime>
        <OnlyOneConditionMustBeGood>false</OnlyOneConditionMustBeGood>
        <OnlyDoneByServer>false</OnlyDoneByServer>
        <Conditions />
        <HotSpots />
        <NodePosition>
          <X>1202.96436</X>
          <Y>478.092773</Y>
          <Z>25.3878021</Z>
        </NodePosition>
        <MapName>Az_Bdr</MapName>
        <SecondMapName />
        <DisableVIPTravel>false</DisableVIPTravel>
        <NodeCategory>Door</NodeCategory>
      </Action>
      <Action xsi:type="ActionPack">
        <ActionID>857bbae5-aa88-4dc4-bee9-8029b2f445a1</ActionID>
        <OverrideName />
        <Sound>
          <SoundName />
          <Trigger>OnActionCompleted</Trigger>
        </Sound>
        <Disabled>false</Disabled>
        <PlayWhileConditionsAreOk>false</PlayWhileConditionsAreOk>
        <PlayWhileUnSuccess>true</PlayWhileUnSuccess>
        <AssociateMission />
        <Loop>false</Loop>
        <MaxRunningTime>0</MaxRunningTime>
        <OnlyOneConditionMustBeGood>false</OnlyOneConditionMustBeGood>
        <OnlyDoneByServer>false</OnlyDoneByServer>
        <Conditions />
        <HotSpots />
        <Actions>
          <Action xsi:type="MoveTo">
            <ActionID>35822a91-f53c-4c43-bc3e-39784b4ffa5d</ActionID>
            <OverrideName />
            <Sound>
              <SoundName />
              <Trigger>OnActionCompleted</Trigger>
            </Sound>
            <Disabled>false</Disabled>
            <PlayWhileConditionsAreOk>false</PlayWhileConditionsAreOk>
            <PlayWhileUnSuccess>true</PlayWhileUnSuccess>
            <AssociateMission />
            <Loop>false</Loop>
            <MaxRunningTime>0</MaxRunningTime>
            <OnlyOneConditionMustBeGood>false</OnlyOneConditionMustBeGood>
            <OnlyDoneByServer>false</OnlyDoneByServer>
            <Conditions />
            <HotSpots />
            <Position>
              <X>505.3862</X>
              <Y>1545.34668</Y>
              <Z>94.73004</Z>
            </Position>
            <Range>5</Range>
          </Action>
          <Action xsi:type="UseItem">
            <ActionID>04ef30d7-c338-49c8-bcbf-97ecae125ff7</ActionID>
            <OverrideName />
            <Sound>
              <SoundName />
              <Trigger>OnActionCompleted</Trigger>
            </Sound>
            <Disabled>false</Disabled>
            <PlayWhileConditionsAreOk>false</PlayWhileConditionsAreOk>
            <PlayWhileUnSuccess>true</PlayWhileUnSuccess>
            <AssociateMission />
            <Loop>false</Loop>
            <MaxRunningTime>0</MaxRunningTime>
            <OnlyOneConditionMustBeGood>false</OnlyOneConditionMustBeGood>
            <OnlyDoneByServer>false</OnlyDoneByServer>
            <Conditions />
            <HotSpots />
            <ItemId>Scc_Scrying_Orb</ItemId>
            <Dialogs />
            <UseTimeMs>2000</UseTimeMs>
          </Action>
          <Action xsi:type="InteractNode">
            <ActionID>da226acb-2d41-4e65-bb47-6c6036573317</ActionID>
            <OverrideName />
            <Sound>
              <SoundName />
              <Trigger>OnActionCompleted</Trigger>
            </Sound>
            <Disabled>false</Disabled>
            <PlayWhileConditionsAreOk>false</PlayWhileConditionsAreOk>
            <PlayWhileUnSuccess>true</PlayWhileUnSuccess>
            <AssociateMission />
            <Loop>false</Loop>
            <MaxRunningTime>18</MaxRunningTime>
            <OnlyOneConditionMustBeGood>false</OnlyOneConditionMustBeGood>
            <OnlyDoneByServer>false</OnlyDoneByServer>
            <Conditions />
            <HotSpots>
              <Vector3>
                <X>912.469</X>
                <Y>1756.01025</Y>
                <Z>104.1583</Z>
              </Vector3>
              <Vector3>
                <X>894.4807</X>
                <Y>1231.2146</Y>
                <Z>88.28284</Z>
              </Vector3>
              <Vector3>
                <X>652.5496</X>
                <Y>1730.143</Y>
                <Z>131.923584</Z>
              </Vector3>
              <Vector3>
                <X>648.4545</X>
                <Y>1542.95276</Y>
                <Z>103.801849</Z>
              </Vector3>
              <Vector3>
                <X>549.6154</X>
                <Y>1622.85718</Y>
                <Z>105.743591</Z>
              </Vector3>
              <Vector3>
                <X>481.203766</X>
                <Y>1529.68054</Y>
                <Z>96.35745</Z>
              </Vector3>
              <Vector3>
                <X>513.2617</X>
                <Y>1380.53723</Y>
                <Z>45.6654472</Z>
              </Vector3>
              <Vector3>
                <X>302.269226</X>
                <Y>1301.50488</Y>
                <Z>32.3298569</Z>
              </Vector3>
            </HotSpots>
            <NodeCategory />
            <LocalizedName />
            <Dialogs />
            <OneInteractionByNode>false</OneInteractionByNode>
            <InteractTime>1000</InteractTime>
            <ReactionRange>35</ReactionRange>
            <WhiteList />
            <BlackList />
          </Action>
          <Action xsi:type="GoToAction">
            <ActionID>906b0425-f71a-4f31-89a2-2be5cdae84be</ActionID>
            <OverrideName />
            <Sound>
              <SoundName />
              <Trigger>OnActionCompleted</Trigger>
            </Sound>
            <Disabled>false</Disabled>
            <PlayWhileConditionsAreOk>true</PlayWhileConditionsAreOk>
            <PlayWhileUnSuccess>true</PlayWhileUnSuccess>
            <AssociateMission />
            <Loop>true</Loop>
            <MaxRunningTime>0</MaxRunningTime>
            <OnlyOneConditionMustBeGood>false</OnlyOneConditionMustBeGood>
            <OnlyDoneByServer>true</OnlyDoneByServer>
            <Conditions>
              <Condition xsi:type="QuestInfo">
                <Locked>false</Locked>
                <QuestID>Scc_Intro_Campaign_Task_3/Search_Caches</QuestID>
                <Tested>InProgress</Tested>
              </Condition>
            </Conditions>
            <HotSpots />
            <ResetAllCompletedActions>true</ResetAllCompletedActions>
            <DestinationActionID>04ef30d7-c338-49c8-bcbf-97ecae125ff7</DestinationActionID>
          </Action>
        </Actions>
        <SimultaneousActions>false</SimultaneousActions>
      </Action>
      <Action xsi:type="ChangeMap">
        <ActionID>30e02f0d-9a12-473a-8e11-a71942bcda62</ActionID>
        <OverrideName />
        <Sound>
          <SoundName />
          <Trigger>OnActionCompleted</Trigger>
        </Sound>
        <Disabled>false</Disabled>
        <PlayWhileConditionsAreOk>false</PlayWhileConditionsAreOk>
        <PlayWhileUnSuccess>true</PlayWhileUnSuccess>
        <AssociateMission />
        <Loop>false</Loop>
        <MaxRunningTime>0</MaxRunningTime>
        <OnlyOneConditionMustBeGood>false</OnlyOneConditionMustBeGood>
        <OnlyDoneByServer>false</OnlyDoneByServer>
        <Conditions />
        <HotSpots />
        <NodePosition>
          <X>493.3635</X>
          <Y>211.0038</Y>
          <Z>7.8911</Z>
        </NodePosition>
        <MapName>Neverwinter_Protectors_Enclave</MapName>
        <SecondMapName />
        <DisableVIPTravel>false</DisableVIPTravel>
        <NodeCategory>Door</NodeCategory>
      </Action>
      <Action xsi:type="SpecialAction">
        <ActionID>315fc749-5d29-4f68-be37-59f2092801b3</ActionID>
        <OverrideName />
        <Sound>
          <SoundName>Whisper.wav</SoundName>
          <Trigger>OnActionStart</Trigger>
        </Sound>
        <Disabled>false</Disabled>
        <PlayWhileConditionsAreOk>false</PlayWhileConditionsAreOk>
        <PlayWhileUnSuccess>true</PlayWhileUnSuccess>
        <AssociateMission />
        <Loop>false</Loop>
        <MaxRunningTime>0</MaxRunningTime>
        <OnlyOneConditionMustBeGood>false</OnlyOneConditionMustBeGood>
        <OnlyDoneByServer>false</OnlyDoneByServer>
        <Conditions />
        <HotSpots />
        <Action>StopBot</Action>
      </Action>
      <Action xsi:type="InteractSpecificNode">
        <ActionID>921efec7-46bd-4faf-8c96-7fdfd14c814c</ActionID>
        <OverrideName />
        <Sound>
          <SoundName />
          <Trigger>OnActionCompleted</Trigger>
        </Sound>
        <Disabled>false</Disabled>
        <PlayWhileConditionsAreOk>false</PlayWhileConditionsAreOk>
        <PlayWhileUnSuccess>true</PlayWhileUnSuccess>
        <AssociateMission />
        <Loop>false</Loop>
        <MaxRunningTime>0</MaxRunningTime>
        <OnlyOneConditionMustBeGood>false</OnlyOneConditionMustBeGood>
        <OnlyDoneByServer>false</OnlyDoneByServer>
        <Conditions />
        <HotSpots />
        <NodeCategory>Door</NodeCategory>
        <LocalizedName>Вход к Сибелле</LocalizedName>
        <Dialogs />
        <InteractTime>1000</InteractTime>
        <Position>
          <X>902.0675</X>
          <Y>1332.672</Y>
          <Z>182.82991</Z>
        </Position>
        <RewardItemChoose />
        <SkipTimeout>0</SkipTimeout>
      </Action>
      <Action xsi:type="TurnInMission">
        <ActionID>6d15bab7-e0eb-4947-97bc-1bf45e5d0687</ActionID>
        <OverrideName />
        <Sound>
          <SoundName />
          <Trigger>OnActionCompleted</Trigger>
        </Sound>
        <Disabled>false</Disabled>
        <PlayWhileConditionsAreOk>true</PlayWhileConditionsAreOk>
        <PlayWhileUnSuccess>true</PlayWhileUnSuccess>
        <AssociateMission />
        <Loop>false</Loop>
        <MaxRunningTime>0</MaxRunningTime>
        <OnlyOneConditionMustBeGood>false</OnlyOneConditionMustBeGood>
        <OnlyDoneByServer>false</OnlyDoneByServer>
        <Conditions />
        <HotSpots />
        <MissionId>Scc_Intro_Campaign_Task_3</MissionId>
        <GiverId>Scc_Seer_Contact</GiverId>
        <GiverPosition>
          <X>-799.759766</X>
          <Y>43.9082031</Y>
          <Z>-5080</Z>
        </GiverPosition>
      </Action>
      <Action xsi:type="InteractSpecificNode">
        <ActionID>86097e76-814e-46f0-977a-7a022c95a0ca</ActionID>
        <OverrideName />
        <Sound>
          <SoundName />
          <Trigger>OnActionCompleted</Trigger>
        </Sound>
        <Disabled>false</Disabled>
        <PlayWhileConditionsAreOk>false</PlayWhileConditionsAreOk>
        <PlayWhileUnSuccess>true</PlayWhileUnSuccess>
        <AssociateMission />
        <Loop>false</Loop>
        <MaxRunningTime>0</MaxRunningTime>
        <OnlyOneConditionMustBeGood>false</OnlyOneConditionMustBeGood>
        <OnlyDoneByServer>false</OnlyDoneByServer>
        <Conditions />
        <HotSpots />
        <NodeCategory>Door</NodeCategory>
        <LocalizedName>Выход от Сибеллы</LocalizedName>
        <Dialogs />
        <InteractTime>1000</InteractTime>
        <Position>
          <X>-799.662</X>
          <Y>-59.6481</Y>
          <Z>-5076.739</Z>
        </Position>
        <RewardItemChoose />
        <SkipTimeout>0</SkipTimeout>
      </Action>
    </Actions>
    <SimultaneousActions>false</SimultaneousActions>
  </MainActionPack>
  <Saved>true</Saved>
</Profile>