<?xml version="1.0"?>
<Profile xmlns:xsi="http://www.w3.org/2001/XMLSchema-instance" xmlns:xsd="http://www.w3.org/2001/XMLSchema">
  <Vendors />
  <BlackList />
  <KillRadius>20</KillRadius>
  <CustomRegions />
  <UseExternalMeshFile>false</UseExternalMeshFile>
  <ExternalMeshFileName />
  <DisablePet>false</DisablePet>
  <FollowerDistance>10</FollowerDistance>
  <DisableFollow>false</DisableFollow>
  <MainActionPack>
    <ActionID>40b85f2a-d737-4bfe-b115-e1746fdb5df2</ActionID>
    <OverrideName />
    <Sound>
      <SoundName />
      <Trigger>OnActionCompleted</Trigger>
    </Sound>
    <Disabled>false</Disabled>
    <PlayWhileConditionsAreOk>false</PlayWhileConditionsAreOk>
    <PlayWhileUnSuccess>true</PlayWhileUnSuccess>
    <AssociateMission />
    <Loop>false</Loop>
    <MaxRunningTime>0</MaxRunningTime>
    <OnlyOneConditionMustBeGood>false</OnlyOneConditionMustBeGood>
    <OnlyDoneByServer>false</OnlyDoneByServer>
    <Conditions />
    <HotSpots />
    <Actions>
      <Action xsi:type="PickUpMission">
        <ActionID>7dc91231-0b12-41c4-893f-3a4138a94f79</ActionID>
        <OverrideName />
        <Sound>
          <SoundName />
          <Trigger>OnActionCompleted</Trigger>
        </Sound>
        <Disabled>false</Disabled>
        <PlayWhileConditionsAreOk>true</PlayWhileConditionsAreOk>
        <PlayWhileUnSuccess>true</PlayWhileUnSuccess>
        <AssociateMission />
        <Loop>false</Loop>
        <MaxRunningTime>0</MaxRunningTime>
        <OnlyOneConditionMustBeGood>false</OnlyOneConditionMustBeGood>
        <OnlyDoneByServer>false</OnlyDoneByServer>
        <Conditions />
        <HotSpots />
        <MissionId>Scc_Post_Crown_Handoff</MissionId>
        <SkipOnFail>false</SkipOnFail>
        <GiverId>Generic_Guard</GiverId>
        <GiverPosition>
          <X>1083.84741</X>
          <Y>1132.41406</Y>
          <Z>149.785156</Z>
        </GiverPosition>
      </Action>
      <Action xsi:type="InteractSpecificNode">
        <ActionID>ffb8b6a2-4f3c-4df3-aaeb-d0efb4aedce5</ActionID>
        <OverrideName />
        <Sound>
          <SoundName />
          <Trigger>OnActionCompleted</Trigger>
        </Sound>
        <Disabled>false</Disabled>
        <PlayWhileConditionsAreOk>false</PlayWhileConditionsAreOk>
        <PlayWhileUnSuccess>true</PlayWhileUnSuccess>
        <AssociateMission />
        <Loop>false</Loop>
        <MaxRunningTime>0</MaxRunningTime>
        <OnlyOneConditionMustBeGood>false</OnlyOneConditionMustBeGood>
        <OnlyDoneByServer>false</OnlyDoneByServer>
        <Conditions />
        <HotSpots />
        <NodeCategory>Door</NodeCategory>
        <LocalizedName>Вход к Сибелле</LocalizedName>
        <Dialogs />
        <InteractTime>1000</InteractTime>
        <Position>
          <X>902.0675</X>
          <Y>1332.672</Y>
          <Z>182.82991</Z>
        </Position>
        <RewardItemChoose />
        <SkipTimeout>0</SkipTimeout>
      </Action>
      <Action xsi:type="InteractSpecificNPC">
        <ActionID>7552424f-87f1-4cdd-84d5-df564b5c3f69</ActionID>
        <OverrideName />
        <Sound>
          <SoundName />
          <Trigger>OnActionCompleted</Trigger>
        </Sound>
        <Disabled>false</Disabled>
        <PlayWhileConditionsAreOk>false</PlayWhileConditionsAreOk>
        <PlayWhileUnSuccess>true</PlayWhileUnSuccess>
        <AssociateMission />
        <Loop>false</Loop>
        <MaxRunningTime>0</MaxRunningTime>
        <OnlyOneConditionMustBeGood>false</OnlyOneConditionMustBeGood>
        <OnlyDoneByServer>false</OnlyDoneByServer>
        <Conditions />
        <HotSpots />
        <NPCCostume />
        <Dialogs>
          <string>ViewSubMission.Continue</string>
        </Dialogs>
        <DisplayName>Сибелла Артис</DisplayName>
        <Position>
          <X>-799.759766</X>
          <Y>43.9082031</Y>
          <Z>-5080</Z>
        </Position>
        <InteractTime>2000</InteractTime>
        <Tolerance>1</Tolerance>
      </Action>
      <Action xsi:type="PickUpMission">
        <ActionID>e207046a-5b35-4688-8606-a769266d776e</ActionID>
        <OverrideName />
        <Sound>
          <SoundName />
          <Trigger>OnActionCompleted</Trigger>
        </Sound>
        <Disabled>false</Disabled>
        <PlayWhileConditionsAreOk>true</PlayWhileConditionsAreOk>
        <PlayWhileUnSuccess>true</PlayWhileUnSuccess>
        <AssociateMission />
        <Loop>false</Loop>
        <MaxRunningTime>0</MaxRunningTime>
        <OnlyOneConditionMustBeGood>false</OnlyOneConditionMustBeGood>
        <OnlyDoneByServer>false</OnlyDoneByServer>
        <Conditions />
        <HotSpots />
        <MissionId>Scc_Deed_Intro</MissionId>
        <SkipOnFail>false</SkipOnFail>
        <GiverId>Scc_Seer_Contact</GiverId>
        <GiverPosition>
          <X>-799.759766</X>
          <Y>43.9082031</Y>
          <Z>-5080</Z>
        </GiverPosition>
      </Action>
      <Action xsi:type="InteractSpecificNode">
        <ActionID>c446842f-3085-4a52-8712-37549aedc3a9</ActionID>
        <OverrideName />
        <Sound>
          <SoundName />
          <Trigger>OnActionCompleted</Trigger>
        </Sound>
        <Disabled>false</Disabled>
        <PlayWhileConditionsAreOk>false</PlayWhileConditionsAreOk>
        <PlayWhileUnSuccess>true</PlayWhileUnSuccess>
        <AssociateMission />
        <Loop>false</Loop>
        <MaxRunningTime>5</MaxRunningTime>
        <OnlyOneConditionMustBeGood>false</OnlyOneConditionMustBeGood>
        <OnlyDoneByServer>false</OnlyDoneByServer>
        <Conditions />
        <HotSpots />
        <NodeCategory />
        <LocalizedName />
        <Dialogs />
        <InteractTime>1000</InteractTime>
        <Position>
          <X>-801.6726</X>
          <Y>50.0532</Y>
          <Z>-5077.04639</Z>
        </Position>
        <RewardItemChoose />
        <SkipTimeout>1</SkipTimeout>
      </Action>
      <Action xsi:type="TurnInMission">
        <ActionID>83148967-034e-4394-a07b-425d70ee7b8d</ActionID>
        <OverrideName />
        <Sound>
          <SoundName />
          <Trigger>OnActionCompleted</Trigger>
        </Sound>
        <Disabled>false</Disabled>
        <PlayWhileConditionsAreOk>true</PlayWhileConditionsAreOk>
        <PlayWhileUnSuccess>true</PlayWhileUnSuccess>
        <AssociateMission />
        <Loop>false</Loop>
        <MaxRunningTime>0</MaxRunningTime>
        <OnlyOneConditionMustBeGood>false</OnlyOneConditionMustBeGood>
        <OnlyDoneByServer>false</OnlyDoneByServer>
        <Conditions />
        <HotSpots />
        <MissionId>Scc_Deed_Intro</MissionId>
        <GiverId>Scc_Seer_Contact</GiverId>
        <GiverPosition>
          <X>-799.759766</X>
          <Y>43.9082031</Y>
          <Z>-5080</Z>
        </GiverPosition>
      </Action>
      <Action xsi:type="PickUpMission">
        <ActionID>ea46d41b-07f3-46ed-a34c-183dc00c32c0</ActionID>
        <OverrideName />
        <Sound>
          <SoundName />
          <Trigger>OnActionCompleted</Trigger>
        </Sound>
        <Disabled>false</Disabled>
        <PlayWhileConditionsAreOk>true</PlayWhileConditionsAreOk>
        <PlayWhileUnSuccess>true</PlayWhileUnSuccess>
        <AssociateMission />
        <Loop>false</Loop>
        <MaxRunningTime>0</MaxRunningTime>
        <OnlyOneConditionMustBeGood>false</OnlyOneConditionMustBeGood>
        <OnlyDoneByServer>false</OnlyDoneByServer>
        <Conditions />
        <HotSpots />
        <MissionId>Scc_Intro_Campaign_Task_1</MissionId>
        <SkipOnFail>false</SkipOnFail>
        <GiverId>Scc_Seer_Contact</GiverId>
        <GiverPosition>
          <X>-799.759766</X>
          <Y>43.9082031</Y>
          <Z>-5080</Z>
        </GiverPosition>
      </Action>
      <Action xsi:type="InteractSpecificNode">
        <ActionID>a2a8255b-fc0a-4f66-9a8c-494be140d5f8</ActionID>
        <OverrideName />
        <Sound>
          <SoundName />
          <Trigger>OnActionCompleted</Trigger>
        </Sound>
        <Disabled>false</Disabled>
        <PlayWhileConditionsAreOk>false</PlayWhileConditionsAreOk>
        <PlayWhileUnSuccess>true</PlayWhileUnSuccess>
        <AssociateMission />
        <Loop>false</Loop>
        <MaxRunningTime>0</MaxRunningTime>
        <OnlyOneConditionMustBeGood>false</OnlyOneConditionMustBeGood>
        <OnlyDoneByServer>false</OnlyDoneByServer>
        <Conditions />
        <HotSpots />
        <NodeCategory>Door</NodeCategory>
        <LocalizedName>Выход от Сибеллы</LocalizedName>
        <Dialogs />
        <InteractTime>1000</InteractTime>
        <Position>
          <X>-799.662</X>
          <Y>-59.6481</Y>
          <Z>-5076.739</Z>
        </Position>
        <RewardItemChoose />
        <SkipTimeout>0</SkipTimeout>
      </Action>
      <Action xsi:type="ChangeMap">
        <ActionID>317d6c7a-b273-4a2e-984a-eec453e22b08</ActionID>
        <OverrideName />
        <Sound>
          <SoundName />
          <Trigger>OnActionCompleted</Trigger>
        </Sound>
        <Disabled>false</Disabled>
        <PlayWhileConditionsAreOk>false</PlayWhileConditionsAreOk>
        <PlayWhileUnSuccess>true</PlayWhileUnSuccess>
        <AssociateMission />
        <Loop>false</Loop>
        <MaxRunningTime>0</MaxRunningTime>
        <OnlyOneConditionMustBeGood>false</OnlyOneConditionMustBeGood>
        <OnlyDoneByServer>false</OnlyDoneByServer>
        <Conditions />
        <HotSpots />
        <NodePosition>
          <X>1202.96436</X>
          <Y>478.092773</Y>
          <Z>25.3878021</Z>
        </NodePosition>
        <MapName>Az_Rd</MapName>
        <SecondMapName />
        <DisableVIPTravel>false</DisableVIPTravel>
        <NodeCategory>Door</NodeCategory>
      </Action>
      <Action xsi:type="Grind">
        <ActionID>657565b1-f77e-4ab5-aa63-5e62afc7a2ea</ActionID>
        <OverrideName />
        <Sound>
          <SoundName />
          <Trigger>OnActionCompleted</Trigger>
        </Sound>
        <Disabled>false</Disabled>
        <PlayWhileConditionsAreOk>true</PlayWhileConditionsAreOk>
        <PlayWhileUnSuccess>true</PlayWhileUnSuccess>
        <AssociateMission />
        <Loop>false</Loop>
        <MaxRunningTime>0</MaxRunningTime>
        <OnlyOneConditionMustBeGood>false</OnlyOneConditionMustBeGood>
        <OnlyDoneByServer>false</OnlyDoneByServer>
        <Conditions>
          <Condition xsi:type="QuestInfo">
            <Locked>false</Locked>
            <QuestID>Scc_Intro_Campaign_Task_1/Collect_Shards</QuestID>
            <Tested>InProgress</Tested>
          </Condition>
        </Conditions>
        <HotSpots>
          <Vector3>
            <X>965.1051</X>
            <Y>1295.5011</Y>
            <Z>-14.9465046</Z>
          </Vector3>
          <Vector3>
            <X>961.3794</X>
            <Y>1142.323</Y>
            <Z>-12.5080395</Z>
          </Vector3>
          <Vector3>
            <X>951.415649</X>
            <Y>1018.29034</Y>
            <Z>-18.076828</Z>
          </Vector3>
          <Vector3>
            <X>933.6043</X>
            <Y>962.3867</Y>
            <Z>-19.7854633</Z>
          </Vector3>
          <Vector3>
            <X>873.746033</X>
            <Y>971.246948</Y>
            <Z>-15.8981972</Z>
          </Vector3>
          <Vector3>
            <X>794.903748</X>
            <Y>968.4512</Y>
            <Z>-10.7180614</Z>
          </Vector3>
          <Vector3>
            <X>741.3967</X>
            <Y>1001.316</Y>
            <Z>-9.570679</Z>
          </Vector3>
          <Vector3>
            <X>678.6443</X>
            <Y>970.849</Y>
            <Z>-2.61765981</Z>
          </Vector3>
          <Vector3>
            <X>685.8283</X>
            <Y>886.69104</Y>
            <Z>5.37857533</Z>
          </Vector3>
          <Vector3>
            <X>706.8435</X>
            <Y>812.6022</Y>
            <Z>15.3579884</Z>
          </Vector3>
          <Vector3>
            <X>691.0277</X>
            <Y>648.367249</Y>
            <Z>3.00152349</Z>
          </Vector3>
          <Vector3>
            <X>738.769653</X>
            <Y>721.6795</Y>
            <Z>6.03632355</Z>
          </Vector3>
          <Vector3>
            <X>814.9582</X>
            <Y>674.4653</Y>
            <Z>3.49932337</Z>
          </Vector3>
          <Vector3>
            <X>811.1091</X>
            <Y>797.7704</Y>
            <Z>7.138797</Z>
          </Vector3>
          <Vector3>
            <X>680.8429</X>
            <Y>765.5492</Y>
            <Z>1.79571331</Z>
          </Vector3>
          <Vector3>
            <X>759.2699</X>
            <Y>920.544739</Y>
            <Z>14.7875738</Z>
          </Vector3>
        </HotSpots>
      </Action>
      <Action xsi:type="ChangeMap">
        <ActionID>bb0a72d9-b01a-4b67-bbb4-d4645ab344d2</ActionID>
        <OverrideName />
        <Sound>
          <SoundName />
          <Trigger>OnActionCompleted</Trigger>
        </Sound>
        <Disabled>false</Disabled>
        <PlayWhileConditionsAreOk>false</PlayWhileConditionsAreOk>
        <PlayWhileUnSuccess>true</PlayWhileUnSuccess>
        <AssociateMission />
        <Loop>false</Loop>
        <MaxRunningTime>0</MaxRunningTime>
        <OnlyOneConditionMustBeGood>false</OnlyOneConditionMustBeGood>
        <OnlyDoneByServer>false</OnlyDoneByServer>
        <Conditions />
        <HotSpots />
        <NodePosition>
          <X>173.682556</X>
          <Y>1387.77014</Y>
          <Z>12.8505</Z>
        </NodePosition>
        <MapName>Neverwinter_Protectors_Enclave</MapName>
        <SecondMapName />
        <DisableVIPTravel>false</DisableVIPTravel>
        <NodeCategory>Door</NodeCategory>
      </Action>
      <Action xsi:type="SpecialAction">
        <ActionID>40dde3af-0fc1-4251-be92-294cc6b0e7b0</ActionID>
        <OverrideName>StopBot_SortShatters</OverrideName>
        <Sound>
          <SoundName />
          <Trigger>OnActionCompleted</Trigger>
        </Sound>
        <Disabled>false</Disabled>
        <PlayWhileConditionsAreOk>false</PlayWhileConditionsAreOk>
        <PlayWhileUnSuccess>true</PlayWhileUnSuccess>
        <AssociateMission />
        <Loop>false</Loop>
        <MaxRunningTime>0</MaxRunningTime>
        <OnlyOneConditionMustBeGood>false</OnlyOneConditionMustBeGood>
        <OnlyDoneByServer>false</OnlyDoneByServer>
        <Conditions />
        <HotSpots />
        <Action>StopBot</Action>
      </Action>
      <Action xsi:type="InteractSpecificNode">
        <ActionID>6b5e19b7-1a8e-4770-b46d-ad9dbbfcb796</ActionID>
        <OverrideName />
        <Sound>
          <SoundName />
          <Trigger>OnActionCompleted</Trigger>
        </Sound>
        <Disabled>false</Disabled>
        <PlayWhileConditionsAreOk>false</PlayWhileConditionsAreOk>
        <PlayWhileUnSuccess>true</PlayWhileUnSuccess>
        <AssociateMission />
        <Loop>false</Loop>
        <MaxRunningTime>0</MaxRunningTime>
        <OnlyOneConditionMustBeGood>false</OnlyOneConditionMustBeGood>
        <OnlyDoneByServer>false</OnlyDoneByServer>
        <Conditions />
        <HotSpots />
        <NodeCategory>Door</NodeCategory>
        <LocalizedName>Вход к Сибелле</LocalizedName>
        <Dialogs />
        <InteractTime>1000</InteractTime>
        <Position>
          <X>902.0675</X>
          <Y>1332.672</Y>
          <Z>182.82991</Z>
        </Position>
        <RewardItemChoose />
        <SkipTimeout>0</SkipTimeout>
      </Action>
      <Action xsi:type="TurnInMission">
        <ActionID>e915269d-0893-4aa5-8e59-82509e724769</ActionID>
        <OverrideName />
        <Sound>
          <SoundName />
          <Trigger>OnActionCompleted</Trigger>
        </Sound>
        <Disabled>false</Disabled>
        <PlayWhileConditionsAreOk>true</PlayWhileConditionsAreOk>
        <PlayWhileUnSuccess>true</PlayWhileUnSuccess>
        <AssociateMission />
        <Loop>false</Loop>
        <MaxRunningTime>0</MaxRunningTime>
        <OnlyOneConditionMustBeGood>false</OnlyOneConditionMustBeGood>
        <OnlyDoneByServer>false</OnlyDoneByServer>
        <Conditions />
        <HotSpots />
        <MissionId>Scc_Intro_Campaign_Task_1</MissionId>
        <GiverId>Scc_Seer_Contact</GiverId>
        <GiverPosition>
          <X>-799.759766</X>
          <Y>43.9082031</Y>
          <Z>-5080</Z>
        </GiverPosition>
      </Action>
      <Action xsi:type="PickUpMission">
        <ActionID>d17db1b3-1c30-4871-9759-5b550dd1bb74</ActionID>
        <OverrideName />
        <Sound>
          <SoundName />
          <Trigger>OnActionCompleted</Trigger>
        </Sound>
        <Disabled>false</Disabled>
        <PlayWhileConditionsAreOk>true</PlayWhileConditionsAreOk>
        <PlayWhileUnSuccess>true</PlayWhileUnSuccess>
        <AssociateMission />
        <Loop>false</Loop>
        <MaxRunningTime>0</MaxRunningTime>
        <OnlyOneConditionMustBeGood>false</OnlyOneConditionMustBeGood>
        <OnlyDoneByServer>false</OnlyDoneByServer>
        <Conditions />
        <HotSpots />
        <MissionId>Scc_Intro_Campaign_Task_2</MissionId>
        <SkipOnFail>false</SkipOnFail>
        <GiverId>Scc_Seer_Contact</GiverId>
        <GiverPosition>
          <X>-799.759766</X>
          <Y>43.9082031</Y>
          <Z>-5080</Z>
        </GiverPosition>
      </Action>
      <Action xsi:type="SpecialAction">
        <ActionID>0922fb16-2698-4584-b5fd-e2fdf01af492</ActionID>
        <OverrideName />
        <Sound>
          <SoundName>Whisper.wav</SoundName>
          <Trigger>OnActionStart</Trigger>
        </Sound>
        <Disabled>false</Disabled>
        <PlayWhileConditionsAreOk>false</PlayWhileConditionsAreOk>
        <PlayWhileUnSuccess>true</PlayWhileUnSuccess>
        <AssociateMission />
        <Loop>false</Loop>
        <MaxRunningTime>0</MaxRunningTime>
        <OnlyOneConditionMustBeGood>false</OnlyOneConditionMustBeGood>
        <OnlyDoneByServer>false</OnlyDoneByServer>
        <Conditions />
        <HotSpots />
        <Action>StopBot</Action>
      </Action>
      <Action xsi:type="TurnInMission">
        <ActionID>5cf193fa-6397-4452-90db-8466dc59579b</ActionID>
        <OverrideName />
        <Sound>
          <SoundName />
          <Trigger>OnActionCompleted</Trigger>
        </Sound>
        <Disabled>false</Disabled>
        <PlayWhileConditionsAreOk>true</PlayWhileConditionsAreOk>
        <PlayWhileUnSuccess>true</PlayWhileUnSuccess>
        <AssociateMission />
        <Loop>false</Loop>
        <MaxRunningTime>0</MaxRunningTime>
        <OnlyOneConditionMustBeGood>false</OnlyOneConditionMustBeGood>
        <OnlyDoneByServer>false</OnlyDoneByServer>
        <Conditions />
        <HotSpots />
        <MissionId>Scc_Intro_Campaign_Task_2</MissionId>
        <GiverId>Scc_Seer_Contact</GiverId>
        <GiverPosition>
          <X>-799.759766</X>
          <Y>43.9082031</Y>
          <Z>-5080</Z>
        </GiverPosition>
      </Action>
      <Action xsi:type="PickUpMission">
        <ActionID>8e6158c0-4a3a-4f5d-a9f8-fb0a4eab1cfb</ActionID>
        <OverrideName />
        <Sound>
          <SoundName />
          <Trigger>OnActionCompleted</Trigger>
        </Sound>
        <Disabled>false</Disabled>
        <PlayWhileConditionsAreOk>true</PlayWhileConditionsAreOk>
        <PlayWhileUnSuccess>true</PlayWhileUnSuccess>
        <AssociateMission />
        <Loop>false</Loop>
        <MaxRunningTime>0</MaxRunningTime>
        <OnlyOneConditionMustBeGood>false</OnlyOneConditionMustBeGood>
        <OnlyDoneByServer>false</OnlyDoneByServer>
        <Conditions />
        <HotSpots />
        <MissionId>Scc_Intro_Campaign_Task_3</MissionId>
        <SkipOnFail>false</SkipOnFail>
        <GiverId>Scc_Seer_Contact</GiverId>
        <GiverPosition>
          <X>-799.759766</X>
          <Y>43.9082031</Y>
          <Z>-5080</Z>
        </GiverPosition>
      </Action>
      <Action xsi:type="InteractSpecificNode">
        <ActionID>dba5f0e1-bbef-4781-b7f0-a4158d91af10</ActionID>
        <OverrideName />
        <Sound>
          <SoundName />
          <Trigger>OnActionCompleted</Trigger>
        </Sound>
        <Disabled>false</Disabled>
        <PlayWhileConditionsAreOk>false</PlayWhileConditionsAreOk>
        <PlayWhileUnSuccess>true</PlayWhileUnSuccess>
        <AssociateMission />
        <Loop>false</Loop>
        <MaxRunningTime>0</MaxRunningTime>
        <OnlyOneConditionMustBeGood>false</OnlyOneConditionMustBeGood>
        <OnlyDoneByServer>false</OnlyDoneByServer>
        <Conditions />
        <HotSpots />
        <NodeCategory>Door</NodeCategory>
        <LocalizedName>Выход от Сибеллы</LocalizedName>
        <Dialogs />
        <InteractTime>1000</InteractTime>
        <Position>
          <X>-799.662</X>
          <Y>-59.6481</Y>
          <Z>-5076.739</Z>
        </Position>
        <RewardItemChoose />
        <SkipTimeout>0</SkipTimeout>
      </Action>
      <Action xsi:type="ChangeMap">
        <ActionID>5f8b0724-fdcf-498c-882b-551034f8d35e</ActionID>
        <OverrideName />
        <Sound>
          <SoundName />
          <Trigger>OnActionCompleted</Trigger>
        </Sound>
        <Disabled>false</Disabled>
        <PlayWhileConditionsAreOk>false</PlayWhileConditionsAreOk>
        <PlayWhileUnSuccess>true</PlayWhileUnSuccess>
        <AssociateMission />
        <Loop>false</Loop>
        <MaxRunningTime>0</MaxRunningTime>
        <OnlyOneConditionMustBeGood>false</OnlyOneConditionMustBeGood>
        <OnlyDoneByServer>false</OnlyDoneByServer>
        <Conditions />
        <HotSpots />
        <NodePosition>
          <X>1202.96436</X>
          <Y>478.092773</Y>
          <Z>25.3878021</Z>
        </NodePosition>
        <MapName>Az_Bdr</MapName>
        <SecondMapName />
        <DisableVIPTravel>false</DisableVIPTravel>
        <NodeCategory>Door</NodeCategory>
      </Action>
      <Action xsi:type="ActionPack">
        <ActionID>857bbae5-aa88-4dc4-bee9-8029b2f445a1</ActionID>
        <OverrideName />
        <Sound>
          <SoundName />
          <Trigger>OnActionCompleted</Trigger>
        </Sound>
        <Disabled>false</Disabled>
        <PlayWhileConditionsAreOk>false</PlayWhileConditionsAreOk>
        <PlayWhileUnSuccess>true</PlayWhileUnSuccess>
        <AssociateMission>Scc_Intro_Campaign_Task_3/Search_Caches</AssociateMission>
        <Loop>false</Loop>
        <MaxRunningTime>0</MaxRunningTime>
        <OnlyOneConditionMustBeGood>false</OnlyOneConditionMustBeGood>
        <OnlyDoneByServer>false</OnlyDoneByServer>
        <Conditions />
        <HotSpots />
        <Actions>
          <Action xsi:type="MoveTo">
            <ActionID>f6f9b8c1-3212-4af8-ba3a-ff8eb0f3c840</ActionID>
            <OverrideName />
            <Sound>
              <SoundName />
              <Trigger>OnActionCompleted</Trigger>
            </Sound>
            <Disabled>false</Disabled>
            <PlayWhileConditionsAreOk>false</PlayWhileConditionsAreOk>
            <PlayWhileUnSuccess>true</PlayWhileUnSuccess>
            <AssociateMission />
            <Loop>false</Loop>
            <MaxRunningTime>0</MaxRunningTime>
            <OnlyOneConditionMustBeGood>false</OnlyOneConditionMustBeGood>
            <OnlyDoneByServer>false</OnlyDoneByServer>
            <Conditions />
            <HotSpots />
            <Position>
              <X>518.922668</X>
              <Y>1382.48657</Y>
              <Z>45.343956</Z>
            </Position>
            <Range>5</Range>
          </Action>
          <Action xsi:type="UseItem">
            <ActionID>7b117316-aed8-40ef-abae-ee7cd6d69fa7</ActionID>
            <OverrideName />
            <Sound>
              <SoundName />
              <Trigger>OnActionCompleted</Trigger>
            </Sound>
            <Disabled>false</Disabled>
            <PlayWhileConditionsAreOk>false</PlayWhileConditionsAreOk>
            <PlayWhileUnSuccess>true</PlayWhileUnSuccess>
            <AssociateMission />
            <Loop>false</Loop>
            <MaxRunningTime>0</MaxRunningTime>
            <OnlyOneConditionMustBeGood>false</OnlyOneConditionMustBeGood>
            <OnlyDoneByServer>false</OnlyDoneByServer>
            <Conditions />
            <HotSpots />
            <ItemId>Scc_Scrying_Orb</ItemId>
            <Dialogs />
            <UseTimeMs>2000</UseTimeMs>
          </Action>
          <Action xsi:type="InteractSpecificNode">
            <ActionID>5ce0c261-999d-482f-8e98-ac2d8565bac5</ActionID>
            <OverrideName />
            <Sound>
              <SoundName />
              <Trigger>OnActionCompleted</Trigger>
            </Sound>
            <Disabled>false</Disabled>
            <PlayWhileConditionsAreOk>false</PlayWhileConditionsAreOk>
            <PlayWhileUnSuccess>true</PlayWhileUnSuccess>
            <AssociateMission />
            <Loop>false</Loop>
            <MaxRunningTime>0</MaxRunningTime>
            <OnlyOneConditionMustBeGood>false</OnlyOneConditionMustBeGood>
            <OnlyDoneByServer>false</OnlyDoneByServer>
            <Conditions />
            <HotSpots />
            <NodeCategory />
            <LocalizedName />
            <Dialogs />
            <InteractTime>1000</InteractTime>
            <Position>
              <X>512.0821</X>
              <Y>1378.10608</Y>
              <Z>46.429</Z>
            </Position>
            <RewardItemChoose />
            <SkipTimeout>0</SkipTimeout>
          </Action>
          <Action xsi:type="MoveTo">
            <ActionID>f460d2d7-bf06-481d-a6f9-e8a0022cd100</ActionID>
            <OverrideName />
            <Sound>
              <SoundName />
              <Trigger>OnActionCompleted</Trigger>
            </Sound>
            <Disabled>false</Disabled>
            <PlayWhileConditionsAreOk>false</PlayWhileConditionsAreOk>
            <PlayWhileUnSuccess>true</PlayWhileUnSuccess>
            <AssociateMission />
            <Loop>false</Loop>
            <MaxRunningTime>0</MaxRunningTime>
            <OnlyOneConditionMustBeGood>false</OnlyOneConditionMustBeGood>
            <OnlyDoneByServer>false</OnlyDoneByServer>
            <Conditions />
            <HotSpots />
            <Position>
              <X>306.316071</X>
              <Y>1303.52783</Y>
              <Z>32.737175</Z>
            </Position>
            <Range>5</Range>
          </Action>
          <Action xsi:type="UseItem">
            <ActionID>163469ef-e253-4b38-8d13-47d50cee5350</ActionID>
            <OverrideName />
            <Sound>
              <SoundName />
              <Trigger>OnActionCompleted</Trigger>
            </Sound>
            <Disabled>false</Disabled>
            <PlayWhileConditionsAreOk>false</PlayWhileConditionsAreOk>
            <PlayWhileUnSuccess>true</PlayWhileUnSuccess>
            <AssociateMission />
            <Loop>false</Loop>
            <MaxRunningTime>0</MaxRunningTime>
            <OnlyOneConditionMustBeGood>false</OnlyOneConditionMustBeGood>
            <OnlyDoneByServer>false</OnlyDoneByServer>
            <Conditions />
            <HotSpots />
            <ItemId>Scc_Scrying_Orb</ItemId>
            <Dialogs />
            <UseTimeMs>2000</UseTimeMs>
          </Action>
          <Action xsi:type="InteractSpecificNode">
            <ActionID>54bcc03d-4597-4683-b3c0-ec4672c0d702</ActionID>
            <OverrideName />
            <Sound>
              <SoundName />
              <Trigger>OnActionCompleted</Trigger>
            </Sound>
            <Disabled>false</Disabled>
            <PlayWhileConditionsAreOk>false</PlayWhileConditionsAreOk>
            <PlayWhileUnSuccess>true</PlayWhileUnSuccess>
            <AssociateMission />
            <Loop>false</Loop>
            <MaxRunningTime>0</MaxRunningTime>
            <OnlyOneConditionMustBeGood>false</OnlyOneConditionMustBeGood>
            <OnlyDoneByServer>false</OnlyDoneByServer>
            <Conditions />
            <HotSpots />
            <NodeCategory />
            <LocalizedName />
            <Dialogs />
            <InteractTime>1000</InteractTime>
            <Position>
              <X>301.309</X>
              <Y>1297.35669</Y>
              <Z>32.6394</Z>
            </Position>
            <RewardItemChoose />
            <SkipTimeout>0</SkipTimeout>
          </Action>
          <Action xsi:type="MoveTo">
            <ActionID>0d545f61-a2d8-478d-9582-2e4628358d36</ActionID>
            <OverrideName />
            <Sound>
              <SoundName />
              <Trigger>OnActionCompleted</Trigger>
            </Sound>
            <Disabled>false</Disabled>
            <PlayWhileConditionsAreOk>false</PlayWhileConditionsAreOk>
            <PlayWhileUnSuccess>true</PlayWhileUnSuccess>
            <AssociateMission />
            <Loop>false</Loop>
            <MaxRunningTime>0</MaxRunningTime>
            <OnlyOneConditionMustBeGood>false</OnlyOneConditionMustBeGood>
            <OnlyDoneByServer>false</OnlyDoneByServer>
            <Conditions />
            <HotSpots />
            <Position>
              <X>480.81366</X>
              <Y>1530.15808</Y>
              <Z>95.95875</Z>
            </Position>
            <Range>5</Range>
          </Action>
          <Action xsi:type="UseItem">
            <ActionID>3626ce8f-81a6-44d3-ad99-66e0795a9ed7</ActionID>
            <OverrideName />
            <Sound>
              <SoundName />
              <Trigger>OnActionCompleted</Trigger>
            </Sound>
            <Disabled>false</Disabled>
            <PlayWhileConditionsAreOk>false</PlayWhileConditionsAreOk>
            <PlayWhileUnSuccess>true</PlayWhileUnSuccess>
            <AssociateMission />
            <Loop>false</Loop>
            <MaxRunningTime>0</MaxRunningTime>
            <OnlyOneConditionMustBeGood>false</OnlyOneConditionMustBeGood>
            <OnlyDoneByServer>false</OnlyDoneByServer>
            <Conditions />
            <HotSpots />
            <ItemId>Scc_Scrying_Orb</ItemId>
            <Dialogs />
            <UseTimeMs>2000</UseTimeMs>
          </Action>
          <Action xsi:type="InteractSpecificNode">
            <ActionID>ec6deafb-b296-42d7-8cea-47a7b0f4b5c8</ActionID>
            <OverrideName />
            <Sound>
              <SoundName />
              <Trigger>OnActionCompleted</Trigger>
            </Sound>
            <Disabled>false</Disabled>
            <PlayWhileConditionsAreOk>false</PlayWhileConditionsAreOk>
            <PlayWhileUnSuccess>true</PlayWhileUnSuccess>
            <AssociateMission />
            <Loop>false</Loop>
            <MaxRunningTime>0</MaxRunningTime>
            <OnlyOneConditionMustBeGood>false</OnlyOneConditionMustBeGood>
            <OnlyDoneByServer>false</OnlyDoneByServer>
            <Conditions />
            <HotSpots />
            <NodeCategory />
            <LocalizedName />
            <Dialogs />
            <InteractTime>1000</InteractTime>
            <Position>
              <X>478.7004</X>
              <Y>1526.57556</Y>
              <Z>97.3373</Z>
            </Position>
            <RewardItemChoose />
            <SkipTimeout>0</SkipTimeout>
          </Action>
          <Action xsi:type="MoveTo">
            <ActionID>293cc3ad-508a-439b-ae6a-e18e0e6a25b3</ActionID>
            <OverrideName />
            <Sound>
              <SoundName />
              <Trigger>OnActionCompleted</Trigger>
            </Sound>
            <Disabled>false</Disabled>
            <PlayWhileConditionsAreOk>false</PlayWhileConditionsAreOk>
            <PlayWhileUnSuccess>true</PlayWhileUnSuccess>
            <AssociateMission />
            <Loop>false</Loop>
            <MaxRunningTime>0</MaxRunningTime>
            <OnlyOneConditionMustBeGood>false</OnlyOneConditionMustBeGood>
            <OnlyDoneByServer>false</OnlyDoneByServer>
            <Conditions />
            <HotSpots />
            <Position>
              <X>550.6297</X>
              <Y>1622.30493</Y>
              <Z>105.743591</Z>
            </Position>
            <Range>5</Range>
          </Action>
          <Action xsi:type="UseItem">
            <ActionID>04ef30d7-c338-49c8-bcbf-97ecae125ff7</ActionID>
            <OverrideName />
            <Sound>
              <SoundName />
              <Trigger>OnActionCompleted</Trigger>
            </Sound>
            <Disabled>false</Disabled>
            <PlayWhileConditionsAreOk>false</PlayWhileConditionsAreOk>
            <PlayWhileUnSuccess>true</PlayWhileUnSuccess>
            <AssociateMission />
            <Loop>false</Loop>
            <MaxRunningTime>0</MaxRunningTime>
            <OnlyOneConditionMustBeGood>false</OnlyOneConditionMustBeGood>
            <OnlyDoneByServer>false</OnlyDoneByServer>
            <Conditions />
            <HotSpots />
            <ItemId>Scc_Scrying_Orb</ItemId>
            <Dialogs />
            <UseTimeMs>2000</UseTimeMs>
          </Action>
          <Action xsi:type="InteractSpecificNode">
            <ActionID>a45ded38-7eda-48b7-96b0-8317afad965f</ActionID>
            <OverrideName />
            <Sound>
              <SoundName />
              <Trigger>OnActionCompleted</Trigger>
            </Sound>
            <Disabled>false</Disabled>
            <PlayWhileConditionsAreOk>false</PlayWhileConditionsAreOk>
            <PlayWhileUnSuccess>true</PlayWhileUnSuccess>
            <AssociateMission />
            <Loop>false</Loop>
            <MaxRunningTime>0</MaxRunningTime>
            <OnlyOneConditionMustBeGood>false</OnlyOneConditionMustBeGood>
            <OnlyDoneByServer>false</OnlyDoneByServer>
            <Conditions />
            <HotSpots />
            <NodeCategory />
            <LocalizedName />
            <Dialogs />
            <InteractTime>1000</InteractTime>
            <Position>
              <X>543.8256</X>
              <Y>1622.8468</Y>
              <Z>105.4937</Z>
            </Position>
            <RewardItemChoose />
            <SkipTimeout>0</SkipTimeout>
          </Action>
          <Action xsi:type="MoveTo">
            <ActionID>eb460cfb-ad82-46e3-bd6d-76cbe650df40</ActionID>
            <OverrideName />
            <Sound>
              <SoundName />
              <Trigger>OnActionCompleted</Trigger>
            </Sound>
            <Disabled>false</Disabled>
            <PlayWhileConditionsAreOk>false</PlayWhileConditionsAreOk>
            <PlayWhileUnSuccess>true</PlayWhileUnSuccess>
            <AssociateMission />
            <Loop>false</Loop>
            <MaxRunningTime>0</MaxRunningTime>
            <OnlyOneConditionMustBeGood>false</OnlyOneConditionMustBeGood>
            <OnlyDoneByServer>false</OnlyDoneByServer>
            <Conditions />
            <HotSpots />
            <Position>
              <X>641.5438</X>
              <Y>1543.78967</Y>
              <Z>103.713226</Z>
            </Position>
            <Range>5</Range>
          </Action>
          <Action xsi:type="UseItem">
            <ActionID>14561933-60c6-4265-95a8-3ef473bb8822</ActionID>
            <OverrideName />
            <Sound>
              <SoundName />
              <Trigger>OnActionCompleted</Trigger>
            </Sound>
            <Disabled>false</Disabled>
            <PlayWhileConditionsAreOk>false</PlayWhileConditionsAreOk>
            <PlayWhileUnSuccess>true</PlayWhileUnSuccess>
            <AssociateMission />
            <Loop>false</Loop>
            <MaxRunningTime>0</MaxRunningTime>
            <OnlyOneConditionMustBeGood>false</OnlyOneConditionMustBeGood>
            <OnlyDoneByServer>false</OnlyDoneByServer>
            <Conditions />
            <HotSpots />
            <ItemId>Scc_Scrying_Orb</ItemId>
            <Dialogs />
            <UseTimeMs>2000</UseTimeMs>
          </Action>
          <Action xsi:type="InteractSpecificNode">
            <ActionID>6d4ee2d6-ce1b-461c-9457-2fa10a07c0a1</ActionID>
            <OverrideName />
            <Sound>
              <SoundName />
              <Trigger>OnActionCompleted</Trigger>
            </Sound>
            <Disabled>false</Disabled>
            <PlayWhileConditionsAreOk>false</PlayWhileConditionsAreOk>
            <PlayWhileUnSuccess>true</PlayWhileUnSuccess>
            <AssociateMission />
            <Loop>false</Loop>
            <MaxRunningTime>0</MaxRunningTime>
            <OnlyOneConditionMustBeGood>false</OnlyOneConditionMustBeGood>
            <OnlyDoneByServer>false</OnlyDoneByServer>
            <Conditions />
            <HotSpots />
            <NodeCategory />
            <LocalizedName />
            <Dialogs />
            <InteractTime>1000</InteractTime>
            <Position>
              <X>645.1054</X>
              <Y>1539.69727</Y>
              <Z>104.6219</Z>
            </Position>
            <RewardItemChoose />
            <SkipTimeout>0</SkipTimeout>
          </Action>
          <Action xsi:type="MoveTo">
            <ActionID>5e60b2f0-5bc6-4636-b005-091c61cdae0d</ActionID>
            <OverrideName />
            <Sound>
              <SoundName />
              <Trigger>OnActionCompleted</Trigger>
            </Sound>
            <Disabled>false</Disabled>
            <PlayWhileConditionsAreOk>false</PlayWhileConditionsAreOk>
            <PlayWhileUnSuccess>true</PlayWhileUnSuccess>
            <AssociateMission />
            <Loop>false</Loop>
            <MaxRunningTime>0</MaxRunningTime>
            <OnlyOneConditionMustBeGood>false</OnlyOneConditionMustBeGood>
            <OnlyDoneByServer>false</OnlyDoneByServer>
            <Conditions />
            <HotSpots />
            <Position>
              <X>656.3833</X>
              <Y>1729.61865</Y>
              <Z>131.080765</Z>
            </Position>
            <Range>5</Range>
          </Action>
          <Action xsi:type="UseItem">
            <ActionID>1332476d-67d6-44f1-99e1-84f2db822d19</ActionID>
            <OverrideName />
            <Sound>
              <SoundName />
              <Trigger>OnActionCompleted</Trigger>
            </Sound>
            <Disabled>false</Disabled>
            <PlayWhileConditionsAreOk>false</PlayWhileConditionsAreOk>
            <PlayWhileUnSuccess>true</PlayWhileUnSuccess>
            <AssociateMission />
            <Loop>false</Loop>
            <MaxRunningTime>0</MaxRunningTime>
            <OnlyOneConditionMustBeGood>false</OnlyOneConditionMustBeGood>
            <OnlyDoneByServer>false</OnlyDoneByServer>
            <Conditions />
            <HotSpots />
            <ItemId>Scc_Scrying_Orb</ItemId>
            <Dialogs />
            <UseTimeMs>2000</UseTimeMs>
          </Action>
          <Action xsi:type="InteractSpecificNode">
            <ActionID>9762606c-2327-4f8a-9fe8-4172aa37ec95</ActionID>
            <OverrideName />
            <Sound>
              <SoundName />
              <Trigger>OnActionCompleted</Trigger>
            </Sound>
            <Disabled>false</Disabled>
            <PlayWhileConditionsAreOk>false</PlayWhileConditionsAreOk>
            <PlayWhileUnSuccess>true</PlayWhileUnSuccess>
            <AssociateMission />
            <Loop>false</Loop>
            <MaxRunningTime>0</MaxRunningTime>
            <OnlyOneConditionMustBeGood>false</OnlyOneConditionMustBeGood>
            <OnlyDoneByServer>false</OnlyDoneByServer>
            <Conditions />
            <HotSpots />
            <NodeCategory />
            <LocalizedName />
            <Dialogs />
            <InteractTime>1000</InteractTime>
            <Position>
              <X>650.6266</X>
              <Y>1727.51282</Y>
              <Z>131.5521</Z>
            </Position>
            <RewardItemChoose />
            <SkipTimeout>0</SkipTimeout>
          </Action>
          <Action xsi:type="MoveTo">
            <ActionID>08c6b25a-faa3-47d3-ac89-14fa81d94036</ActionID>
            <OverrideName />
            <Sound>
              <SoundName />
              <Trigger>OnActionCompleted</Trigger>
            </Sound>
            <Disabled>false</Disabled>
            <PlayWhileConditionsAreOk>false</PlayWhileConditionsAreOk>
            <PlayWhileUnSuccess>true</PlayWhileUnSuccess>
            <AssociateMission />
            <Loop>false</Loop>
            <MaxRunningTime>0</MaxRunningTime>
            <OnlyOneConditionMustBeGood>false</OnlyOneConditionMustBeGood>
            <OnlyDoneByServer>false</OnlyDoneByServer>
            <Conditions />
            <HotSpots />
            <Position>
              <X>909.5928</X>
              <Y>1754.29456</Y>
              <Z>102.208344</Z>
            </Position>
            <Range>5</Range>
          </Action>
          <Action xsi:type="UseItem">
            <ActionID>744b8e53-044b-482d-803e-4595b81c0ff4</ActionID>
            <OverrideName />
            <Sound>
              <SoundName />
              <Trigger>OnActionCompleted</Trigger>
            </Sound>
            <Disabled>false</Disabled>
            <PlayWhileConditionsAreOk>false</PlayWhileConditionsAreOk>
            <PlayWhileUnSuccess>true</PlayWhileUnSuccess>
            <AssociateMission />
            <Loop>false</Loop>
            <MaxRunningTime>0</MaxRunningTime>
            <OnlyOneConditionMustBeGood>false</OnlyOneConditionMustBeGood>
            <OnlyDoneByServer>false</OnlyDoneByServer>
            <Conditions />
            <HotSpots />
            <ItemId>Scc_Scrying_Orb</ItemId>
            <Dialogs />
            <UseTimeMs>2000</UseTimeMs>
          </Action>
          <Action xsi:type="InteractSpecificNode">
            <ActionID>1c10af20-de57-495f-b37b-4213cd6c0763</ActionID>
            <OverrideName />
            <Sound>
              <SoundName />
              <Trigger>OnActionCompleted</Trigger>
            </Sound>
            <Disabled>false</Disabled>
            <PlayWhileConditionsAreOk>false</PlayWhileConditionsAreOk>
            <PlayWhileUnSuccess>true</PlayWhileUnSuccess>
            <AssociateMission />
            <Loop>false</Loop>
            <MaxRunningTime>0</MaxRunningTime>
            <OnlyOneConditionMustBeGood>false</OnlyOneConditionMustBeGood>
            <OnlyDoneByServer>false</OnlyDoneByServer>
            <Conditions />
            <HotSpots />
            <NodeCategory />
            <LocalizedName />
            <Dialogs />
            <InteractTime>1000</InteractTime>
            <Position>
              <X>912.469</X>
              <Y>1756.01025</Y>
              <Z>104.1583</Z>
            </Position>
            <RewardItemChoose />
            <SkipTimeout>0</SkipTimeout>
          </Action>
          <Action xsi:type="GoToAction">
            <ActionID>906b0425-f71a-4f31-89a2-2be5cdae84be</ActionID>
            <OverrideName />
            <Sound>
              <SoundName />
              <Trigger>OnActionCompleted</Trigger>
            </Sound>
            <Disabled>false</Disabled>
            <PlayWhileConditionsAreOk>true</PlayWhileConditionsAreOk>
            <PlayWhileUnSuccess>true</PlayWhileUnSuccess>
            <AssociateMission />
            <Loop>true</Loop>
            <MaxRunningTime>0</MaxRunningTime>
            <OnlyOneConditionMustBeGood>false</OnlyOneConditionMustBeGood>
            <OnlyDoneByServer>true</OnlyDoneByServer>
            <Conditions>
              <Condition xsi:type="QuestInfo">
                <Locked>false</Locked>
                <QuestID>Scc_Intro_Campaign_Task_3/Search_Caches</QuestID>
                <Tested>InProgress</Tested>
              </Condition>
            </Conditions>
            <HotSpots />
            <ResetAllCompletedActions>true</ResetAllCompletedActions>
            <DestinationActionID>f6f9b8c1-3212-4af8-ba3a-ff8eb0f3c840</DestinationActionID>
          </Action>
        </Actions>
        <SimultaneousActions>false</SimultaneousActions>
      </Action>
      <Action xsi:type="ChangeMap">
        <ActionID>30e02f0d-9a12-473a-8e11-a71942bcda62</ActionID>
        <OverrideName />
        <Sound>
          <SoundName />
          <Trigger>OnActionCompleted</Trigger>
        </Sound>
        <Disabled>false</Disabled>
        <PlayWhileConditionsAreOk>false</PlayWhileConditionsAreOk>
        <PlayWhileUnSuccess>true</PlayWhileUnSuccess>
        <AssociateMission />
        <Loop>false</Loop>
        <MaxRunningTime>0</MaxRunningTime>
        <OnlyOneConditionMustBeGood>false</OnlyOneConditionMustBeGood>
        <OnlyDoneByServer>false</OnlyDoneByServer>
        <Conditions />
        <HotSpots />
        <NodePosition>
          <X>493.3635</X>
          <Y>211.0038</Y>
          <Z>7.8911</Z>
        </NodePosition>
        <MapName>Neverwinter_Protectors_Enclave</MapName>
        <SecondMapName />
        <DisableVIPTravel>false</DisableVIPTravel>
        <NodeCategory>Door</NodeCategory>
      </Action>
      <Action xsi:type="SpecialAction">
        <ActionID>315fc749-5d29-4f68-be37-59f2092801b3</ActionID>
        <OverrideName />
        <Sound>
          <SoundName>Whisper.wav</SoundName>
          <Trigger>OnActionStart</Trigger>
        </Sound>
        <Disabled>false</Disabled>
        <PlayWhileConditionsAreOk>false</PlayWhileConditionsAreOk>
        <PlayWhileUnSuccess>true</PlayWhileUnSuccess>
        <AssociateMission />
        <Loop>false</Loop>
        <MaxRunningTime>0</MaxRunningTime>
        <OnlyOneConditionMustBeGood>false</OnlyOneConditionMustBeGood>
        <OnlyDoneByServer>false</OnlyDoneByServer>
        <Conditions />
        <HotSpots />
        <Action>StopBot</Action>
      </Action>
      <Action xsi:type="InteractSpecificNode">
        <ActionID>921efec7-46bd-4faf-8c96-7fdfd14c814c</ActionID>
        <OverrideName />
        <Sound>
          <SoundName />
          <Trigger>OnActionCompleted</Trigger>
        </Sound>
        <Disabled>false</Disabled>
        <PlayWhileConditionsAreOk>false</PlayWhileConditionsAreOk>
        <PlayWhileUnSuccess>true</PlayWhileUnSuccess>
        <AssociateMission />
        <Loop>false</Loop>
        <MaxRunningTime>0</MaxRunningTime>
        <OnlyOneConditionMustBeGood>false</OnlyOneConditionMustBeGood>
        <OnlyDoneByServer>false</OnlyDoneByServer>
        <Conditions />
        <HotSpots />
        <NodeCategory>Door</NodeCategory>
        <LocalizedName>Вход к Сибелле</LocalizedName>
        <Dialogs />
        <InteractTime>1000</InteractTime>
        <Position>
          <X>902.0675</X>
          <Y>1332.672</Y>
          <Z>182.82991</Z>
        </Position>
        <RewardItemChoose />
        <SkipTimeout>0</SkipTimeout>
      </Action>
      <Action xsi:type="TurnInMission">
        <ActionID>6d15bab7-e0eb-4947-97bc-1bf45e5d0687</ActionID>
        <OverrideName />
        <Sound>
          <SoundName />
          <Trigger>OnActionCompleted</Trigger>
        </Sound>
        <Disabled>false</Disabled>
        <PlayWhileConditionsAreOk>true</PlayWhileConditionsAreOk>
        <PlayWhileUnSuccess>true</PlayWhileUnSuccess>
        <AssociateMission />
        <Loop>false</Loop>
        <MaxRunningTime>0</MaxRunningTime>
        <OnlyOneConditionMustBeGood>false</OnlyOneConditionMustBeGood>
        <OnlyDoneByServer>false</OnlyDoneByServer>
        <Conditions />
        <HotSpots />
        <MissionId>Scc_Intro_Campaign_Task_3</MissionId>
        <GiverId>Scc_Seer_Contact</GiverId>
        <GiverPosition>
          <X>-799.759766</X>
          <Y>43.9082031</Y>
          <Z>-5080</Z>
        </GiverPosition>
      </Action>
      <Action xsi:type="InteractSpecificNode">
        <ActionID>86097e76-814e-46f0-977a-7a022c95a0ca</ActionID>
        <OverrideName />
        <Sound>
          <SoundName />
          <Trigger>OnActionCompleted</Trigger>
        </Sound>
        <Disabled>false</Disabled>
        <PlayWhileConditionsAreOk>false</PlayWhileConditionsAreOk>
        <PlayWhileUnSuccess>true</PlayWhileUnSuccess>
        <AssociateMission />
        <Loop>false</Loop>
        <MaxRunningTime>0</MaxRunningTime>
        <OnlyOneConditionMustBeGood>false</OnlyOneConditionMustBeGood>
        <OnlyDoneByServer>false</OnlyDoneByServer>
        <Conditions />
        <HotSpots />
        <NodeCategory>Door</NodeCategory>
        <LocalizedName>Выход от Сибеллы</LocalizedName>
        <Dialogs />
        <InteractTime>1000</InteractTime>
        <Position>
          <X>-799.662</X>
          <Y>-59.6481</Y>
          <Z>-5076.739</Z>
        </Position>
        <RewardItemChoose />
        <SkipTimeout>0</SkipTimeout>
      </Action>
    </Actions>
    <SimultaneousActions>false</SimultaneousActions>
  </MainActionPack>
  <Saved>true</Saved>
</Profile>