<?xml version="1.0"?>
<Profile xmlns:xsi="http://www.w3.org/2001/XMLSchema-instance" xmlns:xsd="http://www.w3.org/2001/XMLSchema">
  <Vendors />
  <BlackList />
  <KillRadius>20</KillRadius>
  <CustomRegions />
  <UseExternalMeshFile>false</UseExternalMeshFile>
  <ExternalMeshFileName />
  <DisablePet>false</DisablePet>
  <FollowerDistance>10</FollowerDistance>
  <DisableFollow>false</DisableFollow>
  <MainActionPack>
    <ActionID>40b85f2a-d737-4bfe-b115-e1746fdb5df2</ActionID>
    <OverrideName />
    <Sound>
      <SoundName />
      <Trigger>OnActionCompleted</Trigger>
    </Sound>
    <Disabled>false</Disabled>
    <PlayWhileConditionsAreOk>false</PlayWhileConditionsAreOk>
    <PlayWhileUnSuccess>true</PlayWhileUnSuccess>
    <AssociateMission />
    <Loop>false</Loop>
    <MaxRunningTime>0</MaxRunningTime>
    <OnlyOneConditionMustBeGood>false</OnlyOneConditionMustBeGood>
    <OnlyDoneByServer>false</OnlyDoneByServer>
    <Conditions />
    <HotSpots />
    <Actions>
      <Action xsi:type="PickUpMission">
        <ActionID>7dc91231-0b12-41c4-893f-3a4138a94f79</ActionID>
        <OverrideName />
        <Sound>
          <SoundName />
          <Trigger>OnActionCompleted</Trigger>
        </Sound>
        <Disabled>false</Disabled>
        <PlayWhileConditionsAreOk>true</PlayWhileConditionsAreOk>
        <PlayWhileUnSuccess>true</PlayWhileUnSuccess>
        <AssociateMission />
        <Loop>false</Loop>
        <MaxRunningTime>0</MaxRunningTime>
        <OnlyOneConditionMustBeGood>false</OnlyOneConditionMustBeGood>
        <OnlyDoneByServer>false</OnlyDoneByServer>
        <Conditions />
        <HotSpots />
        <MissionId>Scc_Post_Crown_Handoff</MissionId>
        <SkipOnFail>false</SkipOnFail>
        <GiverId>Generic_Guard</GiverId>
        <GiverPosition>
          <X>1083.84741</X>
          <Y>1132.41406</Y>
          <Z>149.785156</Z>
        </GiverPosition>
      </Action>
      <Action xsi:type="InteractSpecificNode">
        <ActionID>ffb8b6a2-4f3c-4df3-aaeb-d0efb4aedce5</ActionID>
        <OverrideName />
        <Sound>
          <SoundName />
          <Trigger>OnActionCompleted</Trigger>
        </Sound>
        <Disabled>false</Disabled>
        <PlayWhileConditionsAreOk>false</PlayWhileConditionsAreOk>
        <PlayWhileUnSuccess>true</PlayWhileUnSuccess>
        <AssociateMission />
        <Loop>false</Loop>
        <MaxRunningTime>0</MaxRunningTime>
        <OnlyOneConditionMustBeGood>false</OnlyOneConditionMustBeGood>
        <OnlyDoneByServer>false</OnlyDoneByServer>
        <Conditions />
        <HotSpots />
        <NodeCategory>Door</NodeCategory>
        <LocalizedName>Вход к Сибелле</LocalizedName>
        <Dialogs />
        <InteractTime>1000</InteractTime>
        <Position>
          <X>902.0675</X>
          <Y>1332.672</Y>
          <Z>182.82991</Z>
        </Position>
        <RewardItemChoose />
        <SkipTimeout>0</SkipTimeout>
      </Action>
      <Action xsi:type="InteractSpecificNPC">
        <ActionID>7552424f-87f1-4cdd-84d5-df564b5c3f69</ActionID>
        <OverrideName />
        <Sound>
          <SoundName />
          <Trigger>OnActionCompleted</Trigger>
        </Sound>
        <Disabled>false</Disabled>
        <PlayWhileConditionsAreOk>false</PlayWhileConditionsAreOk>
        <PlayWhileUnSuccess>true</PlayWhileUnSuccess>
        <AssociateMission />
        <Loop>false</Loop>
        <MaxRunningTime>0</MaxRunningTime>
        <OnlyOneConditionMustBeGood>false</OnlyOneConditionMustBeGood>
        <OnlyDoneByServer>false</OnlyDoneByServer>
        <Conditions />
        <HotSpots />
        <NPCCostume />
        <Dialogs>
          <string>ViewSubMission.Continue</string>
        </Dialogs>
        <DisplayName>Сибелла Артис</DisplayName>
        <Position>
          <X>-799.759766</X>
          <Y>43.9082031</Y>
          <Z>-5080</Z>
        </Position>
        <InteractTime>2000</InteractTime>
        <Tolerance>1</Tolerance>
      </Action>
      <Action xsi:type="PickUpMission">
        <ActionID>e207046a-5b35-4688-8606-a769266d776e</ActionID>
        <OverrideName />
        <Sound>
          <SoundName />
          <Trigger>OnActionCompleted</Trigger>
        </Sound>
        <Disabled>false</Disabled>
        <PlayWhileConditionsAreOk>true</PlayWhileConditionsAreOk>
        <PlayWhileUnSuccess>true</PlayWhileUnSuccess>
        <AssociateMission />
        <Loop>false</Loop>
        <MaxRunningTime>0</MaxRunningTime>
        <OnlyOneConditionMustBeGood>false</OnlyOneConditionMustBeGood>
        <OnlyDoneByServer>false</OnlyDoneByServer>
        <Conditions />
        <HotSpots />
        <MissionId>Scc_Deed_Intro</MissionId>
        <SkipOnFail>false</SkipOnFail>
        <GiverId>Scc_Seer_Contact</GiverId>
        <GiverPosition>
          <X>-799.759766</X>
          <Y>43.9082031</Y>
          <Z>-5080</Z>
        </GiverPosition>
      </Action>
      <Action xsi:type="TurnInMission">
        <ActionID>83148967-034e-4394-a07b-425d70ee7b8d</ActionID>
        <OverrideName />
        <Sound>
          <SoundName />
          <Trigger>OnActionCompleted</Trigger>
        </Sound>
        <Disabled>false</Disabled>
        <PlayWhileConditionsAreOk>true</PlayWhileConditionsAreOk>
        <PlayWhileUnSuccess>true</PlayWhileUnSuccess>
        <AssociateMission />
        <Loop>false</Loop>
        <MaxRunningTime>0</MaxRunningTime>
        <OnlyOneConditionMustBeGood>false</OnlyOneConditionMustBeGood>
        <OnlyDoneByServer>false</OnlyDoneByServer>
        <Conditions />
        <HotSpots />
        <MissionId>Scc_Deed_Intro</MissionId>
        <GiverId>Scc_Seer_Contact</GiverId>
        <GiverPosition>
          <X>-799.759766</X>
          <Y>43.9082031</Y>
          <Z>-5080</Z>
        </GiverPosition>
      </Action>
      <Action xsi:type="PickUpMission">
        <ActionID>ea46d41b-07f3-46ed-a34c-183dc00c32c0</ActionID>
        <OverrideName />
        <Sound>
          <SoundName />
          <Trigger>OnActionCompleted</Trigger>
        </Sound>
        <Disabled>false</Disabled>
        <PlayWhileConditionsAreOk>true</PlayWhileConditionsAreOk>
        <PlayWhileUnSuccess>true</PlayWhileUnSuccess>
        <AssociateMission />
        <Loop>false</Loop>
        <MaxRunningTime>0</MaxRunningTime>
        <OnlyOneConditionMustBeGood>false</OnlyOneConditionMustBeGood>
        <OnlyDoneByServer>false</OnlyDoneByServer>
        <Conditions />
        <HotSpots />
        <MissionId>Scc_Intro_Campaign_Task_1</MissionId>
        <SkipOnFail>false</SkipOnFail>
        <GiverId>Scc_Seer_Contact</GiverId>
        <GiverPosition>
          <X>-799.759766</X>
          <Y>43.9082031</Y>
          <Z>-5080</Z>
        </GiverPosition>
      </Action>
      <Action xsi:type="InteractSpecificNode">
        <ActionID>a2a8255b-fc0a-4f66-9a8c-494be140d5f8</ActionID>
        <OverrideName />
        <Sound>
          <SoundName />
          <Trigger>OnActionCompleted</Trigger>
        </Sound>
        <Disabled>false</Disabled>
        <PlayWhileConditionsAreOk>false</PlayWhileConditionsAreOk>
        <PlayWhileUnSuccess>true</PlayWhileUnSuccess>
        <AssociateMission />
        <Loop>false</Loop>
        <MaxRunningTime>0</MaxRunningTime>
        <OnlyOneConditionMustBeGood>false</OnlyOneConditionMustBeGood>
        <OnlyDoneByServer>false</OnlyDoneByServer>
        <Conditions />
        <HotSpots />
        <NodeCategory>Door</NodeCategory>
        <LocalizedName>Выход от Сибеллы</LocalizedName>
        <Dialogs />
        <InteractTime>1000</InteractTime>
        <Position>
          <X>-799.662</X>
          <Y>-59.6481</Y>
          <Z>-5076.739</Z>
        </Position>
        <RewardItemChoose />
        <SkipTimeout>0</SkipTimeout>
      </Action>
      <Action xsi:type="ChangeMap">
        <ActionID>317d6c7a-b273-4a2e-984a-eec453e22b08</ActionID>
        <OverrideName />
        <Sound>
          <SoundName />
          <Trigger>OnActionCompleted</Trigger>
        </Sound>
        <Disabled>false</Disabled>
        <PlayWhileConditionsAreOk>false</PlayWhileConditionsAreOk>
        <PlayWhileUnSuccess>true</PlayWhileUnSuccess>
        <AssociateMission />
        <Loop>false</Loop>
        <MaxRunningTime>0</MaxRunningTime>
        <OnlyOneConditionMustBeGood>false</OnlyOneConditionMustBeGood>
        <OnlyDoneByServer>false</OnlyDoneByServer>
        <Conditions />
        <HotSpots />
        <NodePosition>
          <X>1202.96436</X>
          <Y>478.092773</Y>
          <Z>25.3878021</Z>
        </NodePosition>
        <MapName>Az_Rd</MapName>
        <SecondMapName />
        <DisableVIPTravel>false</DisableVIPTravel>
        <NodeCategory>Door</NodeCategory>
      </Action>
      <Action xsi:type="Grind">
        <ActionID>657565b1-f77e-4ab5-aa63-5e62afc7a2ea</ActionID>
        <OverrideName />
        <Sound>
          <SoundName />
          <Trigger>OnActionCompleted</Trigger>
        </Sound>
        <Disabled>false</Disabled>
        <PlayWhileConditionsAreOk>true</PlayWhileConditionsAreOk>
        <PlayWhileUnSuccess>true</PlayWhileUnSuccess>
        <AssociateMission />
        <Loop>false</Loop>
        <MaxRunningTime>0</MaxRunningTime>
        <OnlyOneConditionMustBeGood>false</OnlyOneConditionMustBeGood>
        <OnlyDoneByServer>false</OnlyDoneByServer>
        <Conditions>
          <Condition xsi:type="QuestInfo">
            <Locked>false</Locked>
            <QuestID>Scc_Intro_Campaign_Task_1/Collect_Shards</QuestID>
            <Tested>InProgress</Tested>
          </Condition>
        </Conditions>
        <HotSpots>
          <Vector3>
            <X>965.1051</X>
            <Y>1295.5011</Y>
            <Z>-14.9465046</Z>
          </Vector3>
          <Vector3>
            <X>961.3794</X>
            <Y>1142.323</Y>
            <Z>-12.5080395</Z>
          </Vector3>
          <Vector3>
            <X>951.415649</X>
            <Y>1018.29034</Y>
            <Z>-18.076828</Z>
          </Vector3>
          <Vector3>
            <X>933.6043</X>
            <Y>962.3867</Y>
            <Z>-19.7854633</Z>
          </Vector3>
          <Vector3>
            <X>873.746033</X>
            <Y>971.246948</Y>
            <Z>-15.8981972</Z>
          </Vector3>
          <Vector3>
            <X>794.903748</X>
            <Y>968.4512</Y>
            <Z>-10.7180614</Z>
          </Vector3>
          <Vector3>
            <X>741.3967</X>
            <Y>1001.316</Y>
            <Z>-9.570679</Z>
          </Vector3>
          <Vector3>
            <X>678.6443</X>
            <Y>970.849</Y>
            <Z>-2.61765981</Z>
          </Vector3>
          <Vector3>
            <X>685.8283</X>
            <Y>886.69104</Y>
            <Z>5.37857533</Z>
          </Vector3>
          <Vector3>
            <X>706.8435</X>
            <Y>812.6022</Y>
            <Z>15.3579884</Z>
          </Vector3>
          <Vector3>
            <X>691.0277</X>
            <Y>648.367249</Y>
            <Z>3.00152349</Z>
          </Vector3>
          <Vector3>
            <X>738.769653</X>
            <Y>721.6795</Y>
            <Z>6.03632355</Z>
          </Vector3>
          <Vector3>
            <X>814.9582</X>
            <Y>674.4653</Y>
            <Z>3.49932337</Z>
          </Vector3>
          <Vector3>
            <X>811.1091</X>
            <Y>797.7704</Y>
            <Z>7.138797</Z>
          </Vector3>
          <Vector3>
            <X>680.8429</X>
            <Y>765.5492</Y>
            <Z>1.79571331</Z>
          </Vector3>
          <Vector3>
            <X>759.2699</X>
            <Y>920.544739</Y>
            <Z>14.7875738</Z>
          </Vector3>
        </HotSpots>
      </Action>
      <Action xsi:type="ChangeMap">
        <ActionID>bb0a72d9-b01a-4b67-bbb4-d4645ab344d2</ActionID>
        <OverrideName />
        <Sound>
          <SoundName />
          <Trigger>OnActionCompleted</Trigger>
        </Sound>
        <Disabled>false</Disabled>
        <PlayWhileConditionsAreOk>false</PlayWhileConditionsAreOk>
        <PlayWhileUnSuccess>true</PlayWhileUnSuccess>
        <AssociateMission />
        <Loop>false</Loop>
        <MaxRunningTime>0</MaxRunningTime>
        <OnlyOneConditionMustBeGood>false</OnlyOneConditionMustBeGood>
        <OnlyDoneByServer>false</OnlyDoneByServer>
        <Conditions />
        <HotSpots />
        <NodePosition>
          <X>173.682556</X>
          <Y>1387.77014</Y>
          <Z>12.8505</Z>
        </NodePosition>
        <MapName>Neverwinter_Protectors_Enclave</MapName>
        <SecondMapName />
        <DisableVIPTravel>false</DisableVIPTravel>
        <NodeCategory>Door</NodeCategory>
      </Action>
      <Action xsi:type="InteractSpecificNode">
        <ActionID>6b5e19b7-1a8e-4770-b46d-ad9dbbfcb796</ActionID>
        <OverrideName />
        <Sound>
          <SoundName />
          <Trigger>OnActionCompleted</Trigger>
        </Sound>
        <Disabled>false</Disabled>
        <PlayWhileConditionsAreOk>false</PlayWhileConditionsAreOk>
        <PlayWhileUnSuccess>true</PlayWhileUnSuccess>
        <AssociateMission />
        <Loop>false</Loop>
        <MaxRunningTime>0</MaxRunningTime>
        <OnlyOneConditionMustBeGood>false</OnlyOneConditionMustBeGood>
        <OnlyDoneByServer>false</OnlyDoneByServer>
        <Conditions />
        <HotSpots />
        <NodeCategory>Door</NodeCategory>
        <LocalizedName>Вход к Сибелле</LocalizedName>
        <Dialogs />
        <InteractTime>1000</InteractTime>
        <Position>
          <X>902.0675</X>
          <Y>1332.672</Y>
          <Z>182.82991</Z>
        </Position>
        <RewardItemChoose />
        <SkipTimeout>0</SkipTimeout>
      </Action>
      <Action xsi:type="TurnInMission">
        <ActionID>e915269d-0893-4aa5-8e59-82509e724769</ActionID>
        <OverrideName />
        <Sound>
          <SoundName />
          <Trigger>OnActionCompleted</Trigger>
        </Sound>
        <Disabled>false</Disabled>
        <PlayWhileConditionsAreOk>true</PlayWhileConditionsAreOk>
        <PlayWhileUnSuccess>true</PlayWhileUnSuccess>
        <AssociateMission />
        <Loop>false</Loop>
        <MaxRunningTime>0</MaxRunningTime>
        <OnlyOneConditionMustBeGood>false</OnlyOneConditionMustBeGood>
        <OnlyDoneByServer>false</OnlyDoneByServer>
        <Conditions />
        <HotSpots />
        <MissionId>Scc_Intro_Campaign_Task_1</MissionId>
        <GiverId>Scc_Seer_Contact</GiverId>
        <GiverPosition>
          <X>-799.759766</X>
          <Y>43.9082031</Y>
          <Z>-5080</Z>
        </GiverPosition>
      </Action>
      <Action xsi:type="PickUpMission">
        <ActionID>d17db1b3-1c30-4871-9759-5b550dd1bb74</ActionID>
        <OverrideName />
        <Sound>
          <SoundName />
          <Trigger>OnActionCompleted</Trigger>
        </Sound>
        <Disabled>false</Disabled>
        <PlayWhileConditionsAreOk>true</PlayWhileConditionsAreOk>
        <PlayWhileUnSuccess>true</PlayWhileUnSuccess>
        <AssociateMission />
        <Loop>false</Loop>
        <MaxRunningTime>0</MaxRunningTime>
        <OnlyOneConditionMustBeGood>false</OnlyOneConditionMustBeGood>
        <OnlyDoneByServer>false</OnlyDoneByServer>
        <Conditions />
        <HotSpots />
        <MissionId>Scc_Intro_Campaign_Task_2</MissionId>
        <SkipOnFail>false</SkipOnFail>
        <GiverId>Scc_Seer_Contact</GiverId>
        <GiverPosition>
          <X>-799.759766</X>
          <Y>43.9082031</Y>
          <Z>-5080</Z>
        </GiverPosition>
      </Action>
    </Actions>
    <SimultaneousActions>false</SimultaneousActions>
  </MainActionPack>
  <Saved>true</Saved>
</Profile>