<?xml version="1.0"?>
<Profile xmlns:xsi="http://www.w3.org/2001/XMLSchema-instance" xmlns:xsd="http://www.w3.org/2001/XMLSchema">
  <Vendors />
  <BlackList />
  <KillRadius>20</KillRadius>
  <CustomRegions>
    <CustomRegion>
      <Name>Punch lady lair</Name>
      <Position>
        <X>-1441</X>
        <Y>1454</Y>
        <Z>0</Z>
      </Position>
      <Width>241</Width>
      <Height>-185</Height>
    </CustomRegion>
  </CustomRegions>
  <UseExternalMeshFile>false</UseExternalMeshFile>
  <ExternalMeshFileName />
  <DisablePet>false</DisablePet>
  <MainActionPack>
    <ActionID>0d3cfaeb-b26d-45a4-bd91-bdfab449bb42</ActionID>
    <OverrideName />
    <Sound>
      <SoundName />
      <Trigger>OnActionCompleted</Trigger>
    </Sound>
    <Disabled>false</Disabled>
    <PlayWhileConditionsAreOk>false</PlayWhileConditionsAreOk>
    <PlayWhileUnSuccess>true</PlayWhileUnSuccess>
    <AssociateMission />
    <Loop>false</Loop>
    <MaxRunningTime>0</MaxRunningTime>
    <OnlyOneConditionMustBeGood>false</OnlyOneConditionMustBeGood>
    <Conditions />
    <HotSpots />
    <Actions>
      <Action xsi:type="ActionPack">
        <ActionID>b9ad1dfd-1693-43f5-9f8a-621ffecb1648</ActionID>
        <OverrideName>Take a key</OverrideName>
        <Sound>
          <SoundName />
          <Trigger>OnActionCompleted</Trigger>
        </Sound>
        <Disabled>false</Disabled>
        <PlayWhileConditionsAreOk>true</PlayWhileConditionsAreOk>
        <PlayWhileUnSuccess>true</PlayWhileUnSuccess>
        <AssociateMission />
        <Loop>false</Loop>
        <MaxRunningTime>0</MaxRunningTime>
        <OnlyOneConditionMustBeGood>false</OnlyOneConditionMustBeGood>
        <Conditions>
          <Condition xsi:type="CurrentMap">
            <Locked>false</Locked>
            <Tested>Equal</Tested>
            <MapName>Neverwinter_Protectors_Enclave</MapName>
          </Condition>
        </Conditions>
        <HotSpots />
        <Actions>
          <Action xsi:type="MoveTo">
            <ActionID>dc8586a7-f5ea-4647-8d5e-ec012a07d588</ActionID>
            <OverrideName>Go to Dungeon Chest Keymaster</OverrideName>
            <Sound>
              <SoundName />
              <Trigger>OnActionCompleted</Trigger>
            </Sound>
            <Disabled>false</Disabled>
            <PlayWhileConditionsAreOk>false</PlayWhileConditionsAreOk>
            <PlayWhileUnSuccess>true</PlayWhileUnSuccess>
            <AssociateMission />
            <Loop>false</Loop>
            <MaxRunningTime>0</MaxRunningTime>
            <OnlyOneConditionMustBeGood>false</OnlyOneConditionMustBeGood>
            <Conditions>
              <Condition xsi:type="CurrentMap">
                <Locked>false</Locked>
                <Tested>Equal</Tested>
                <MapName>Neverwinter_Protectors_Enclave</MapName>
              </Condition>
            </Conditions>
            <HotSpots />
            <Position>
              <X>756.8451</X>
              <Y>490.420074</Y>
              <Z>36.02672</Z>
            </Position>
            <Range>5</Range>
          </Action>
          <Action xsi:type="InteractNPC">
            <ActionID>3f583f77-3a97-4fb6-9cbf-c6eb792c47dc</ActionID>
            <OverrideName>Take Daily Key</OverrideName>
            <Sound>
              <SoundName />
              <Trigger>OnActionCompleted</Trigger>
            </Sound>
            <Disabled>false</Disabled>
            <PlayWhileConditionsAreOk>false</PlayWhileConditionsAreOk>
            <PlayWhileUnSuccess>true</PlayWhileUnSuccess>
            <AssociateMission />
            <Loop>false</Loop>
            <MaxRunningTime>0</MaxRunningTime>
            <OnlyOneConditionMustBeGood>false</OnlyOneConditionMustBeGood>
            <Conditions />
            <HotSpots>
              <Vector3>
                <X>754.2739</X>
                <Y>484.955078</Y>
                <Z>36.0542</Z>
              </Vector3>
            </HotSpots>
            <NPCCostume />
            <Dialogs>
              <string>OptionsList.MissionOffer.Nw_Pe_Dungeon_Key_1</string>
              <string>ViewOfferedMission.Accept</string>
              <string>OptionList.Exit</string>
            </Dialogs>
            <OneInteractionByNpc>false</OneInteractionByNpc>
            <DisplayName>Dungeon Chest Keymaster</DisplayName>
            <InteractTime>5000</InteractTime>
            <ReactionRange>60</ReactionRange>
          </Action>
          <Action xsi:type="BuyItems">
            <ActionID>76fc2146-b499-4871-8d1c-5426d58a149a</ActionID>
            <OverrideName>Buy Bag of Astral</OverrideName>
            <Sound>
              <SoundName />
              <Trigger>OnActionCompleted</Trigger>
            </Sound>
            <Disabled>false</Disabled>
            <PlayWhileConditionsAreOk>false</PlayWhileConditionsAreOk>
            <PlayWhileUnSuccess>true</PlayWhileUnSuccess>
            <AssociateMission />
            <Loop>false</Loop>
            <MaxRunningTime>0</MaxRunningTime>
            <OnlyOneConditionMustBeGood>false</OnlyOneConditionMustBeGood>
            <Conditions>
              <Condition xsi:type="CurrentMap">
                <Locked>false</Locked>
                <Tested>Equal</Tested>
                <MapName>Neverwinter_Protectors_Enclave</MapName>
              </Condition>
            </Conditions>
            <HotSpots />
            <Vendor>
              <DisplayName>Adventurer Seal Trader</DisplayName>
              <Position>
                <X>715.7993</X>
                <Y>460.891846</Y>
                <Z>37.52173</Z>
              </Position>
              <CostumeName />
              <MapName>Neverwinter_Protectors_Enclave</MapName>
              <RegionName />
            </Vendor>
            <BuyOptions>
              <BuyItemsOption>
                <ItemId>Astral_Diamonds_Rough_Box_500</ItemId>
                <ItemDisplayName>Bag of Rough Astral Diamonds</ItemDisplayName>
                <Count>1</Count>
              </BuyItemsOption>
            </BuyOptions>
            <BuyMenu>SpecialDialog.action_0</BuyMenu>
          </Action>
          <Action xsi:type="JoinMatch">
            <ActionID>02b79400-0a2b-4be7-8ca5-3adc86810799</ActionID>
            <OverrideName>Join CT</OverrideName>
            <Sound>
              <SoundName />
              <Trigger>OnActionCompleted</Trigger>
            </Sound>
            <Disabled>false</Disabled>
            <PlayWhileConditionsAreOk>false</PlayWhileConditionsAreOk>
            <PlayWhileUnSuccess>true</PlayWhileUnSuccess>
            <AssociateMission />
            <Loop>false</Loop>
            <MaxRunningTime>0</MaxRunningTime>
            <OnlyOneConditionMustBeGood>false</OnlyOneConditionMustBeGood>
            <Conditions />
            <HotSpots />
            <MatchName>Az_Rd_Cloak_Tower</MatchName>
            <TryToReturnBefore>false</TryToReturnBefore>
            <PrivateMatch>false</PrivateMatch>
          </Action>
          <Action xsi:type="JoinMatch">
            <ActionID>673fe067-c218-469e-a7a6-c069f9adafb5</ActionID>
            <OverrideName>Join CT</OverrideName>
            <Sound>
              <SoundName />
              <Trigger>OnActionCompleted</Trigger>
            </Sound>
            <Disabled>false</Disabled>
            <PlayWhileConditionsAreOk>false</PlayWhileConditionsAreOk>
            <PlayWhileUnSuccess>true</PlayWhileUnSuccess>
            <AssociateMission />
            <Loop>false</Loop>
            <MaxRunningTime>0</MaxRunningTime>
            <OnlyOneConditionMustBeGood>false</OnlyOneConditionMustBeGood>
            <Conditions />
            <HotSpots />
            <MatchName>Az_Rd_Cloak_Tower</MatchName>
            <TryToReturnBefore>false</TryToReturnBefore>
            <PrivateMatch>false</PrivateMatch>
          </Action>
        </Actions>
        <SimultaneousActions>false</SimultaneousActions>
      </Action>
      <Action xsi:type="ActionPack">
        <ActionID>d158c04c-de52-48cc-b20b-920b488ebb12</ActionID>
        <OverrideName>The Cloak Tower</OverrideName>
        <Sound>
          <SoundName />
          <Trigger>OnActionCompleted</Trigger>
        </Sound>
        <Disabled>false</Disabled>
        <PlayWhileConditionsAreOk>true</PlayWhileConditionsAreOk>
        <PlayWhileUnSuccess>true</PlayWhileUnSuccess>
        <AssociateMission />
        <Loop>false</Loop>
        <MaxRunningTime>0</MaxRunningTime>
        <OnlyOneConditionMustBeGood>false</OnlyOneConditionMustBeGood>
        <Conditions>
          <Condition xsi:type="CurrentMap">
            <Locked>false</Locked>
            <Tested>Equal</Tested>
            <MapName>Az_Rd_Cloak_Tower_New</MapName>
          </Condition>
        </Conditions>
        <HotSpots />
        <Actions>
          <Action xsi:type="ActionPack">
            <ActionID>2ff7fddc-2100-4993-b402-d6ff737fd53f</ActionID>
            <OverrideName />
            <Sound>
              <SoundName />
              <Trigger>OnActionCompleted</Trigger>
            </Sound>
            <Disabled>false</Disabled>
            <PlayWhileConditionsAreOk>false</PlayWhileConditionsAreOk>
            <PlayWhileUnSuccess>true</PlayWhileUnSuccess>
            <AssociateMission />
            <Loop>false</Loop>
            <MaxRunningTime>0</MaxRunningTime>
            <OnlyOneConditionMustBeGood>false</OnlyOneConditionMustBeGood>
            <Conditions />
            <HotSpots />
            <Actions>
              <Action xsi:type="InteractSpecificNode">
                <ActionID>d78737a9-6f27-4ead-8382-404722bcb0bc</ActionID>
                <OverrideName>Kick door</OverrideName>
                <Sound>
                  <SoundName />
                  <Trigger>OnActionCompleted</Trigger>
                </Sound>
                <Disabled>false</Disabled>
                <PlayWhileConditionsAreOk>false</PlayWhileConditionsAreOk>
                <PlayWhileUnSuccess>true</PlayWhileUnSuccess>
                <AssociateMission>Az_Rd_Cloak_Tower_Om/Kill_Makred</AssociateMission>
                <Loop>false</Loop>
                <MaxRunningTime>0</MaxRunningTime>
                <OnlyOneConditionMustBeGood>false</OnlyOneConditionMustBeGood>
                <Conditions />
                <HotSpots />
                <NodeCategory />
                <LocalizedName />
                <Dialogs />
                <InteractTime>3000</InteractTime>
                <Position>
                  <X>-570.7545</X>
                  <Y>33.0595</Y>
                  <Z>-47.53</Z>
                </Position>
                <RewardItemChoose />
                <SkipTimeout>15</SkipTimeout>
              </Action>
              <Action xsi:type="InteractSpecificNode">
                <ActionID>7320bc34-6708-44b8-b52d-1f5aeeea8d22</ActionID>
                <OverrideName>Kick door</OverrideName>
                <Sound>
                  <SoundName />
                  <Trigger>OnActionCompleted</Trigger>
                </Sound>
                <Disabled>false</Disabled>
                <PlayWhileConditionsAreOk>false</PlayWhileConditionsAreOk>
                <PlayWhileUnSuccess>true</PlayWhileUnSuccess>
                <AssociateMission>Az_Rd_Cloak_Tower_Om/Kill_Makred</AssociateMission>
                <Loop>false</Loop>
                <MaxRunningTime>0</MaxRunningTime>
                <OnlyOneConditionMustBeGood>false</OnlyOneConditionMustBeGood>
                <Conditions />
                <HotSpots />
                <NodeCategory />
                <LocalizedName />
                <Dialogs />
                <InteractTime>3000</InteractTime>
                <Position>
                  <X>-689.18</X>
                  <Y>-13.4874</Y>
                  <Z>-47.7262</Z>
                </Position>
                <RewardItemChoose />
                <SkipTimeout>15</SkipTimeout>
              </Action>
              <Action xsi:type="InteractSpecificNode">
                <ActionID>1093f75a-cd21-48bf-a32a-2ea5444d1f77</ActionID>
                <OverrideName>Kick door</OverrideName>
                <Sound>
                  <SoundName />
                  <Trigger>OnActionCompleted</Trigger>
                </Sound>
                <Disabled>false</Disabled>
                <PlayWhileConditionsAreOk>false</PlayWhileConditionsAreOk>
                <PlayWhileUnSuccess>true</PlayWhileUnSuccess>
                <AssociateMission>Az_Rd_Cloak_Tower_Om/Kill_Makred</AssociateMission>
                <Loop>false</Loop>
                <MaxRunningTime>0</MaxRunningTime>
                <OnlyOneConditionMustBeGood>false</OnlyOneConditionMustBeGood>
                <Conditions />
                <HotSpots />
                <NodeCategory />
                <LocalizedName />
                <Dialogs />
                <InteractTime>3000</InteractTime>
                <Position>
                  <X>-1155.297</X>
                  <Y>-100.2507</Y>
                  <Z>-162.76001</Z>
                </Position>
                <RewardItemChoose />
                <SkipTimeout>15</SkipTimeout>
              </Action>
              <Action xsi:type="MoveTo">
                <ActionID>f137b3a6-c1d3-4969-b311-14f883b03321</ActionID>
                <OverrideName>Slay Makred The Foul</OverrideName>
                <Sound>
                  <SoundName />
                  <Trigger>OnActionCompleted</Trigger>
                </Sound>
                <Disabled>false</Disabled>
                <PlayWhileConditionsAreOk>true</PlayWhileConditionsAreOk>
                <PlayWhileUnSuccess>true</PlayWhileUnSuccess>
                <AssociateMission>Az_Rd_Cloak_Tower_Om/Kill_Makred</AssociateMission>
                <Loop>false</Loop>
                <MaxRunningTime>0</MaxRunningTime>
                <OnlyOneConditionMustBeGood>false</OnlyOneConditionMustBeGood>
                <Conditions>
                  <Condition xsi:type="QuestInfo">
                    <Locked>false</Locked>
                    <QuestID>Az_Rd_Cloak_Tower_Om/Kill_Makred</QuestID>
                    <Tested>InProgress</Tested>
                  </Condition>
                </Conditions>
                <HotSpots />
                <Position>
                  <X>-1402.47437</X>
                  <Y>-99.10795</Y>
                  <Z>-214.707642</Z>
                </Position>
                <Range>5</Range>
              </Action>
              <Action xsi:type="InteractSpecificNode">
                <ActionID>060cf36a-470e-4d53-b691-2c82bedccd6c</ActionID>
                <OverrideName>Kick door</OverrideName>
                <Sound>
                  <SoundName />
                  <Trigger>OnActionCompleted</Trigger>
                </Sound>
                <Disabled>false</Disabled>
                <PlayWhileConditionsAreOk>false</PlayWhileConditionsAreOk>
                <PlayWhileUnSuccess>true</PlayWhileUnSuccess>
                <AssociateMission>Az_Rd_Cloak_Tower_Om/Kill_Throg_The_Ravenous</AssociateMission>
                <Loop>false</Loop>
                <MaxRunningTime>0</MaxRunningTime>
                <OnlyOneConditionMustBeGood>false</OnlyOneConditionMustBeGood>
                <Conditions />
                <HotSpots />
                <NodeCategory>Door</NodeCategory>
                <LocalizedName />
                <Dialogs />
                <InteractTime>3000</InteractTime>
                <Position>
                  <X>-1584.5</X>
                  <Y>-89.51701</Y>
                  <Z>-206.048187</Z>
                </Position>
                <RewardItemChoose />
                <SkipTimeout>15</SkipTimeout>
              </Action>
              <Action xsi:type="InteractSpecificNode">
                <ActionID>14d16032-c725-42b2-9010-093c3af91628</ActionID>
                <OverrideName>Kick door</OverrideName>
                <Sound>
                  <SoundName />
                  <Trigger>OnActionCompleted</Trigger>
                </Sound>
                <Disabled>false</Disabled>
                <PlayWhileConditionsAreOk>false</PlayWhileConditionsAreOk>
                <PlayWhileUnSuccess>true</PlayWhileUnSuccess>
                <AssociateMission>Az_Rd_Cloak_Tower_Om/Kill_Throg_The_Ravenous</AssociateMission>
                <Loop>false</Loop>
                <MaxRunningTime>0</MaxRunningTime>
                <OnlyOneConditionMustBeGood>false</OnlyOneConditionMustBeGood>
                <Conditions />
                <HotSpots />
                <NodeCategory />
                <LocalizedName />
                <Dialogs />
                <InteractTime>3000</InteractTime>
                <Position>
                  <X>-1658.0155</X>
                  <Y>619.841</Y>
                  <Z>-283.09198</Z>
                </Position>
                <RewardItemChoose />
                <SkipTimeout>15</SkipTimeout>
              </Action>
              <Action xsi:type="MoveTo">
                <ActionID>cc557982-4e4d-4e7d-b4eb-944aee9abf26</ActionID>
                <OverrideName>Slay Throg The Ravenous</OverrideName>
                <Sound>
                  <SoundName />
                  <Trigger>OnActionCompleted</Trigger>
                </Sound>
                <Disabled>false</Disabled>
                <PlayWhileConditionsAreOk>true</PlayWhileConditionsAreOk>
                <PlayWhileUnSuccess>true</PlayWhileUnSuccess>
                <AssociateMission>Az_Rd_Cloak_Tower_Om/Kill_Throg_The_Ravenous</AssociateMission>
                <Loop>false</Loop>
                <MaxRunningTime>0</MaxRunningTime>
                <OnlyOneConditionMustBeGood>false</OnlyOneConditionMustBeGood>
                <Conditions>
                  <Condition xsi:type="QuestInfo">
                    <Locked>false</Locked>
                    <QuestID>Az_Rd_Cloak_Tower_Om/Kill_Throg_The_Ravenous</QuestID>
                    <Tested>InProgress</Tested>
                  </Condition>
                </Conditions>
                <HotSpots />
                <Position>
                  <X>-1582.75769</X>
                  <Y>570.5799</Y>
                  <Z>-283.091919</Z>
                </Position>
                <Range>5</Range>
              </Action>
              <Action xsi:type="InteractSpecificNode">
                <ActionID>ec09b274-f09a-4336-b823-ceba573ae5ec</ActionID>
                <OverrideName>Kick door</OverrideName>
                <Sound>
                  <SoundName />
                  <Trigger>OnActionCompleted</Trigger>
                </Sound>
                <Disabled>false</Disabled>
                <PlayWhileConditionsAreOk>false</PlayWhileConditionsAreOk>
                <PlayWhileUnSuccess>true</PlayWhileUnSuccess>
                <AssociateMission>Az_Rd_Cloak_Tower_Om/Kill_Vansi_Bloodscar</AssociateMission>
                <Loop>false</Loop>
                <MaxRunningTime>0</MaxRunningTime>
                <OnlyOneConditionMustBeGood>false</OnlyOneConditionMustBeGood>
                <Conditions />
                <HotSpots />
                <NodeCategory />
                <LocalizedName />
                <Dialogs />
                <InteractTime>3000</InteractTime>
                <Position>
                  <X>-1507.31409</X>
                  <Y>568.767</Y>
                  <Z>-279.1235</Z>
                </Position>
                <RewardItemChoose />
                <SkipTimeout>15</SkipTimeout>
              </Action>
              <Action xsi:type="InteractSpecificNode">
                <ActionID>d3d89e54-6386-4724-a62a-005a95fb59d9</ActionID>
                <OverrideName>Open door</OverrideName>
                <Sound>
                  <SoundName />
                  <Trigger>OnActionCompleted</Trigger>
                </Sound>
                <Disabled>false</Disabled>
                <PlayWhileConditionsAreOk>false</PlayWhileConditionsAreOk>
                <PlayWhileUnSuccess>true</PlayWhileUnSuccess>
                <AssociateMission>Az_Rd_Cloak_Tower_Om/Kill_Vansi_Bloodscar</AssociateMission>
                <Loop>false</Loop>
                <MaxRunningTime>0</MaxRunningTime>
                <OnlyOneConditionMustBeGood>false</OnlyOneConditionMustBeGood>
                <Conditions />
                <HotSpots />
                <NodeCategory>Door</NodeCategory>
                <LocalizedName />
                <Dialogs />
                <InteractTime>3000</InteractTime>
                <Position>
                  <X>-1400</X>
                  <Y>1019.99518</Y>
                  <Z>-328.4999</Z>
                </Position>
                <RewardItemChoose />
                <SkipTimeout>15</SkipTimeout>
              </Action>
              <Action xsi:type="InteractSpecificNode">
                <ActionID>c88be96b-0d7d-4db4-baba-20f3886f67c5</ActionID>
                <OverrideName>Enter into Lair</OverrideName>
                <Sound>
                  <SoundName />
                  <Trigger>OnActionCompleted</Trigger>
                </Sound>
                <Disabled>false</Disabled>
                <PlayWhileConditionsAreOk>true</PlayWhileConditionsAreOk>
                <PlayWhileUnSuccess>true</PlayWhileUnSuccess>
                <AssociateMission>Az_Rd_Cloak_Tower_Om/Kill_Vansi_Bloodscar</AssociateMission>
                <Loop>false</Loop>
                <MaxRunningTime>0</MaxRunningTime>
                <OnlyOneConditionMustBeGood>false</OnlyOneConditionMustBeGood>
                <Conditions>
                  <Condition xsi:type="IsInCustomRegion">
                    <Locked>false</Locked>
                    <Tested>NotEquel</Tested>
                    <CustomRegionName>Punch lady lair</CustomRegionName>
                  </Condition>
                </Conditions>
                <HotSpots />
                <NodeCategory />
                <LocalizedName />
                <Dialogs />
                <InteractTime>3000</InteractTime>
                <Position>
                  <X>-1326.54333</X>
                  <Y>1247.4364</Y>
                  <Z>-338.7564</Z>
                </Position>
                <RewardItemChoose />
                <SkipTimeout>0</SkipTimeout>
              </Action>
              <Action xsi:type="Grind">
                <ActionID>191ba871-87fb-4335-bacb-5133fea9cdff</ActionID>
                <OverrideName>Slay Vansi Bloodscar</OverrideName>
                <Sound>
                  <SoundName />
                  <Trigger>OnActionCompleted</Trigger>
                </Sound>
                <Disabled>false</Disabled>
                <PlayWhileConditionsAreOk>true</PlayWhileConditionsAreOk>
                <PlayWhileUnSuccess>true</PlayWhileUnSuccess>
                <AssociateMission>Az_Rd_Cloak_Tower_Om/Kill_Vansi_Bloodscar</AssociateMission>
                <Loop>false</Loop>
                <MaxRunningTime>0</MaxRunningTime>
                <OnlyOneConditionMustBeGood>false</OnlyOneConditionMustBeGood>
                <Conditions>
                  <Condition xsi:type="IsInCustomRegion">
                    <Locked>false</Locked>
                    <Tested>Equal</Tested>
                    <CustomRegionName>Punch lady lair</CustomRegionName>
                  </Condition>
                </Conditions>
                <HotSpots>
                  <Vector3>
                    <X>-1322.20313</X>
                    <Y>1314.05945</Y>
                    <Z>-351.903564</Z>
                  </Vector3>
                  <Vector3>
                    <X>-1322.51257</X>
                    <Y>1364.78992</Y>
                    <Z>-351.902618</Z>
                  </Vector3>
                  <Vector3>
                    <X>-1296.81</X>
                    <Y>1330.60815</Y>
                    <Z>-351.902557</Z>
                  </Vector3>
                  <Vector3>
                    <X>-1341.72668</X>
                    <Y>1341.17139</Y>
                    <Z>-351.893219</Z>
                  </Vector3>
                </HotSpots>
              </Action>
            </Actions>
            <SimultaneousActions>false</SimultaneousActions>
          </Action>
          <Action xsi:type="InteractSpecificNode">
            <ActionID>dc3c1b03-59a7-43e8-ae2a-7dea85f551c2</ActionID>
            <OverrideName />
            <Sound>
              <SoundName />
              <Trigger>OnActionCompleted</Trigger>
            </Sound>
            <Disabled>false</Disabled>
            <PlayWhileConditionsAreOk>true</PlayWhileConditionsAreOk>
            <PlayWhileUnSuccess>true</PlayWhileUnSuccess>
            <AssociateMission>Az_Rd_Into_The_Cloak_Tower/Get_Reward_Green_Key</AssociateMission>
            <Loop>false</Loop>
            <MaxRunningTime>0</MaxRunningTime>
            <OnlyOneConditionMustBeGood>false</OnlyOneConditionMustBeGood>
            <Conditions>
              <Condition xsi:type="ItemCount">
                <Locked>false</Locked>
                <ItemId>Dungeon_Delve_Key_Green</ItemId>
                <Sign>Equal</Sign>
                <Value>1</Value>
                <Type>AllInventories</Type>
                <SpecificBag>None</SpecificBag>
              </Condition>
            </Conditions>
            <HotSpots />
            <NodeCategory>Loot</NodeCategory>
            <LocalizedName>Treasure Chest</LocalizedName>
            <Dialogs>
              <string>ViewSubMission.Continue</string>
            </Dialogs>
            <InteractTime>5000</InteractTime>
            <Position>
              <X>-1319.33813</X>
              <Y>1398.23425</Y>
              <Z>-427.065338</Z>
            </Position>
            <RewardItemChoose />
            <SkipTimeout>1000</SkipTimeout>
          </Action>
          <Action xsi:type="SpecialAction">
            <ActionID>b974b644-e0a4-4476-b611-61874f4287ad</ActionID>
            <OverrideName />
            <Sound>
              <SoundName />
              <Trigger>OnActionCompleted</Trigger>
            </Sound>
            <Disabled>false</Disabled>
            <PlayWhileConditionsAreOk>false</PlayWhileConditionsAreOk>
            <PlayWhileUnSuccess>true</PlayWhileUnSuccess>
            <AssociateMission />
            <Loop>false</Loop>
            <MaxRunningTime>0</MaxRunningTime>
            <OnlyOneConditionMustBeGood>false</OnlyOneConditionMustBeGood>
            <Conditions />
            <HotSpots />
            <Action>LeaveTeam</Action>
          </Action>
          <Action xsi:type="InteractSpecificNode">
            <ActionID>0f713a2e-ee93-464d-a7cd-7b80ed0bc994</ActionID>
            <OverrideName />
            <Sound>
              <SoundName />
              <Trigger>OnActionCompleted</Trigger>
            </Sound>
            <Disabled>false</Disabled>
            <PlayWhileConditionsAreOk>true</PlayWhileConditionsAreOk>
            <PlayWhileUnSuccess>true</PlayWhileUnSuccess>
            <AssociateMission />
            <Loop>false</Loop>
            <MaxRunningTime>0</MaxRunningTime>
            <OnlyOneConditionMustBeGood>false</OnlyOneConditionMustBeGood>
            <Conditions>
              <Condition xsi:type="CurrentMap">
                <Locked>false</Locked>
                <Tested>Equal</Tested>
                <MapName>Az_Rd_Cloak_Tower_New</MapName>
              </Condition>
            </Conditions>
            <HotSpots />
            <NodeCategory>Door</NodeCategory>
            <LocalizedName />
            <Dialogs />
            <InteractTime>3000</InteractTime>
            <Position>
              <X>-1320.16565</X>
              <Y>1295.25916</Y>
              <Z>-428.4688</Z>
            </Position>
            <RewardItemChoose />
            <SkipTimeout>0</SkipTimeout>
          </Action>
        </Actions>
        <SimultaneousActions>false</SimultaneousActions>
      </Action>
    </Actions>
    <SimultaneousActions>false</SimultaneousActions>
  </MainActionPack>
  <Saved>true</Saved>
</Profile>