<?xml version="1.0"?>
<Profile xmlns:xsi="http://www.w3.org/2001/XMLSchema-instance" xmlns:xsd="http://www.w3.org/2001/XMLSchema">
  <Vendors />
  <BlackList />
  <KillRadius>20</KillRadius>
  <CustomRegions>
    <CustomRegion>
      <Name>grind_area</Name>
      <Position>
        <X>681</X>
        <Y>314</Y>
        <Z>0</Z>
      </Position>
      <Width>202</Width>
      <Height>-174</Height>
    </CustomRegion>
    <CustomRegion>
      <Name>start_area</Name>
      <Position>
        <X>6201</X>
        <Y>-9312</Y>
        <Z>0</Z>
      </Position>
      <Width>133</Width>
      <Height>-182</Height>
    </CustomRegion>
  </CustomRegions>
  <UseExternalMeshFile>false</UseExternalMeshFile>
  <ExternalMeshFileName />
  <DisablePet>false</DisablePet>
  <FollowerDistance>10</FollowerDistance>
  <DisableFollow>false</DisableFollow>
  <MainActionPack>
    <ActionID>f3c7bdaf-3529-423c-b166-1686bbfd804a</ActionID>
    <OverrideName />
    <Sound>
      <SoundName />
      <Trigger>OnActionCompleted</Trigger>
    </Sound>
    <Disabled>false</Disabled>
    <PlayWhileConditionsAreOk>false</PlayWhileConditionsAreOk>
    <PlayWhileUnSuccess>true</PlayWhileUnSuccess>
    <AssociateMission />
    <Loop>false</Loop>
    <MaxRunningTime>0</MaxRunningTime>
    <OnlyOneConditionMustBeGood>false</OnlyOneConditionMustBeGood>
    <OnlyDoneByServer>false</OnlyDoneByServer>
    <Conditions />
    <HotSpots />
    <Actions>
      <Action xsi:type="ChangeProfileValue">
        <ActionID>598dbf38-f9f0-4435-9ba9-1b94f2fb594d</ActionID>
        <OverrideName />
        <Sound>
          <SoundName />
          <Trigger>OnActionCompleted</Trigger>
        </Sound>
        <Disabled>false</Disabled>
        <PlayWhileConditionsAreOk>false</PlayWhileConditionsAreOk>
        <PlayWhileUnSuccess>true</PlayWhileUnSuccess>
        <AssociateMission />
        <Loop>false</Loop>
        <MaxRunningTime>0</MaxRunningTime>
        <OnlyOneConditionMustBeGood>false</OnlyOneConditionMustBeGood>
        <OnlyDoneByServer>false</OnlyDoneByServer>
        <Conditions />
        <HotSpots />
        <ValueType>IgnoreCombat</ValueType>
        <Value>True</Value>
      </Action>
      <Action xsi:type="InteractSpecificNode">
        <ActionID>ba66e020-cd55-4e53-a444-f33bcb1f2708</ActionID>
        <OverrideName>Accès zone de bataille</OverrideName>
        <Sound>
          <SoundName />
          <Trigger>OnActionCompleted</Trigger>
        </Sound>
        <Disabled>false</Disabled>
        <PlayWhileConditionsAreOk>false</PlayWhileConditionsAreOk>
        <PlayWhileUnSuccess>true</PlayWhileUnSuccess>
        <AssociateMission />
        <Loop>false</Loop>
        <MaxRunningTime>0</MaxRunningTime>
        <OnlyOneConditionMustBeGood>false</OnlyOneConditionMustBeGood>
        <OnlyDoneByServer>false</OnlyDoneByServer>
        <Conditions />
        <HotSpots />
        <NodeCategory />
        <LocalizedName />
        <Dialogs />
        <InteractTime>1000</InteractTime>
        <Position>
          <X>6293.953</X>
          <Y>-9341.51</Y>
          <Z>1161</Z>
        </Position>
        <RewardItemChoose />
        <SkipTimeout>0</SkipTimeout>
      </Action>
      <Action xsi:type="ChangeProfileValue">
        <ActionID>1c4d8d11-4c0d-41e9-9e53-3dacea87062a</ActionID>
        <OverrideName />
        <Sound>
          <SoundName />
          <Trigger>OnActionCompleted</Trigger>
        </Sound>
        <Disabled>false</Disabled>
        <PlayWhileConditionsAreOk>false</PlayWhileConditionsAreOk>
        <PlayWhileUnSuccess>true</PlayWhileUnSuccess>
        <AssociateMission />
        <Loop>false</Loop>
        <MaxRunningTime>0</MaxRunningTime>
        <OnlyOneConditionMustBeGood>false</OnlyOneConditionMustBeGood>
        <OnlyDoneByServer>false</OnlyDoneByServer>
        <Conditions />
        <HotSpots />
        <ValueType>IgnoreCombat</ValueType>
        <Value>False</Value>
      </Action>
      <Action xsi:type="ChangeProfileValue">
        <ActionID>d4237b24-5c88-4879-972d-13a74ce1d94f</ActionID>
        <OverrideName>Radius 100</OverrideName>
        <Sound>
          <SoundName />
          <Trigger>OnActionCompleted</Trigger>
        </Sound>
        <Disabled>false</Disabled>
        <PlayWhileConditionsAreOk>false</PlayWhileConditionsAreOk>
        <PlayWhileUnSuccess>true</PlayWhileUnSuccess>
        <AssociateMission />
        <Loop>false</Loop>
        <MaxRunningTime>0</MaxRunningTime>
        <OnlyOneConditionMustBeGood>false</OnlyOneConditionMustBeGood>
        <OnlyDoneByServer>false</OnlyDoneByServer>
        <Conditions />
        <HotSpots />
        <ValueType>KillRadius</ValueType>
        <Value>100</Value>
      </Action>
      <Action xsi:type="Grind">
        <ActionID>a7dbab35-db2d-4f61-9233-bd91e4bd79ee</ActionID>
        <OverrideName>Grind till completion</OverrideName>
        <Sound>
          <SoundName />
          <Trigger>OnActionCompleted</Trigger>
        </Sound>
        <Disabled>false</Disabled>
        <PlayWhileConditionsAreOk>true</PlayWhileConditionsAreOk>
        <PlayWhileUnSuccess>true</PlayWhileUnSuccess>
        <AssociateMission />
        <Loop>true</Loop>
        <MaxRunningTime>0</MaxRunningTime>
        <OnlyOneConditionMustBeGood>false</OnlyOneConditionMustBeGood>
        <OnlyDoneByServer>false</OnlyDoneByServer>
        <Conditions>
          <Condition xsi:type="IsInCustomRegion">
            <Locked>false</Locked>
            <Tested>Equal</Tested>
            <CustomRegionName>grind_area</CustomRegionName>
          </Condition>
          <Condition xsi:type="QuestInfo">
            <Locked>false</Locked>
            <QuestID>Az_Dr_Dread_Legion_Om</QuestID>
            <Tested>InProgress</Tested>
          </Condition>
        </Conditions>
        <HotSpots>
          <Vector3>
            <X>800.7319</X>
            <Y>172.791489</Y>
            <Z>-43.896</Z>
          </Vector3>
          <Vector3>
            <X>718.7032</X>
            <Y>209.552521</Y>
            <Z>-42.0103149</Z>
          </Vector3>
          <Vector3>
            <X>815.2265</X>
            <Y>264.799957</Y>
            <Z>-39.63488</Z>
          </Vector3>
          <Vector3>
            <X>851.0605</X>
            <Y>201.164215</Y>
            <Z>-43.758606</Z>
          </Vector3>
          <Vector3>
            <X>794.92</X>
            <Y>235.46109</Y>
            <Z>-42.3848839</Z>
          </Vector3>
          <Vector3>
            <X>757.434448</X>
            <Y>234.854935</Y>
            <Z>-41.99951</Z>
          </Vector3>
          <Vector3>
            <X>731.6118</X>
            <Y>161.900314</Y>
            <Z>-41.99284</Z>
          </Vector3>
          <Vector3>
            <X>859.949646</X>
            <Y>177.884277</Y>
            <Z>-43.9920654</Z>
          </Vector3>
        </HotSpots>
      </Action>
      <Action xsi:type="GoToAction">
        <ActionID>5846389e-1562-4412-b7d0-ae059731f1ef</ActionID>
        <OverrideName />
        <Sound>
          <SoundName />
          <Trigger>OnActionCompleted</Trigger>
        </Sound>
        <Disabled>false</Disabled>
        <PlayWhileConditionsAreOk>false</PlayWhileConditionsAreOk>
        <PlayWhileUnSuccess>true</PlayWhileUnSuccess>
        <AssociateMission />
        <Loop>false</Loop>
        <MaxRunningTime>0</MaxRunningTime>
        <OnlyOneConditionMustBeGood>false</OnlyOneConditionMustBeGood>
        <OnlyDoneByServer>true</OnlyDoneByServer>
        <Conditions>
          <Condition xsi:type="IsInCustomRegion">
            <Locked>false</Locked>
            <Tested>Equal</Tested>
            <CustomRegionName>start_area</CustomRegionName>
          </Condition>
        </Conditions>
        <HotSpots />
        <ResetAllCompletedActions>false</ResetAllCompletedActions>
        <DestinationActionID>598dbf38-f9f0-4435-9ba9-1b94f2fb594d</DestinationActionID>
      </Action>
      <Action xsi:type="InteractNode">
        <ActionID>7d7bef71-7b8a-4c28-b9e2-d5905a70746c</ActionID>
        <OverrideName />
        <Sound>
          <SoundName />
          <Trigger>OnActionCompleted</Trigger>
        </Sound>
        <Disabled>false</Disabled>
        <PlayWhileConditionsAreOk>false</PlayWhileConditionsAreOk>
        <PlayWhileUnSuccess>true</PlayWhileUnSuccess>
        <AssociateMission />
        <Loop>false</Loop>
        <MaxRunningTime>0</MaxRunningTime>
        <OnlyOneConditionMustBeGood>false</OnlyOneConditionMustBeGood>
        <OnlyDoneByServer>false</OnlyDoneByServer>
        <Conditions />
        <HotSpots>
          <Vector3>
            <X>728.0222</X>
            <Y>242.990173</Y>
            <Z>-39.4240036</Z>
          </Vector3>
        </HotSpots>
        <NodeCategory>Loot</NodeCategory>
        <LocalizedName>Coffre aux trésors</LocalizedName>
        <Dialogs>
          <string>ViewSubMission.Continue</string>
        </Dialogs>
        <OneInteractionByNode>false</OneInteractionByNode>
        <InteractTime>1000</InteractTime>
        <ReactionRange>35</ReactionRange>
        <WhiteList />
        <BlackList />
      </Action>
      <Action xsi:type="ChangeProfileValue">
        <ActionID>c9a1cb8a-77a8-4b9f-968a-ac5694e67d69</ActionID>
        <OverrideName>Radius 0</OverrideName>
        <Sound>
          <SoundName />
          <Trigger>OnActionCompleted</Trigger>
        </Sound>
        <Disabled>false</Disabled>
        <PlayWhileConditionsAreOk>false</PlayWhileConditionsAreOk>
        <PlayWhileUnSuccess>true</PlayWhileUnSuccess>
        <AssociateMission />
        <Loop>false</Loop>
        <MaxRunningTime>0</MaxRunningTime>
        <OnlyOneConditionMustBeGood>false</OnlyOneConditionMustBeGood>
        <OnlyDoneByServer>false</OnlyDoneByServer>
        <Conditions />
        <HotSpots />
        <ValueType>KillRadius</ValueType>
        <Value>0</Value>
      </Action>
      <Action xsi:type="InteractSpecificNode">
        <ActionID>441a56bb-523d-4e5d-9130-8c50673bb2ae</ActionID>
        <OverrideName>Sortie</OverrideName>
        <Sound>
          <SoundName />
          <Trigger>OnActionCompleted</Trigger>
        </Sound>
        <Disabled>false</Disabled>
        <PlayWhileConditionsAreOk>false</PlayWhileConditionsAreOk>
        <PlayWhileUnSuccess>true</PlayWhileUnSuccess>
        <AssociateMission />
        <Loop>false</Loop>
        <MaxRunningTime>0</MaxRunningTime>
        <OnlyOneConditionMustBeGood>false</OnlyOneConditionMustBeGood>
        <OnlyDoneByServer>false</OnlyDoneByServer>
        <Conditions />
        <HotSpots />
        <NodeCategory />
        <LocalizedName />
        <Dialogs />
        <InteractTime>1000</InteractTime>
        <Position>
          <X>742.3826</X>
          <Y>242.5379</Y>
          <Z>-36.7991</Z>
        </Position>
        <RewardItemChoose />
        <SkipTimeout>0</SkipTimeout>
      </Action>
      <Action xsi:type="SpecialAction">
        <ActionID>44ff5819-16ea-4cd8-be79-78f59f5b9e7e</ActionID>
        <OverrideName>Quitter groupe</OverrideName>
        <Sound>
          <SoundName />
          <Trigger>OnActionCompleted</Trigger>
        </Sound>
        <Disabled>false</Disabled>
        <PlayWhileConditionsAreOk>false</PlayWhileConditionsAreOk>
        <PlayWhileUnSuccess>true</PlayWhileUnSuccess>
        <AssociateMission />
        <Loop>false</Loop>
        <MaxRunningTime>0</MaxRunningTime>
        <OnlyOneConditionMustBeGood>false</OnlyOneConditionMustBeGood>
        <OnlyDoneByServer>false</OnlyDoneByServer>
        <Conditions />
        <HotSpots />
        <Action>LeaveTeam</Action>
      </Action>
      <Action xsi:type="SpecialAction">
        <ActionID>df6d7ac9-44dc-41e2-88b8-9d887257107c</ActionID>
        <OverrideName>Quitter groupe de file</OverrideName>
        <Sound>
          <SoundName />
          <Trigger>OnActionCompleted</Trigger>
        </Sound>
        <Disabled>false</Disabled>
        <PlayWhileConditionsAreOk>false</PlayWhileConditionsAreOk>
        <PlayWhileUnSuccess>true</PlayWhileUnSuccess>
        <AssociateMission />
        <Loop>false</Loop>
        <MaxRunningTime>0</MaxRunningTime>
        <OnlyOneConditionMustBeGood>false</OnlyOneConditionMustBeGood>
        <OnlyDoneByServer>false</OnlyDoneByServer>
        <Conditions />
        <HotSpots />
        <Action>LeaveMatchGroup</Action>
      </Action>
      <Action xsi:type="LoadProfile">
        <ActionID>87c71a9b-2327-4457-b691-e831add4b2bc</ActionID>
        <OverrideName />
        <Sound>
          <SoundName />
          <Trigger>OnActionCompleted</Trigger>
        </Sound>
        <Disabled>false</Disabled>
        <PlayWhileConditionsAreOk>false</PlayWhileConditionsAreOk>
        <PlayWhileUnSuccess>true</PlayWhileUnSuccess>
        <AssociateMission />
        <Loop>false</Loop>
        <MaxRunningTime>0</MaxRunningTime>
        <OnlyOneConditionMustBeGood>false</OnlyOneConditionMustBeGood>
        <OnlyDoneByServer>false</OnlyDoneByServer>
        <Conditions />
        <HotSpots />
        <ProfileName>Skirmishes choice.amp.zip</ProfileName>
      </Action>
    </Actions>
    <SimultaneousActions>false</SimultaneousActions>
  </MainActionPack>
  <Saved>true</Saved>
</Profile>