<?xml version="1.0"?>
<Profile xmlns:xsi="http://www.w3.org/2001/XMLSchema-instance" xmlns:xsd="http://www.w3.org/2001/XMLSchema">
  <Vendors />
  <BlackList />
  <KillRadius>20</KillRadius>
  <CustomRegions />
  <UseExternalMeshFile>true</UseExternalMeshFile>
  <ExternalMeshFileName />
  <DisablePet>false</DisablePet>
  <FollowerDistance>10</FollowerDistance>
  <DisableFollow>false</DisableFollow>
  <MainActionPack>
    <ActionID>32e8aac8-2d6b-4b41-99c6-f27299f592b4</ActionID>
    <OverrideName />
    <Sound>
      <SoundName />
      <Trigger>OnActionCompleted</Trigger>
    </Sound>
    <Disabled>false</Disabled>
    <PlayWhileConditionsAreOk>false</PlayWhileConditionsAreOk>
    <PlayWhileUnSuccess>true</PlayWhileUnSuccess>
    <AssociateMission />
    <Loop>false</Loop>
    <MaxRunningTime>0</MaxRunningTime>
    <OnlyOneConditionMustBeGood>false</OnlyOneConditionMustBeGood>
    <OnlyDoneByServer>false</OnlyDoneByServer>
    <Conditions />
    <HotSpots />
    <Actions>
      <Action xsi:type="ActionPack">
        <ActionID>291727b7-d449-4165-987f-67d726c94fcf</ActionID>
        <OverrideName>Буйство Стихий-1</OverrideName>
        <Sound>
          <SoundName />
          <Trigger>OnActionCompleted</Trigger>
        </Sound>
        <Disabled>false</Disabled>
        <PlayWhileConditionsAreOk>false</PlayWhileConditionsAreOk>
        <PlayWhileUnSuccess>true</PlayWhileUnSuccess>
        <AssociateMission />
        <Loop>false</Loop>
        <MaxRunningTime>0</MaxRunningTime>
        <OnlyOneConditionMustBeGood>false</OnlyOneConditionMustBeGood>
        <OnlyDoneByServer>false</OnlyDoneByServer>
        <Conditions />
        <HotSpots />
        <Actions>
          <Action xsi:type="Grind">
            <ActionID>00193503-7414-4fa7-863c-6a29e1f8dd78</ActionID>
            <OverrideName />
            <Sound>
              <SoundName />
              <Trigger>OnActionCompleted</Trigger>
            </Sound>
            <Disabled>false</Disabled>
            <PlayWhileConditionsAreOk>false</PlayWhileConditionsAreOk>
            <PlayWhileUnSuccess>true</PlayWhileUnSuccess>
            <AssociateMission>Az_Ee_Sr_He_C_Elemental_Assault_N1/Timer_Grant/Defeat_Warband</AssociateMission>
            <Loop>false</Loop>
            <MaxRunningTime>0</MaxRunningTime>
            <OnlyOneConditionMustBeGood>false</OnlyOneConditionMustBeGood>
            <OnlyDoneByServer>false</OnlyDoneByServer>
            <Conditions />
            <HotSpots>
              <Vector3>
                <X>1434.16553</X>
                <Y>566.0491</Y>
                <Z>201.312744</Z>
              </Vector3>
              <Vector3>
                <X>1467.74536</X>
                <Y>533.9673</Y>
                <Z>206.0058</Z>
              </Vector3>
              <Vector3>
                <X>1435.74316</X>
                <Y>534.7939</Y>
                <Z>203.6711</Z>
              </Vector3>
              <Vector3>
                <X>1472.679</X>
                <Y>565.9049</Y>
                <Z>203.629974</Z>
              </Vector3>
            </HotSpots>
          </Action>
          <Action xsi:type="Grind">
            <ActionID>aea944c8-b99d-4174-b39c-d037105dc2e7</ActionID>
            <OverrideName />
            <Sound>
              <SoundName />
              <Trigger>OnActionCompleted</Trigger>
            </Sound>
            <Disabled>false</Disabled>
            <PlayWhileConditionsAreOk>false</PlayWhileConditionsAreOk>
            <PlayWhileUnSuccess>true</PlayWhileUnSuccess>
            <AssociateMission>Az_Ee_Sr_He_C_Elemental_Assault_N1/Timer_Grant/Defeat_Reinforcements</AssociateMission>
            <Loop>false</Loop>
            <MaxRunningTime>0</MaxRunningTime>
            <OnlyOneConditionMustBeGood>false</OnlyOneConditionMustBeGood>
            <OnlyDoneByServer>false</OnlyDoneByServer>
            <Conditions />
            <HotSpots>
              <Vector3>
                <X>1443.994</X>
                <Y>580.1008</Y>
                <Z>201.166733</Z>
              </Vector3>
              <Vector3>
                <X>1427.22058</X>
                <Y>537.2367</Y>
                <Z>203.470871</Z>
              </Vector3>
              <Vector3>
                <X>1455.70557</X>
                <Y>522.865356</Y>
                <Z>206.11969</Z>
              </Vector3>
              <Vector3>
                <X>1478.97693</X>
                <Y>540.7641</Y>
                <Z>206.798782</Z>
              </Vector3>
              <Vector3>
                <X>1462.15039</X>
                <Y>576.8996</Y>
                <Z>200.89093</Z>
              </Vector3>
            </HotSpots>
          </Action>
        </Actions>
        <SimultaneousActions>false</SimultaneousActions>
      </Action>
      <Action xsi:type="ActionPack">
        <ActionID>d17dc2c6-c7f1-4a28-b7db-57b23f44d9a7</ActionID>
        <OverrideName>Атака культа воздуха</OverrideName>
        <Sound>
          <SoundName />
          <Trigger>OnActionCompleted</Trigger>
        </Sound>
        <Disabled>false</Disabled>
        <PlayWhileConditionsAreOk>false</PlayWhileConditionsAreOk>
        <PlayWhileUnSuccess>true</PlayWhileUnSuccess>
        <AssociateMission />
        <Loop>false</Loop>
        <MaxRunningTime>0</MaxRunningTime>
        <OnlyOneConditionMustBeGood>false</OnlyOneConditionMustBeGood>
        <OnlyDoneByServer>false</OnlyDoneByServer>
        <Conditions />
        <HotSpots />
        <Actions>
          <Action xsi:type="Grind">
            <ActionID>bac00300-3f0b-4496-a9c3-5ef4642fb77c</ActionID>
            <OverrideName />
            <Sound>
              <SoundName />
              <Trigger>OnActionCompleted</Trigger>
            </Sound>
            <Disabled>false</Disabled>
            <PlayWhileConditionsAreOk>false</PlayWhileConditionsAreOk>
            <PlayWhileUnSuccess>true</PlayWhileUnSuccess>
            <AssociateMission>Az_Ee_Sr_He_C_Air_Cult_Assault_N1/Timer_Grant/Defeat_Cultists</AssociateMission>
            <Loop>false</Loop>
            <MaxRunningTime>0</MaxRunningTime>
            <OnlyOneConditionMustBeGood>false</OnlyOneConditionMustBeGood>
            <OnlyDoneByServer>false</OnlyDoneByServer>
            <Conditions />
            <HotSpots>
              <Vector3>
                <X>1346.02954</X>
                <Y>1147.86182</Y>
                <Z>211.929932</Z>
              </Vector3>
              <Vector3>
                <X>1319.8877</X>
                <Y>1140.45813</Y>
                <Z>214.302429</Z>
              </Vector3>
              <Vector3>
                <X>1319.63843</X>
                <Y>1182.39392</Y>
                <Z>210.929657</Z>
              </Vector3>
              <Vector3>
                <X>1317.32288</X>
                <Y>1135.74792</Y>
                <Z>214.883224</Z>
              </Vector3>
            </HotSpots>
          </Action>
        </Actions>
        <SimultaneousActions>false</SimultaneousActions>
      </Action>
      <Action xsi:type="ActionPack">
        <ActionID>9395444c-7892-4b50-8035-e667d9c163cd</ActionID>
        <OverrideName>Вороватые птицы-1</OverrideName>
        <Sound>
          <SoundName />
          <Trigger>OnActionCompleted</Trigger>
        </Sound>
        <Disabled>false</Disabled>
        <PlayWhileConditionsAreOk>false</PlayWhileConditionsAreOk>
        <PlayWhileUnSuccess>true</PlayWhileUnSuccess>
        <AssociateMission />
        <Loop>false</Loop>
        <MaxRunningTime>0</MaxRunningTime>
        <OnlyOneConditionMustBeGood>false</OnlyOneConditionMustBeGood>
        <OnlyDoneByServer>false</OnlyDoneByServer>
        <Conditions />
        <HotSpots />
        <Actions>
          <Action xsi:type="Grind">
            <ActionID>7193806d-d5b7-457e-948d-37907433fcc3</ActionID>
            <OverrideName />
            <Sound>
              <SoundName />
              <Trigger>OnActionCompleted</Trigger>
            </Sound>
            <Disabled>false</Disabled>
            <PlayWhileConditionsAreOk>false</PlayWhileConditionsAreOk>
            <PlayWhileUnSuccess>true</PlayWhileUnSuccess>
            <AssociateMission>Az_Ee_Sr_He_B_Thieving_Birds/Timer_Grant/Phase_One/Defeat_Guards</AssociateMission>
            <Loop>false</Loop>
            <MaxRunningTime>0</MaxRunningTime>
            <OnlyOneConditionMustBeGood>false</OnlyOneConditionMustBeGood>
            <OnlyDoneByServer>false</OnlyDoneByServer>
            <Conditions />
            <HotSpots>
              <Vector3>
                <X>1784.79492</X>
                <Y>1589.52368</Y>
                <Z>193.034943</Z>
              </Vector3>
              <Vector3>
                <X>1771.34668</X>
                <Y>1630.89819</Y>
                <Z>194.8062</Z>
              </Vector3>
              <Vector3>
                <X>1776.68433</X>
                <Y>1672.46423</Y>
                <Z>194.193069</Z>
              </Vector3>
              <Vector3>
                <X>1815.68958</X>
                <Y>1697.7334</Y>
                <Z>198.085938</Z>
              </Vector3>
              <Vector3>
                <X>1829.70142</X>
                <Y>1661.30615</Y>
                <Z>195.444519</Z>
              </Vector3>
              <Vector3>
                <X>1804.01123</X>
                <Y>1633.21838</Y>
                <Z>194.567657</Z>
              </Vector3>
            </HotSpots>
          </Action>
          <Action xsi:type="InteractNode">
            <ActionID>cea69594-d1c0-4366-809d-7d629d08d6a8</ActionID>
            <OverrideName />
            <Sound>
              <SoundName />
              <Trigger>OnActionCompleted</Trigger>
            </Sound>
            <Disabled>false</Disabled>
            <PlayWhileConditionsAreOk>false</PlayWhileConditionsAreOk>
            <PlayWhileUnSuccess>true</PlayWhileUnSuccess>
            <AssociateMission>Az_Ee_Sr_He_B_Thieving_Birds/Timer_Grant/Phase_One/Recover_Supplies</AssociateMission>
            <Loop>false</Loop>
            <MaxRunningTime>0</MaxRunningTime>
            <OnlyOneConditionMustBeGood>false</OnlyOneConditionMustBeGood>
            <OnlyDoneByServer>false</OnlyDoneByServer>
            <Conditions>
              <Condition xsi:type="QuestInfo">
                <Locked>false</Locked>
                <QuestID>Az_Ee_Sr_He_B_Thieving_Birds/Timer_Grant/Phase_One/Recover_Supplies</QuestID>
                <Tested>HaveQuest</Tested>
              </Condition>
            </Conditions>
            <HotSpots>
              <Vector3>
                <X>1729.5061</X>
                <Y>1671.426</Y>
                <Z>196.216522</Z>
              </Vector3>
              <Vector3>
                <X>1737.93567</X>
                <Y>1685.263</Y>
                <Z>199.012344</Z>
              </Vector3>
              <Vector3>
                <X>1796.88013</X>
                <Y>1727.1543</Y>
                <Z>200.445557</Z>
              </Vector3>
              <Vector3>
                <X>1810.9364</X>
                <Y>1717.66479</Y>
                <Z>200.3316</Z>
              </Vector3>
              <Vector3>
                <X>1868.33948</X>
                <Y>1685.38586</Y>
                <Z>198.117874</Z>
              </Vector3>
              <Vector3>
                <X>1869.04822</X>
                <Y>1659.8811</Y>
                <Z>195.905411</Z>
              </Vector3>
            </HotSpots>
            <NodeCategory />
            <LocalizedName />
            <Dialogs />
            <OneInteractionByNode>false</OneInteractionByNode>
            <InteractTime>1000</InteractTime>
            <ReactionRange>35</ReactionRange>
            <WhiteList />
            <BlackList />
          </Action>
          <Action xsi:type="Grind">
            <ActionID>a81806b5-c246-4291-bece-b93a126c888c</ActionID>
            <OverrideName />
            <Sound>
              <SoundName />
              <Trigger>OnActionCompleted</Trigger>
            </Sound>
            <Disabled>false</Disabled>
            <PlayWhileConditionsAreOk>false</PlayWhileConditionsAreOk>
            <PlayWhileUnSuccess>true</PlayWhileUnSuccess>
            <AssociateMission>Az_Ee_Sr_He_B_Thieving_Birds/Timer_Grant/Phase_Two/Defeat_Adds_P2</AssociateMission>
            <Loop>false</Loop>
            <MaxRunningTime>0</MaxRunningTime>
            <OnlyOneConditionMustBeGood>false</OnlyOneConditionMustBeGood>
            <OnlyDoneByServer>false</OnlyDoneByServer>
            <Conditions />
            <HotSpots>
              <Vector3>
                <X>1809.96472</X>
                <Y>1647.67065</Y>
                <Z>195.052063</Z>
              </Vector3>
              <Vector3>
                <X>1786.08972</X>
                <Y>1646.92041</Y>
                <Z>194.849487</Z>
              </Vector3>
              <Vector3>
                <X>1783.96643</X>
                <Y>1669.18909</Y>
                <Z>193.980591</Z>
              </Vector3>
            </HotSpots>
          </Action>
          <Action xsi:type="Grind">
            <ActionID>83c4b114-8f99-4b2c-8757-11386d613af8</ActionID>
            <OverrideName />
            <Sound>
              <SoundName />
              <Trigger>OnActionCompleted</Trigger>
            </Sound>
            <Disabled>false</Disabled>
            <PlayWhileConditionsAreOk>false</PlayWhileConditionsAreOk>
            <PlayWhileUnSuccess>true</PlayWhileUnSuccess>
            <AssociateMission>Az_Ee_Sr_He_B_Thieving_Birds/Timer_Grant/Phase_Three/Defeat_Boss</AssociateMission>
            <Loop>false</Loop>
            <MaxRunningTime>0</MaxRunningTime>
            <OnlyOneConditionMustBeGood>false</OnlyOneConditionMustBeGood>
            <OnlyDoneByServer>false</OnlyDoneByServer>
            <Conditions />
            <HotSpots>
              <Vector3>
                <X>1802.24365</X>
                <Y>1673.07239</Y>
                <Z>194.921524</Z>
              </Vector3>
              <Vector3>
                <X>1824.14111</X>
                <Y>1662.41516</Y>
                <Z>195.133926</Z>
              </Vector3>
              <Vector3>
                <X>1819.736</X>
                <Y>1633.54163</Y>
                <Z>193.181168</Z>
              </Vector3>
              <Vector3>
                <X>1796.43079</X>
                <Y>1636.76514</Y>
                <Z>194.871964</Z>
              </Vector3>
              <Vector3>
                <X>1797.685</X>
                <Y>1664.48462</Y>
                <Z>195.729141</Z>
              </Vector3>
            </HotSpots>
          </Action>
          <Action xsi:type="InteractSpecificNode">
            <ActionID>3c8a7de3-0cd8-4390-a45a-a7e646c1952f</ActionID>
            <OverrideName />
            <Sound>
              <SoundName />
              <Trigger>OnActionCompleted</Trigger>
            </Sound>
            <Disabled>false</Disabled>
            <PlayWhileConditionsAreOk>false</PlayWhileConditionsAreOk>
            <PlayWhileUnSuccess>true</PlayWhileUnSuccess>
            <AssociateMission>Az_Ee_Sr_He_B_Thieving_Birds/Timer_Grant/Phase_One/Recover_Supplies</AssociateMission>
            <Loop>false</Loop>
            <MaxRunningTime>0</MaxRunningTime>
            <OnlyOneConditionMustBeGood>false</OnlyOneConditionMustBeGood>
            <OnlyDoneByServer>false</OnlyDoneByServer>
            <Conditions />
            <HotSpots />
            <NodeCategory />
            <LocalizedName />
            <Dialogs />
            <InteractTime>1000</InteractTime>
            <Position>
              <X>1718.90393</X>
              <Y>1674.42236</Y>
              <Z>198.83046</Z>
            </Position>
            <RewardItemChoose />
            <SkipTimeout>0</SkipTimeout>
          </Action>
          <Action xsi:type="InteractSpecificNode">
            <ActionID>48b9ee01-6a00-479e-a24f-87d8a76993da</ActionID>
            <OverrideName />
            <Sound>
              <SoundName />
              <Trigger>OnActionCompleted</Trigger>
            </Sound>
            <Disabled>false</Disabled>
            <PlayWhileConditionsAreOk>false</PlayWhileConditionsAreOk>
            <PlayWhileUnSuccess>true</PlayWhileUnSuccess>
            <AssociateMission />
            <Loop>false</Loop>
            <MaxRunningTime>0</MaxRunningTime>
            <OnlyOneConditionMustBeGood>false</OnlyOneConditionMustBeGood>
            <OnlyDoneByServer>false</OnlyDoneByServer>
            <Conditions />
            <HotSpots />
            <NodeCategory />
            <LocalizedName />
            <Dialogs />
            <InteractTime>1000</InteractTime>
            <Position>
              <X>1730.44543</X>
              <Y>1690.55823</Y>
              <Z>201.77597</Z>
            </Position>
            <RewardItemChoose />
            <SkipTimeout>0</SkipTimeout>
          </Action>
          <Action xsi:type="InteractSpecificNode">
            <ActionID>b56ab51a-0a29-449c-996c-3089e064e49b</ActionID>
            <OverrideName />
            <Sound>
              <SoundName />
              <Trigger>OnActionCompleted</Trigger>
            </Sound>
            <Disabled>false</Disabled>
            <PlayWhileConditionsAreOk>false</PlayWhileConditionsAreOk>
            <PlayWhileUnSuccess>true</PlayWhileUnSuccess>
            <AssociateMission />
            <Loop>false</Loop>
            <MaxRunningTime>0</MaxRunningTime>
            <OnlyOneConditionMustBeGood>false</OnlyOneConditionMustBeGood>
            <OnlyDoneByServer>false</OnlyDoneByServer>
            <Conditions />
            <HotSpots />
            <NodeCategory />
            <LocalizedName />
            <Dialogs />
            <InteractTime>1000</InteractTime>
            <Position>
              <X>1796.295</X>
              <Y>1735.09644</Y>
              <Z>201.3549</Z>
            </Position>
            <RewardItemChoose />
            <SkipTimeout>0</SkipTimeout>
          </Action>
          <Action xsi:type="InteractSpecificNode">
            <ActionID>af6e8caa-23c1-480a-9106-860cc940481f</ActionID>
            <OverrideName />
            <Sound>
              <SoundName />
              <Trigger>OnActionCompleted</Trigger>
            </Sound>
            <Disabled>false</Disabled>
            <PlayWhileConditionsAreOk>false</PlayWhileConditionsAreOk>
            <PlayWhileUnSuccess>true</PlayWhileUnSuccess>
            <AssociateMission />
            <Loop>false</Loop>
            <MaxRunningTime>0</MaxRunningTime>
            <OnlyOneConditionMustBeGood>false</OnlyOneConditionMustBeGood>
            <OnlyDoneByServer>false</OnlyDoneByServer>
            <Conditions />
            <HotSpots />
            <NodeCategory />
            <LocalizedName />
            <Dialogs />
            <InteractTime>1000</InteractTime>
            <Position>
              <X>1872.27</X>
              <Y>1677.71008</Y>
              <Z>199.195313</Z>
            </Position>
            <RewardItemChoose />
            <SkipTimeout>0</SkipTimeout>
          </Action>
          <Action xsi:type="InteractSpecificNode">
            <ActionID>d96d2dc0-5c98-4e55-b57f-62e4c7ccc634</ActionID>
            <OverrideName />
            <Sound>
              <SoundName />
              <Trigger>OnActionCompleted</Trigger>
            </Sound>
            <Disabled>false</Disabled>
            <PlayWhileConditionsAreOk>false</PlayWhileConditionsAreOk>
            <PlayWhileUnSuccess>true</PlayWhileUnSuccess>
            <AssociateMission />
            <Loop>false</Loop>
            <MaxRunningTime>0</MaxRunningTime>
            <OnlyOneConditionMustBeGood>false</OnlyOneConditionMustBeGood>
            <OnlyDoneByServer>false</OnlyDoneByServer>
            <Conditions />
            <HotSpots />
            <NodeCategory />
            <LocalizedName />
            <Dialogs />
            <InteractTime>1000</InteractTime>
            <Position>
              <X>1876.94751</X>
              <Y>1666.2251</Y>
              <Z>198.792786</Z>
            </Position>
            <RewardItemChoose />
            <SkipTimeout>0</SkipTimeout>
          </Action>
        </Actions>
        <SimultaneousActions>false</SimultaneousActions>
      </Action>
      <Action xsi:type="ActionPack">
        <ActionID>3408efa6-7c54-43ad-8dea-d6145db0521b</ActionID>
        <OverrideName>Глаза Лимбо</OverrideName>
        <Sound>
          <SoundName />
          <Trigger>OnActionCompleted</Trigger>
        </Sound>
        <Disabled>false</Disabled>
        <PlayWhileConditionsAreOk>false</PlayWhileConditionsAreOk>
        <PlayWhileUnSuccess>true</PlayWhileUnSuccess>
        <AssociateMission />
        <Loop>false</Loop>
        <MaxRunningTime>0</MaxRunningTime>
        <OnlyOneConditionMustBeGood>false</OnlyOneConditionMustBeGood>
        <OnlyDoneByServer>false</OnlyDoneByServer>
        <Conditions />
        <HotSpots />
        <Actions>
          <Action xsi:type="InteractNode">
            <ActionID>5452c363-8656-4ec4-9687-0159b33700b6</ActionID>
            <OverrideName>InteractNode</OverrideName>
            <Sound>
              <SoundName />
              <Trigger>OnActionCompleted</Trigger>
            </Sound>
            <Disabled>false</Disabled>
            <PlayWhileConditionsAreOk>false</PlayWhileConditionsAreOk>
            <PlayWhileUnSuccess>true</PlayWhileUnSuccess>
            <AssociateMission>Az_Ee_Sr_He_B_Eyes_Abyss/Timer_Grant/Phase_One/Disrupt_Portals</AssociateMission>
            <Loop>false</Loop>
            <MaxRunningTime>0</MaxRunningTime>
            <OnlyOneConditionMustBeGood>false</OnlyOneConditionMustBeGood>
            <OnlyDoneByServer>false</OnlyDoneByServer>
            <Conditions />
            <HotSpots>
              <Vector3>
                <X>1085.62158</X>
                <Y>2779.66113</Y>
                <Z>305.523743</Z>
              </Vector3>
              <Vector3>
                <X>1083.06836</X>
                <Y>2695.57349</Y>
                <Z>304.62677</Z>
              </Vector3>
              <Vector3>
                <X>1190.3667</X>
                <Y>2674.227</Y>
                <Z>304.436829</Z>
              </Vector3>
              <Vector3>
                <X>1239.77075</X>
                <Y>2714.192</Y>
                <Z>305.209534</Z>
              </Vector3>
              <Vector3>
                <X>1262.52637</X>
                <Y>2767.703</Y>
                <Z>305.317719</Z>
              </Vector3>
              <Vector3>
                <X>1267.6626</X>
                <Y>2831.34668</Y>
                <Z>304.913818</Z>
              </Vector3>
            </HotSpots>
            <NodeCategory />
            <LocalizedName>Закрыть порталы</LocalizedName>
            <Dialogs />
            <OneInteractionByNode>false</OneInteractionByNode>
            <InteractTime>1000</InteractTime>
            <ReactionRange>35</ReactionRange>
            <WhiteList />
            <BlackList />
          </Action>
          <Action xsi:type="Grind">
            <ActionID>7eb084c3-7aa5-46f6-8867-907e78f0e22f</ActionID>
            <OverrideName />
            <Sound>
              <SoundName />
              <Trigger>OnActionCompleted</Trigger>
            </Sound>
            <Disabled>false</Disabled>
            <PlayWhileConditionsAreOk>false</PlayWhileConditionsAreOk>
            <PlayWhileUnSuccess>true</PlayWhileUnSuccess>
            <AssociateMission>Az_Ee_Sr_He_B_Eyes_Abyss/Timer_Grant/Phase_One/Defeat_Summoners</AssociateMission>
            <Loop>false</Loop>
            <MaxRunningTime>0</MaxRunningTime>
            <OnlyOneConditionMustBeGood>false</OnlyOneConditionMustBeGood>
            <OnlyDoneByServer>false</OnlyDoneByServer>
            <Conditions />
            <HotSpots>
              <Vector3>
                <X>-105.124413</X>
                <Y>2122.82251</Y>
                <Z>366.7421</Z>
              </Vector3>
              <Vector3>
                <X>-132.361084</X>
                <Y>2111.431</Y>
                <Z>371.697418</Z>
              </Vector3>
              <Vector3>
                <X>-156.771622</X>
                <Y>2077.4707</Y>
                <Z>379.806366</Z>
              </Vector3>
              <Vector3>
                <X>-143.465561</X>
                <Y>2041.45422</Y>
                <Z>376.454926</Z>
              </Vector3>
              <Vector3>
                <X>-115.868271</X>
                <Y>2054.43433</Y>
                <Z>373.0569</Z>
              </Vector3>
              <Vector3>
                <X>-138.31517</X>
                <Y>2072.827</Y>
                <Z>375.635376</Z>
              </Vector3>
            </HotSpots>
          </Action>
          <Action xsi:type="Grind">
            <ActionID>17d3c86c-6215-41b2-b2ef-eb94edc842a2</ActionID>
            <OverrideName />
            <Sound>
              <SoundName />
              <Trigger>OnActionCompleted</Trigger>
            </Sound>
            <Disabled>false</Disabled>
            <PlayWhileConditionsAreOk>false</PlayWhileConditionsAreOk>
            <PlayWhileUnSuccess>true</PlayWhileUnSuccess>
            <AssociateMission>Az_Ee_Sr_He_B_Eyes_Abyss/Timer_Grant/Phase_Two/Defeat_Adds_P2</AssociateMission>
            <Loop>false</Loop>
            <MaxRunningTime>0</MaxRunningTime>
            <OnlyOneConditionMustBeGood>false</OnlyOneConditionMustBeGood>
            <OnlyDoneByServer>false</OnlyDoneByServer>
            <Conditions />
            <HotSpots>
              <Vector3>
                <X>1219.97327</X>
                <Y>2793.836</Y>
                <Z>301.6001</Z>
              </Vector3>
              <Vector3>
                <X>1173.7959</X>
                <Y>2772.61279</Y>
                <Z>301.6001</Z>
              </Vector3>
              <Vector3>
                <X>1166.77478</X>
                <Y>2804.30737</Y>
                <Z>301.6001</Z>
              </Vector3>
              <Vector3>
                <X>1202.94849</X>
                <Y>2819.936</Y>
                <Z>301.609924</Z>
              </Vector3>
              <Vector3>
                <X>1210.29053</X>
                <Y>2784.566</Y>
                <Z>305.391</Z>
              </Vector3>
            </HotSpots>
          </Action>
        </Actions>
        <SimultaneousActions>false</SimultaneousActions>
      </Action>
      <Action xsi:type="ActionPack">
        <ActionID>866f310e-de4f-428a-a8f6-d479236a4622</ActionID>
        <OverrideName>Буйство стихий3</OverrideName>
        <Sound>
          <SoundName />
          <Trigger>OnActionCompleted</Trigger>
        </Sound>
        <Disabled>false</Disabled>
        <PlayWhileConditionsAreOk>false</PlayWhileConditionsAreOk>
        <PlayWhileUnSuccess>true</PlayWhileUnSuccess>
        <AssociateMission />
        <Loop>false</Loop>
        <MaxRunningTime>0</MaxRunningTime>
        <OnlyOneConditionMustBeGood>false</OnlyOneConditionMustBeGood>
        <OnlyDoneByServer>false</OnlyDoneByServer>
        <Conditions />
        <HotSpots />
        <Actions />
        <SimultaneousActions>false</SimultaneousActions>
      </Action>
      <Action xsi:type="ActionPack">
        <ActionID>48603d44-04f8-4e9c-a457-91e334885214</ActionID>
        <OverrideName>Облако смерти</OverrideName>
        <Sound>
          <SoundName />
          <Trigger>OnActionCompleted</Trigger>
        </Sound>
        <Disabled>false</Disabled>
        <PlayWhileConditionsAreOk>false</PlayWhileConditionsAreOk>
        <PlayWhileUnSuccess>true</PlayWhileUnSuccess>
        <AssociateMission />
        <Loop>false</Loop>
        <MaxRunningTime>0</MaxRunningTime>
        <OnlyOneConditionMustBeGood>false</OnlyOneConditionMustBeGood>
        <OnlyDoneByServer>false</OnlyDoneByServer>
        <Conditions />
        <HotSpots />
        <Actions>
          <Action xsi:type="Grind">
            <ActionID>5b412920-0ad9-404a-95ba-6fdbafc796bc</ActionID>
            <OverrideName />
            <Sound>
              <SoundName />
              <Trigger>OnActionCompleted</Trigger>
            </Sound>
            <Disabled>false</Disabled>
            <PlayWhileConditionsAreOk>false</PlayWhileConditionsAreOk>
            <PlayWhileUnSuccess>true</PlayWhileUnSuccess>
            <AssociateMission />
            <Loop>false</Loop>
            <MaxRunningTime>0</MaxRunningTime>
            <OnlyOneConditionMustBeGood>false</OnlyOneConditionMustBeGood>
            <OnlyDoneByServer>false</OnlyDoneByServer>
            <Conditions />
            <HotSpots />
          </Action>
        </Actions>
        <SimultaneousActions>false</SimultaneousActions>
      </Action>
      <Action xsi:type="ActionPack">
        <ActionID>e2990640-10bf-449b-ab8f-7e2e11affc11</ActionID>
        <OverrideName />
        <Sound>
          <SoundName />
          <Trigger>OnActionCompleted</Trigger>
        </Sound>
        <Disabled>false</Disabled>
        <PlayWhileConditionsAreOk>false</PlayWhileConditionsAreOk>
        <PlayWhileUnSuccess>true</PlayWhileUnSuccess>
        <AssociateMission />
        <Loop>false</Loop>
        <MaxRunningTime>0</MaxRunningTime>
        <OnlyOneConditionMustBeGood>false</OnlyOneConditionMustBeGood>
        <OnlyDoneByServer>false</OnlyDoneByServer>
        <Conditions />
        <HotSpots />
        <Actions>
          <Action xsi:type="Grind">
            <ActionID>ac16c0f7-40b8-43a5-8e33-3afb65ea1fd1</ActionID>
            <OverrideName />
            <Sound>
              <SoundName />
              <Trigger>OnActionCompleted</Trigger>
            </Sound>
            <Disabled>false</Disabled>
            <PlayWhileConditionsAreOk>false</PlayWhileConditionsAreOk>
            <PlayWhileUnSuccess>true</PlayWhileUnSuccess>
            <AssociateMission />
            <Loop>false</Loop>
            <MaxRunningTime>0</MaxRunningTime>
            <OnlyOneConditionMustBeGood>false</OnlyOneConditionMustBeGood>
            <OnlyDoneByServer>false</OnlyDoneByServer>
            <Conditions />
            <HotSpots />
          </Action>
        </Actions>
        <SimultaneousActions>false</SimultaneousActions>
      </Action>
    </Actions>
    <SimultaneousActions>false</SimultaneousActions>
  </MainActionPack>
  <Saved>true</Saved>
</Profile>