<?xml version="1.0"?>
<Profile xmlns:xsi="http://www.w3.org/2001/XMLSchema-instance" xmlns:xsd="http://www.w3.org/2001/XMLSchema">
  <Vendors />
  <BlackList />
  <KillRadius>20</KillRadius>
  <CustomRegions />
  <UseExternalMeshFile>false</UseExternalMeshFile>
  <ExternalMeshFileName />
  <DisablePet>false</DisablePet>
  <MainActionPack>
    <ActionID>83e36dbd-28b5-458f-9069-cb140eb7e47b</ActionID>
    <OverrideName />
    <Sound>
      <SoundName />
      <Trigger>OnActionCompleted</Trigger>
    </Sound>
    <Disabled>false</Disabled>
    <PlayWhileConditionsAreOk>false</PlayWhileConditionsAreOk>
    <PlayWhileUnSuccess>true</PlayWhileUnSuccess>
    <AssociateMission>Scc_Deed_Chasm/Az_Ch_Cathedral_Of_Madness</AssociateMission>
    <Loop>false</Loop>
    <MaxRunningTime>0</MaxRunningTime>
    <OnlyOneConditionMustBeGood>false</OnlyOneConditionMustBeGood>
    <Conditions />
    <HotSpots />
    <Actions />
    <SimultaneousActions>false</SimultaneousActions>
  </MainActionPack>
  <Saved>true</Saved>
</Profile>