<?xml version="1.0"?>
<Profile xmlns:xsi="http://www.w3.org/2001/XMLSchema-instance" xmlns:xsd="http://www.w3.org/2001/XMLSchema">
  <Vendors />
  <BlackList />
  <KillRadius>20</KillRadius>
  <CustomRegions />
  <UseExternalMeshFile>false</UseExternalMeshFile>
  <ExternalMeshFileName />
  <DisablePet>false</DisablePet>
  <FollowerDistance>10</FollowerDistance>
  <DisableFollow>false</DisableFollow>
  <MainActionPack>
    <ActionID>a2a8a43c-70d7-46cf-81ea-2e3c3f036afe</ActionID>
    <OverrideName />
    <Sound>
      <SoundName />
      <Trigger>OnActionCompleted</Trigger>
    </Sound>
    <Disabled>false</Disabled>
    <PlayWhileConditionsAreOk>false</PlayWhileConditionsAreOk>
    <PlayWhileUnSuccess>true</PlayWhileUnSuccess>
    <AssociateMission />
    <Loop>false</Loop>
    <MaxRunningTime>0</MaxRunningTime>
    <OnlyOneConditionMustBeGood>false</OnlyOneConditionMustBeGood>
    <OnlyDoneByServer>false</OnlyDoneByServer>
    <Conditions />
    <HotSpots />
    <Actions>
      <Action xsi:type="ActionPack">
        <ActionID>fdc27ce2-f16e-42dc-97d3-65290d986c76</ActionID>
        <OverrideName />
        <Sound>
          <SoundName />
          <Trigger>OnActionCompleted</Trigger>
        </Sound>
        <Disabled>false</Disabled>
        <PlayWhileConditionsAreOk>false</PlayWhileConditionsAreOk>
        <PlayWhileUnSuccess>true</PlayWhileUnSuccess>
        <AssociateMission />
        <Loop>false</Loop>
        <MaxRunningTime>0</MaxRunningTime>
        <OnlyOneConditionMustBeGood>false</OnlyOneConditionMustBeGood>
        <OnlyDoneByServer>false</OnlyDoneByServer>
        <Conditions />
        <HotSpots />
        <Actions />
        <SimultaneousActions>false</SimultaneousActions>
      </Action>
      <Action xsi:type="ActionPack">
        <ActionID>834fb35e-4c3b-4ecf-89c7-4040c541ccae</ActionID>
        <OverrideName>Атака пауков</OverrideName>
        <Sound>
          <SoundName />
          <Trigger>OnActionCompleted</Trigger>
        </Sound>
        <Disabled>false</Disabled>
        <PlayWhileConditionsAreOk>false</PlayWhileConditionsAreOk>
        <PlayWhileUnSuccess>true</PlayWhileUnSuccess>
        <AssociateMission />
        <Loop>false</Loop>
        <MaxRunningTime>0</MaxRunningTime>
        <OnlyOneConditionMustBeGood>false</OnlyOneConditionMustBeGood>
        <OnlyDoneByServer>false</OnlyDoneByServer>
        <Conditions />
        <HotSpots />
        <Actions>
          <Action xsi:type="Grind">
            <ActionID>c055ecaa-4c2d-44e7-9a25-4dab4b2d1a60</ActionID>
            <OverrideName />
            <Sound>
              <SoundName />
              <Trigger>OnActionCompleted</Trigger>
            </Sound>
            <Disabled>false</Disabled>
            <PlayWhileConditionsAreOk>false</PlayWhileConditionsAreOk>
            <PlayWhileUnSuccess>true</PlayWhileUnSuccess>
            <AssociateMission>Str_Pve_Spider_Ambush_He_01/Overview/Initial_Group</AssociateMission>
            <Loop>false</Loop>
            <MaxRunningTime>0</MaxRunningTime>
            <OnlyOneConditionMustBeGood>false</OnlyOneConditionMustBeGood>
            <OnlyDoneByServer>false</OnlyDoneByServer>
            <Conditions />
            <HotSpots>
              <Vector3>
                <X>954.8678</X>
                <Y>3797.89624</Y>
                <Z>86.55116</Z>
              </Vector3>
            </HotSpots>
          </Action>
          <Action xsi:type="Grind">
            <ActionID>7a6ef359-8496-4a5a-8d4b-ee57501dbed8</ActionID>
            <OverrideName />
            <Sound>
              <SoundName />
              <Trigger>OnActionCompleted</Trigger>
            </Sound>
            <Disabled>false</Disabled>
            <PlayWhileConditionsAreOk>false</PlayWhileConditionsAreOk>
            <PlayWhileUnSuccess>true</PlayWhileUnSuccess>
            <AssociateMission>Str_Pve_Spider_Ambush_He_01/Overview/Attackers</AssociateMission>
            <Loop>false</Loop>
            <MaxRunningTime>0</MaxRunningTime>
            <OnlyOneConditionMustBeGood>false</OnlyOneConditionMustBeGood>
            <OnlyDoneByServer>false</OnlyDoneByServer>
            <Conditions>
              <Condition xsi:type="QuestInfo">
                <Locked>false</Locked>
                <QuestID />
                <Tested>Succeeded</Tested>
              </Condition>
            </Conditions>
            <HotSpots>
              <Vector3>
                <X>930.1247</X>
                <Y>3792.68433</Y>
                <Z>87.86369</Z>
              </Vector3>
              <Vector3>
                <X>958.217957</X>
                <Y>3789.03833</Y>
                <Z>84.12504</Z>
              </Vector3>
            </HotSpots>
          </Action>
        </Actions>
        <SimultaneousActions>false</SimultaneousActions>
      </Action>
      <Action xsi:type="ActionPack">
        <ActionID>c9679241-a112-400e-98dd-57f9c25c8087</ActionID>
        <OverrideName>Нападение зверей</OverrideName>
        <Sound>
          <SoundName />
          <Trigger>OnActionCompleted</Trigger>
        </Sound>
        <Disabled>false</Disabled>
        <PlayWhileConditionsAreOk>false</PlayWhileConditionsAreOk>
        <PlayWhileUnSuccess>true</PlayWhileUnSuccess>
        <AssociateMission />
        <Loop>false</Loop>
        <MaxRunningTime>0</MaxRunningTime>
        <OnlyOneConditionMustBeGood>false</OnlyOneConditionMustBeGood>
        <OnlyDoneByServer>false</OnlyDoneByServer>
        <Conditions />
        <HotSpots />
        <Actions>
          <Action xsi:type="Grind">
            <ActionID>f843ea61-5471-462e-a439-016ee8b85d19</ActionID>
            <OverrideName />
            <Sound>
              <SoundName />
              <Trigger>OnActionCompleted</Trigger>
            </Sound>
            <Disabled>false</Disabled>
            <PlayWhileConditionsAreOk>false</PlayWhileConditionsAreOk>
            <PlayWhileUnSuccess>true</PlayWhileUnSuccess>
            <AssociateMission>Str_Pve_Beast_Ambush_He_01/Overview/Attackers</AssociateMission>
            <Loop>false</Loop>
            <MaxRunningTime>0</MaxRunningTime>
            <OnlyOneConditionMustBeGood>false</OnlyOneConditionMustBeGood>
            <OnlyDoneByServer>false</OnlyDoneByServer>
            <Conditions />
            <HotSpots>
              <Vector3>
                <X>3315.02173</X>
                <Y>3101.24976</Y>
                <Z>2.23720431</Z>
              </Vector3>
              <Vector3>
                <X>3297.387</X>
                <Y>3121.95337</Y>
                <Z>-0.734100461</Z>
              </Vector3>
              <Vector3>
                <X>3290.18921</X>
                <Y>3106.172</Y>
                <Z>2.12742376</Z>
              </Vector3>
              <Vector3>
                <X>3327.61084</X>
                <Y>3121.99829</Y>
                <Z>2.10218287</Z>
              </Vector3>
            </HotSpots>
          </Action>
          <Action xsi:type="Grind">
            <ActionID>5497e77d-d585-4732-8470-b92bea20e741</ActionID>
            <OverrideName />
            <Sound>
              <SoundName />
              <Trigger>OnActionCompleted</Trigger>
            </Sound>
            <Disabled>false</Disabled>
            <PlayWhileConditionsAreOk>false</PlayWhileConditionsAreOk>
            <PlayWhileUnSuccess>true</PlayWhileUnSuccess>
            <AssociateMission>Str_Pve_Beast_Ambush_He_01/Overview/Initial_Group</AssociateMission>
            <Loop>false</Loop>
            <MaxRunningTime>0</MaxRunningTime>
            <OnlyOneConditionMustBeGood>false</OnlyOneConditionMustBeGood>
            <OnlyDoneByServer>false</OnlyDoneByServer>
            <Conditions />
            <HotSpots>
              <Vector3>
                <X>3313.60571</X>
                <Y>3102.02417</Y>
                <Z>2.29119062</Z>
              </Vector3>
            </HotSpots>
          </Action>
        </Actions>
        <SimultaneousActions>false</SimultaneousActions>
      </Action>
      <Action xsi:type="ActionPack">
        <ActionID>aafadb6e-e0f8-402f-9e3e-6288de192574</ActionID>
        <OverrideName>Демоническая резня</OverrideName>
        <Sound>
          <SoundName />
          <Trigger>OnActionCompleted</Trigger>
        </Sound>
        <Disabled>false</Disabled>
        <PlayWhileConditionsAreOk>false</PlayWhileConditionsAreOk>
        <PlayWhileUnSuccess>true</PlayWhileUnSuccess>
        <AssociateMission />
        <Loop>false</Loop>
        <MaxRunningTime>0</MaxRunningTime>
        <OnlyOneConditionMustBeGood>false</OnlyOneConditionMustBeGood>
        <OnlyDoneByServer>false</OnlyDoneByServer>
        <Conditions />
        <HotSpots />
        <Actions>
          <Action xsi:type="Grind">
            <ActionID>e230d145-6218-4c64-89ea-eb13d9103686</ActionID>
            <OverrideName />
            <Sound>
              <SoundName />
              <Trigger>OnActionCompleted</Trigger>
            </Sound>
            <Disabled>false</Disabled>
            <PlayWhileConditionsAreOk>false</PlayWhileConditionsAreOk>
            <PlayWhileUnSuccess>true</PlayWhileUnSuccess>
            <AssociateMission>M8_He_Demon_01/Main</AssociateMission>
            <Loop>false</Loop>
            <MaxRunningTime>0</MaxRunningTime>
            <OnlyOneConditionMustBeGood>false</OnlyOneConditionMustBeGood>
            <OnlyDoneByServer>false</OnlyDoneByServer>
            <Conditions />
            <HotSpots>
              <Vector3>
                <X>2116.75073</X>
                <Y>3540.718</Y>
                <Z>50.2302551</Z>
              </Vector3>
              <Vector3>
                <X>2130.35522</X>
                <Y>3605.62866</Y>
                <Z>51.652607</Z>
              </Vector3>
              <Vector3>
                <X>2144.36475</X>
                <Y>3610.25342</Y>
                <Z>51.6852226</Z>
              </Vector3>
              <Vector3>
                <X>2090.04932</X>
                <Y>3630.39624</Y>
                <Z>51.69049</Z>
              </Vector3>
              <Vector3>
                <X>2077.81348</X>
                <Y>3571.10327</Y>
                <Z>50.87604</Z>
              </Vector3>
              <Vector3>
                <X>2113.34155</X>
                <Y>3554.73853</Y>
                <Z>50.2339859</Z>
              </Vector3>
            </HotSpots>
          </Action>
        </Actions>
        <SimultaneousActions>false</SimultaneousActions>
      </Action>
      <Action xsi:type="ActionPack">
        <ActionID>4409fe27-e039-423c-9f05-9097a1c985bb</ActionID>
        <OverrideName>Беда со снабжением на озере</OverrideName>
        <Sound>
          <SoundName />
          <Trigger>OnActionCompleted</Trigger>
        </Sound>
        <Disabled>false</Disabled>
        <PlayWhileConditionsAreOk>false</PlayWhileConditionsAreOk>
        <PlayWhileUnSuccess>true</PlayWhileUnSuccess>
        <AssociateMission />
        <Loop>false</Loop>
        <MaxRunningTime>0</MaxRunningTime>
        <OnlyOneConditionMustBeGood>false</OnlyOneConditionMustBeGood>
        <OnlyDoneByServer>false</OnlyDoneByServer>
        <Conditions />
        <HotSpots />
        <Actions>
          <Action xsi:type="InteractSpecificNode">
            <ActionID>939e6e45-dd58-4fec-a59e-b5473f9d1657</ActionID>
            <OverrideName />
            <Sound>
              <SoundName />
              <Trigger>OnActionCompleted</Trigger>
            </Sound>
            <Disabled>false</Disabled>
            <PlayWhileConditionsAreOk>false</PlayWhileConditionsAreOk>
            <PlayWhileUnSuccess>true</PlayWhileUnSuccess>
            <AssociateMission />
            <Loop>false</Loop>
            <MaxRunningTime>0</MaxRunningTime>
            <OnlyOneConditionMustBeGood>false</OnlyOneConditionMustBeGood>
            <OnlyDoneByServer>false</OnlyDoneByServer>
            <Conditions />
            <HotSpots />
            <NodeCategory />
            <LocalizedName />
            <Dialogs />
            <InteractTime>1000</InteractTime>
            <Position>
              <X>2569.40649</X>
              <Y>3035.35986</Y>
              <Z>-24.9302616</Z>
            </Position>
            <RewardItemChoose />
            <SkipTimeout>0</SkipTimeout>
          </Action>
          <Action xsi:type="InteractSpecificNode">
            <ActionID>e9025a21-029e-4d26-a41f-fe8ed8ff671d</ActionID>
            <OverrideName />
            <Sound>
              <SoundName />
              <Trigger>OnActionCompleted</Trigger>
            </Sound>
            <Disabled>false</Disabled>
            <PlayWhileConditionsAreOk>false</PlayWhileConditionsAreOk>
            <PlayWhileUnSuccess>true</PlayWhileUnSuccess>
            <AssociateMission />
            <Loop>false</Loop>
            <MaxRunningTime>0</MaxRunningTime>
            <OnlyOneConditionMustBeGood>false</OnlyOneConditionMustBeGood>
            <OnlyDoneByServer>false</OnlyDoneByServer>
            <Conditions />
            <HotSpots />
            <NodeCategory />
            <LocalizedName />
            <Dialogs />
            <InteractTime>1000</InteractTime>
            <Position>
              <X>2648.8877</X>
              <Y>2964.61353</Y>
              <Z>-22.7038345</Z>
            </Position>
            <RewardItemChoose />
            <SkipTimeout>0</SkipTimeout>
          </Action>
          <Action xsi:type="InteractSpecificNode">
            <ActionID>5a31096f-3304-4046-994b-8d4e98b6131c</ActionID>
            <OverrideName />
            <Sound>
              <SoundName />
              <Trigger>OnActionCompleted</Trigger>
            </Sound>
            <Disabled>false</Disabled>
            <PlayWhileConditionsAreOk>false</PlayWhileConditionsAreOk>
            <PlayWhileUnSuccess>true</PlayWhileUnSuccess>
            <AssociateMission />
            <Loop>false</Loop>
            <MaxRunningTime>0</MaxRunningTime>
            <OnlyOneConditionMustBeGood>false</OnlyOneConditionMustBeGood>
            <OnlyDoneByServer>false</OnlyDoneByServer>
            <Conditions />
            <HotSpots />
            <NodeCategory />
            <LocalizedName />
            <Dialogs />
            <InteractTime>1000</InteractTime>
            <Position>
              <X>2655.60181</X>
              <Y>3112.73535</Y>
              <Z>-24.4738655</Z>
            </Position>
            <RewardItemChoose />
            <SkipTimeout>0</SkipTimeout>
          </Action>
        </Actions>
        <SimultaneousActions>false</SimultaneousActions>
      </Action>
      <Action xsi:type="ActionPack">
        <ActionID>1ee518b2-3954-4569-b29b-398595060827</ActionID>
        <OverrideName />
        <Sound>
          <SoundName />
          <Trigger>OnActionCompleted</Trigger>
        </Sound>
        <Disabled>false</Disabled>
        <PlayWhileConditionsAreOk>false</PlayWhileConditionsAreOk>
        <PlayWhileUnSuccess>true</PlayWhileUnSuccess>
        <AssociateMission />
        <Loop>false</Loop>
        <MaxRunningTime>0</MaxRunningTime>
        <OnlyOneConditionMustBeGood>false</OnlyOneConditionMustBeGood>
        <OnlyDoneByServer>false</OnlyDoneByServer>
        <Conditions />
        <HotSpots />
        <Actions />
        <SimultaneousActions>false</SimultaneousActions>
      </Action>
      <Action xsi:type="ActionPack">
        <ActionID>2bb56ec4-635e-49d7-ac86-1b4e1c566454</ActionID>
        <OverrideName />
        <Sound>
          <SoundName />
          <Trigger>OnActionCompleted</Trigger>
        </Sound>
        <Disabled>false</Disabled>
        <PlayWhileConditionsAreOk>false</PlayWhileConditionsAreOk>
        <PlayWhileUnSuccess>true</PlayWhileUnSuccess>
        <AssociateMission />
        <Loop>false</Loop>
        <MaxRunningTime>0</MaxRunningTime>
        <OnlyOneConditionMustBeGood>false</OnlyOneConditionMustBeGood>
        <OnlyDoneByServer>false</OnlyDoneByServer>
        <Conditions />
        <HotSpots />
        <Actions />
        <SimultaneousActions>false</SimultaneousActions>
      </Action>
      <Action xsi:type="GoToAction">
        <ActionID>2bb7c04b-ca4c-4de1-a43d-6399d1873e92</ActionID>
        <OverrideName />
        <Sound>
          <SoundName />
          <Trigger>OnActionCompleted</Trigger>
        </Sound>
        <Disabled>false</Disabled>
        <PlayWhileConditionsAreOk>false</PlayWhileConditionsAreOk>
        <PlayWhileUnSuccess>true</PlayWhileUnSuccess>
        <AssociateMission />
        <Loop>false</Loop>
        <MaxRunningTime>0</MaxRunningTime>
        <OnlyOneConditionMustBeGood>false</OnlyOneConditionMustBeGood>
        <OnlyDoneByServer>true</OnlyDoneByServer>
        <Conditions />
        <HotSpots />
        <ResetAllCompletedActions>false</ResetAllCompletedActions>
        <DestinationActionID>834fb35e-4c3b-4ecf-89c7-4040c541ccae</DestinationActionID>
      </Action>
    </Actions>
    <SimultaneousActions>false</SimultaneousActions>
  </MainActionPack>
  <Saved>true</Saved>
</Profile>