<?xml version="1.0"?>
<Profile xmlns:xsi="http://www.w3.org/2001/XMLSchema-instance" xmlns:xsd="http://www.w3.org/2001/XMLSchema">
  <Vendors />
  <BlackList />
  <KillRadius>40</KillRadius>
  <CustomRegions />
  <UseExternalMeshFile>false</UseExternalMeshFile>
  <ExternalMeshFileName />
  <DisablePet>false</DisablePet>
  <FollowerDistance>30</FollowerDistance>
  <DisableFollow>false</DisableFollow>
  <MainActionPack>
    <ActionID>ea1bf717-554d-46f8-a565-4177e4006268</ActionID>
    <OverrideName />
    <Sound>
      <SoundName />
      <Trigger>OnActionCompleted</Trigger>
    </Sound>
    <Disabled>false</Disabled>
    <PlayWhileConditionsAreOk>false</PlayWhileConditionsAreOk>
    <PlayWhileUnSuccess>true</PlayWhileUnSuccess>
    <AssociateMission />
    <Loop>true</Loop>
    <MaxRunningTime>0</MaxRunningTime>
    <OnlyOneConditionMustBeGood>true</OnlyOneConditionMustBeGood>
    <OnlyDoneByServer>false</OnlyDoneByServer>
    <Conditions />
    <HotSpots />
    <Actions>
      <Action xsi:type="ChangeMap">
        <ActionID>65d8fc95-e93e-4df9-9f1b-ec33ff8379ab</ActionID>
        <OverrideName />
        <Sound>
          <SoundName />
          <Trigger>OnActionCompleted</Trigger>
        </Sound>
        <Disabled>false</Disabled>
        <PlayWhileConditionsAreOk>true</PlayWhileConditionsAreOk>
        <PlayWhileUnSuccess>true</PlayWhileUnSuccess>
        <AssociateMission />
        <Loop>false</Loop>
        <MaxRunningTime>0</MaxRunningTime>
        <OnlyOneConditionMustBeGood>false</OnlyOneConditionMustBeGood>
        <OnlyDoneByServer>false</OnlyDoneByServer>
        <Conditions>
          <Condition xsi:type="CurrentMap">
            <Locked>false</Locked>
            <Tested>Equal</Tested>
            <MapName>Neverwinter_Protectors_Enclave</MapName>
          </Condition>
        </Conditions>
        <HotSpots />
        <NodePosition>
          <X>1202.96436</X>
          <Y>478.092773</Y>
          <Z>25.3878021</Z>
        </NodePosition>
        <MapName>Sh_Pve</MapName>
        <SecondMapName />
        <DisableVIPTravel>false</DisableVIPTravel>
        <NodeCategory>Door</NodeCategory>
      </Action>
      <Action xsi:type="ActionPack">
        <ActionID>04600009-0620-44fb-afdb-8c82d88a793a</ActionID>
        <OverrideName>ActionPack (DailyQuests)</OverrideName>
        <Sound>
          <SoundName />
          <Trigger>OnActionCompleted</Trigger>
        </Sound>
        <Disabled>false</Disabled>
        <PlayWhileConditionsAreOk>false</PlayWhileConditionsAreOk>
        <PlayWhileUnSuccess>true</PlayWhileUnSuccess>
        <AssociateMission />
        <Loop>false</Loop>
        <MaxRunningTime>0</MaxRunningTime>
        <OnlyOneConditionMustBeGood>false</OnlyOneConditionMustBeGood>
        <OnlyDoneByServer>false</OnlyDoneByServer>
        <Conditions />
        <HotSpots />
        <Actions>
          <Action xsi:type="MoveTo">
            <ActionID>f38f7f83-830b-4bf4-bad9-22a08a24cfeb</ActionID>
            <OverrideName />
            <Sound>
              <SoundName />
              <Trigger>OnActionCompleted</Trigger>
            </Sound>
            <Disabled>false</Disabled>
            <PlayWhileConditionsAreOk>false</PlayWhileConditionsAreOk>
            <PlayWhileUnSuccess>true</PlayWhileUnSuccess>
            <AssociateMission />
            <Loop>false</Loop>
            <MaxRunningTime>0</MaxRunningTime>
            <OnlyOneConditionMustBeGood>false</OnlyOneConditionMustBeGood>
            <OnlyDoneByServer>false</OnlyDoneByServer>
            <Conditions />
            <HotSpots />
            <Position>
              <X>2208.62</X>
              <Y>4090.5647</Y>
              <Z>20.4647064</Z>
            </Position>
            <Range>5</Range>
          </Action>
          <Action xsi:type="TurnInMission">
            <ActionID>45a3f31a-1356-4928-8a97-77ae742e3712</ActionID>
            <OverrideName />
            <Sound>
              <SoundName />
              <Trigger>OnActionCompleted</Trigger>
            </Sound>
            <Disabled>false</Disabled>
            <PlayWhileConditionsAreOk>true</PlayWhileConditionsAreOk>
            <PlayWhileUnSuccess>true</PlayWhileUnSuccess>
            <AssociateMission />
            <Loop>false</Loop>
            <MaxRunningTime>10</MaxRunningTime>
            <OnlyOneConditionMustBeGood>false</OnlyOneConditionMustBeGood>
            <OnlyDoneByServer>false</OnlyDoneByServer>
            <Conditions />
            <HotSpots />
            <MissionId>Str_Pve_Mass_Kill_Hourly</MissionId>
            <GiverId>Generic_Civilian</GiverId>
            <GiverPosition>
              <X>2209.19824</X>
              <Y>4093.47949</Y>
              <Z>20.5922852</Z>
            </GiverPosition>
          </Action>
          <Action xsi:type="TurnInMission">
            <ActionID>a24dc1cd-3886-4f3e-b0e6-fe02adae26dd</ActionID>
            <OverrideName />
            <Sound>
              <SoundName />
              <Trigger>OnActionCompleted</Trigger>
            </Sound>
            <Disabled>false</Disabled>
            <PlayWhileConditionsAreOk>true</PlayWhileConditionsAreOk>
            <PlayWhileUnSuccess>true</PlayWhileUnSuccess>
            <AssociateMission />
            <Loop>false</Loop>
            <MaxRunningTime>10</MaxRunningTime>
            <OnlyOneConditionMustBeGood>false</OnlyOneConditionMustBeGood>
            <OnlyDoneByServer>false</OnlyDoneByServer>
            <Conditions />
            <HotSpots />
            <MissionId>Str_Pve_Heroic_Encounter_Daily</MissionId>
            <GiverId>Generic_Civilian</GiverId>
            <GiverPosition>
              <X>2209.19824</X>
              <Y>4093.47949</Y>
              <Z>20.5922852</Z>
            </GiverPosition>
          </Action>
          <Action xsi:type="PickUpMission">
            <ActionID>49ca4b07-404b-499a-99c5-83ed523da880</ActionID>
            <OverrideName />
            <Sound>
              <SoundName />
              <Trigger>OnActionCompleted</Trigger>
            </Sound>
            <Disabled>false</Disabled>
            <PlayWhileConditionsAreOk>true</PlayWhileConditionsAreOk>
            <PlayWhileUnSuccess>true</PlayWhileUnSuccess>
            <AssociateMission />
            <Loop>false</Loop>
            <MaxRunningTime>10</MaxRunningTime>
            <OnlyOneConditionMustBeGood>false</OnlyOneConditionMustBeGood>
            <OnlyDoneByServer>false</OnlyDoneByServer>
            <Conditions />
            <HotSpots />
            <MissionId>Str_Pve_Mass_Kill_Hourly</MissionId>
            <SkipOnFail>false</SkipOnFail>
            <GiverId>Generic_Civilian</GiverId>
            <GiverPosition>
              <X>2209.19824</X>
              <Y>4093.47949</Y>
              <Z>20.5922852</Z>
            </GiverPosition>
          </Action>
          <Action xsi:type="PickUpMission">
            <ActionID>0e9d821b-b263-4341-9e23-c4ff58ac2b9c</ActionID>
            <OverrideName />
            <Sound>
              <SoundName />
              <Trigger>OnActionCompleted</Trigger>
            </Sound>
            <Disabled>false</Disabled>
            <PlayWhileConditionsAreOk>true</PlayWhileConditionsAreOk>
            <PlayWhileUnSuccess>true</PlayWhileUnSuccess>
            <AssociateMission />
            <Loop>false</Loop>
            <MaxRunningTime>10</MaxRunningTime>
            <OnlyOneConditionMustBeGood>false</OnlyOneConditionMustBeGood>
            <OnlyDoneByServer>false</OnlyDoneByServer>
            <Conditions />
            <HotSpots />
            <MissionId>Str_Pve_Heroic_Encounter_Daily</MissionId>
            <SkipOnFail>false</SkipOnFail>
            <GiverId>Generic_Civilian</GiverId>
            <GiverPosition>
              <X>2209.19824</X>
              <Y>4093.47949</Y>
              <Z>20.5922852</Z>
            </GiverPosition>
          </Action>
          <Action xsi:type="ActionPack">
            <ActionID>aeadffc3-10b2-40e7-ad8e-8ee9900785c3</ActionID>
            <OverrideName />
            <Sound>
              <SoundName />
              <Trigger>OnActionCompleted</Trigger>
            </Sound>
            <Disabled>false</Disabled>
            <PlayWhileConditionsAreOk>false</PlayWhileConditionsAreOk>
            <PlayWhileUnSuccess>true</PlayWhileUnSuccess>
            <AssociateMission />
            <Loop>false</Loop>
            <MaxRunningTime>0</MaxRunningTime>
            <OnlyOneConditionMustBeGood>false</OnlyOneConditionMustBeGood>
            <OnlyDoneByServer>false</OnlyDoneByServer>
            <Conditions />
            <HotSpots />
            <Actions>
              <Action xsi:type="MoveTo">
                <ActionID>fb3abcc3-53a1-4cc0-a40d-99aeaa87bed5</ActionID>
                <OverrideName />
                <Sound>
                  <SoundName />
                  <Trigger>OnActionCompleted</Trigger>
                </Sound>
                <Disabled>false</Disabled>
                <PlayWhileConditionsAreOk>false</PlayWhileConditionsAreOk>
                <PlayWhileUnSuccess>true</PlayWhileUnSuccess>
                <AssociateMission />
                <Loop>false</Loop>
                <MaxRunningTime>0</MaxRunningTime>
                <OnlyOneConditionMustBeGood>false</OnlyOneConditionMustBeGood>
                <OnlyDoneByServer>false</OnlyDoneByServer>
                <Conditions />
                <HotSpots />
                <Position>
                  <X>2236.07666</X>
                  <Y>4167.664</Y>
                  <Z>20.2038517</Z>
                </Position>
                <Range>5</Range>
              </Action>
              <Action xsi:type="TurnInMission">
                <ActionID>de0c06e1-70e7-4f43-9b3f-6c06c12c3380</ActionID>
                <OverrideName />
                <Sound>
                  <SoundName />
                  <Trigger>OnActionCompleted</Trigger>
                </Sound>
                <Disabled>false</Disabled>
                <PlayWhileConditionsAreOk>true</PlayWhileConditionsAreOk>
                <PlayWhileUnSuccess>true</PlayWhileUnSuccess>
                <AssociateMission />
                <Loop>false</Loop>
                <MaxRunningTime>10</MaxRunningTime>
                <OnlyOneConditionMustBeGood>false</OnlyOneConditionMustBeGood>
                <OnlyDoneByServer>false</OnlyDoneByServer>
                <Conditions />
                <HotSpots />
                <MissionId>Str_Pve_Stronghold_Solo_Ranked_Challenge_01</MissionId>
                <GiverId>Generic_Civilian</GiverId>
                <GiverPosition>
                  <X>2237.48047</X>
                  <Y>4170.80469</Y>
                  <Z>20.3005371</Z>
                </GiverPosition>
              </Action>
              <Action xsi:type="TurnInMission">
                <ActionID>859deb99-7cbc-4c7f-8850-218894b3c673</ActionID>
                <OverrideName />
                <Sound>
                  <SoundName />
                  <Trigger>OnActionCompleted</Trigger>
                </Sound>
                <Disabled>false</Disabled>
                <PlayWhileConditionsAreOk>true</PlayWhileConditionsAreOk>
                <PlayWhileUnSuccess>true</PlayWhileUnSuccess>
                <AssociateMission />
                <Loop>false</Loop>
                <MaxRunningTime>10</MaxRunningTime>
                <OnlyOneConditionMustBeGood>false</OnlyOneConditionMustBeGood>
                <OnlyDoneByServer>false</OnlyDoneByServer>
                <Conditions />
                <HotSpots />
                <MissionId>Str_Pve_Stronghold_Solo_Challenge_01</MissionId>
                <GiverId>Generic_Civilian</GiverId>
                <GiverPosition>
                  <X>2237.48047</X>
                  <Y>4170.80469</Y>
                  <Z>20.3005371</Z>
                </GiverPosition>
              </Action>
              <Action xsi:type="TurnInMission">
                <ActionID>1ef51fe3-5c5b-4ef6-9d6f-580665cd3be0</ActionID>
                <OverrideName />
                <Sound>
                  <SoundName />
                  <Trigger>OnActionCompleted</Trigger>
                </Sound>
                <Disabled>false</Disabled>
                <PlayWhileConditionsAreOk>true</PlayWhileConditionsAreOk>
                <PlayWhileUnSuccess>true</PlayWhileUnSuccess>
                <AssociateMission />
                <Loop>false</Loop>
                <MaxRunningTime>10</MaxRunningTime>
                <OnlyOneConditionMustBeGood>false</OnlyOneConditionMustBeGood>
                <OnlyDoneByServer>false</OnlyDoneByServer>
                <Conditions />
                <HotSpots />
                <MissionId>Str_Pve_Stronghold_Solo_Challenge_02</MissionId>
                <GiverId>Generic_Civilian</GiverId>
                <GiverPosition>
                  <X>2237.48047</X>
                  <Y>4170.80469</Y>
                  <Z>20.3005371</Z>
                </GiverPosition>
              </Action>
              <Action xsi:type="TurnInMission">
                <ActionID>4a7e94ad-94ed-4e83-b94e-0c8daff305f1</ActionID>
                <OverrideName />
                <Sound>
                  <SoundName />
                  <Trigger>OnActionCompleted</Trigger>
                </Sound>
                <Disabled>false</Disabled>
                <PlayWhileConditionsAreOk>true</PlayWhileConditionsAreOk>
                <PlayWhileUnSuccess>true</PlayWhileUnSuccess>
                <AssociateMission />
                <Loop>false</Loop>
                <MaxRunningTime>10</MaxRunningTime>
                <OnlyOneConditionMustBeGood>false</OnlyOneConditionMustBeGood>
                <OnlyDoneByServer>false</OnlyDoneByServer>
                <Conditions />
                <HotSpots />
                <MissionId>Str_Pve_Stronghold_Solo_Challenge_03</MissionId>
                <GiverId>Generic_Civilian</GiverId>
                <GiverPosition>
                  <X>2237.48047</X>
                  <Y>4170.80469</Y>
                  <Z>20.3005371</Z>
                </GiverPosition>
              </Action>
              <Action xsi:type="PickUpMission">
                <ActionID>f99d9b8d-89f5-45e1-9a3b-a93745cde7b7</ActionID>
                <OverrideName />
                <Sound>
                  <SoundName />
                  <Trigger>OnActionCompleted</Trigger>
                </Sound>
                <Disabled>false</Disabled>
                <PlayWhileConditionsAreOk>true</PlayWhileConditionsAreOk>
                <PlayWhileUnSuccess>true</PlayWhileUnSuccess>
                <AssociateMission />
                <Loop>false</Loop>
                <MaxRunningTime>10</MaxRunningTime>
                <OnlyOneConditionMustBeGood>false</OnlyOneConditionMustBeGood>
                <OnlyDoneByServer>false</OnlyDoneByServer>
                <Conditions />
                <HotSpots />
                <MissionId>Str_Pve_Stronghold_Solo_Ranked_Challenge_01</MissionId>
                <SkipOnFail>false</SkipOnFail>
                <GiverId>Generic_Civilian</GiverId>
                <GiverPosition>
                  <X>2237.48047</X>
                  <Y>4170.80469</Y>
                  <Z>20.3005371</Z>
                </GiverPosition>
              </Action>
              <Action xsi:type="PickUpMission">
                <ActionID>5239197d-aa79-4942-b687-59e9cc8f0cfd</ActionID>
                <OverrideName />
                <Sound>
                  <SoundName />
                  <Trigger>OnActionCompleted</Trigger>
                </Sound>
                <Disabled>false</Disabled>
                <PlayWhileConditionsAreOk>true</PlayWhileConditionsAreOk>
                <PlayWhileUnSuccess>true</PlayWhileUnSuccess>
                <AssociateMission />
                <Loop>false</Loop>
                <MaxRunningTime>10</MaxRunningTime>
                <OnlyOneConditionMustBeGood>false</OnlyOneConditionMustBeGood>
                <OnlyDoneByServer>false</OnlyDoneByServer>
                <Conditions />
                <HotSpots />
                <MissionId>Str_Pve_Stronghold_Solo_Challenge_01</MissionId>
                <SkipOnFail>false</SkipOnFail>
                <GiverId>Generic_Civilian</GiverId>
                <GiverPosition>
                  <X>2237.48047</X>
                  <Y>4170.80469</Y>
                  <Z>20.3005371</Z>
                </GiverPosition>
              </Action>
              <Action xsi:type="PickUpMission">
                <ActionID>04f96b8b-632c-4119-9a60-cd4e9dab53ea</ActionID>
                <OverrideName />
                <Sound>
                  <SoundName />
                  <Trigger>OnActionCompleted</Trigger>
                </Sound>
                <Disabled>false</Disabled>
                <PlayWhileConditionsAreOk>true</PlayWhileConditionsAreOk>
                <PlayWhileUnSuccess>true</PlayWhileUnSuccess>
                <AssociateMission />
                <Loop>false</Loop>
                <MaxRunningTime>10</MaxRunningTime>
                <OnlyOneConditionMustBeGood>false</OnlyOneConditionMustBeGood>
                <OnlyDoneByServer>false</OnlyDoneByServer>
                <Conditions />
                <HotSpots />
                <MissionId>Str_Pve_Stronghold_Solo_Challenge_02</MissionId>
                <SkipOnFail>false</SkipOnFail>
                <GiverId>Generic_Civilian</GiverId>
                <GiverPosition>
                  <X>2237.48047</X>
                  <Y>4170.80469</Y>
                  <Z>20.3005371</Z>
                </GiverPosition>
              </Action>
              <Action xsi:type="PickUpMission">
                <ActionID>31e7cf42-e678-4d54-9e04-3ae1d7ed61e7</ActionID>
                <OverrideName />
                <Sound>
                  <SoundName />
                  <Trigger>OnActionCompleted</Trigger>
                </Sound>
                <Disabled>false</Disabled>
                <PlayWhileConditionsAreOk>true</PlayWhileConditionsAreOk>
                <PlayWhileUnSuccess>true</PlayWhileUnSuccess>
                <AssociateMission />
                <Loop>false</Loop>
                <MaxRunningTime>10</MaxRunningTime>
                <OnlyOneConditionMustBeGood>false</OnlyOneConditionMustBeGood>
                <OnlyDoneByServer>false</OnlyDoneByServer>
                <Conditions />
                <HotSpots />
                <MissionId>Str_Pve_Stronghold_Solo_Challenge_03</MissionId>
                <SkipOnFail>false</SkipOnFail>
                <GiverId>Generic_Civilian</GiverId>
                <GiverPosition>
                  <X>2237.48047</X>
                  <Y>4170.80469</Y>
                  <Z>20.3005371</Z>
                </GiverPosition>
              </Action>
              <Action xsi:type="ActionPack">
                <ActionID>b1cc1410-9728-4eff-8d04-29a3d360e012</ActionID>
                <OverrideName>Соведи</OverrideName>
                <Sound>
                  <SoundName />
                  <Trigger>OnActionCompleted</Trigger>
                </Sound>
                <Disabled>false</Disabled>
                <PlayWhileConditionsAreOk>false</PlayWhileConditionsAreOk>
                <PlayWhileUnSuccess>true</PlayWhileUnSuccess>
                <AssociateMission />
                <Loop>false</Loop>
                <MaxRunningTime>0</MaxRunningTime>
                <OnlyOneConditionMustBeGood>false</OnlyOneConditionMustBeGood>
                <OnlyDoneByServer>false</OnlyDoneByServer>
                <Conditions />
                <HotSpots />
                <Actions>
                  <Action xsi:type="InteractSpecificNode">
                    <ActionID>43cf1d71-07b1-4338-b716-44179d42f67d</ActionID>
                    <OverrideName />
                    <Sound>
                      <SoundName />
                      <Trigger>OnActionCompleted</Trigger>
                    </Sound>
                    <Disabled>false</Disabled>
                    <PlayWhileConditionsAreOk>true</PlayWhileConditionsAreOk>
                    <PlayWhileUnSuccess>true</PlayWhileUnSuccess>
                    <AssociateMission>aw</AssociateMission>
                    <Loop>false</Loop>
                    <MaxRunningTime>0</MaxRunningTime>
                    <OnlyOneConditionMustBeGood>false</OnlyOneConditionMustBeGood>
                    <OnlyDoneByServer>false</OnlyDoneByServer>
                    <Conditions>
                      <Condition xsi:type="QuestInfo">
                        <Locked>false</Locked>
                        <QuestID>Str_Pve_Stronghold_Solo_Challenge_01</QuestID>
                        <Tested>InProgress</Tested>
                      </Condition>
                    </Conditions>
                    <HotSpots />
                    <NodeCategory />
                    <LocalizedName />
                    <Dialogs />
                    <InteractTime>1000</InteractTime>
                    <Position>
                      <X>3746.98682</X>
                      <Y>4362.065</Y>
                      <Z>21.8735</Z>
                    </Position>
                    <RewardItemChoose />
                    <SkipTimeout>0</SkipTimeout>
                  </Action>
                  <Action xsi:type="Grind">
                    <ActionID>8ec03968-4462-405c-aec4-de7343688f04</ActionID>
                    <OverrideName />
                    <Sound>
                      <SoundName />
                      <Trigger>OnActionCompleted</Trigger>
                    </Sound>
                    <Disabled>false</Disabled>
                    <PlayWhileConditionsAreOk>true</PlayWhileConditionsAreOk>
                    <PlayWhileUnSuccess>true</PlayWhileUnSuccess>
                    <AssociateMission>Str_Pve_Stronghold_Solo_Challenge_01</AssociateMission>
                    <Loop>false</Loop>
                    <MaxRunningTime>0</MaxRunningTime>
                    <OnlyOneConditionMustBeGood>false</OnlyOneConditionMustBeGood>
                    <OnlyDoneByServer>false</OnlyDoneByServer>
                    <Conditions>
                      <Condition xsi:type="QuestInfo">
                        <Locked>false</Locked>
                        <QuestID>Str_Pve_Stronghold_Solo_Challenge_01</QuestID>
                        <Tested>InProgress</Tested>
                      </Condition>
                    </Conditions>
                    <HotSpots>
                      <Vector3>
                        <X>3755.17432</X>
                        <Y>4348.34766</Y>
                        <Z>24.2295418</Z>
                      </Vector3>
                      <Vector3>
                        <X>3722.93</X>
                        <Y>4348.965</Y>
                        <Z>21.0210037</Z>
                      </Vector3>
                    </HotSpots>
                  </Action>
                </Actions>
                <SimultaneousActions>false</SimultaneousActions>
              </Action>
              <Action xsi:type="ActionPack">
                <ActionID>ad5cf006-d305-4cde-a4c6-98493b897026</ActionID>
                <OverrideName>Горгона</OverrideName>
                <Sound>
                  <SoundName />
                  <Trigger>OnActionCompleted</Trigger>
                </Sound>
                <Disabled>false</Disabled>
                <PlayWhileConditionsAreOk>false</PlayWhileConditionsAreOk>
                <PlayWhileUnSuccess>true</PlayWhileUnSuccess>
                <AssociateMission />
                <Loop>false</Loop>
                <MaxRunningTime>0</MaxRunningTime>
                <OnlyOneConditionMustBeGood>false</OnlyOneConditionMustBeGood>
                <OnlyDoneByServer>false</OnlyDoneByServer>
                <Conditions />
                <HotSpots />
                <Actions>
                  <Action xsi:type="InteractSpecificNode">
                    <ActionID>1d27ea51-84d2-4cce-9eaa-21a67ae19a24</ActionID>
                    <OverrideName />
                    <Sound>
                      <SoundName />
                      <Trigger>OnActionCompleted</Trigger>
                    </Sound>
                    <Disabled>false</Disabled>
                    <PlayWhileConditionsAreOk>true</PlayWhileConditionsAreOk>
                    <PlayWhileUnSuccess>true</PlayWhileUnSuccess>
                    <AssociateMission>Str_Pve_Stronghold_Solo_Challenge_02</AssociateMission>
                    <Loop>false</Loop>
                    <MaxRunningTime>0</MaxRunningTime>
                    <OnlyOneConditionMustBeGood>false</OnlyOneConditionMustBeGood>
                    <OnlyDoneByServer>false</OnlyDoneByServer>
                    <Conditions>
                      <Condition xsi:type="QuestInfo">
                        <Locked>false</Locked>
                        <QuestID>Str_Pve_Stronghold_Solo_Challenge_02</QuestID>
                        <Tested>InProgress</Tested>
                      </Condition>
                    </Conditions>
                    <HotSpots />
                    <NodeCategory />
                    <LocalizedName />
                    <Dialogs />
                    <InteractTime>1000</InteractTime>
                    <Position>
                      <X>3951.30566</X>
                      <Y>3253.43</Y>
                      <Z>150.525513</Z>
                    </Position>
                    <RewardItemChoose />
                    <SkipTimeout>0</SkipTimeout>
                  </Action>
                  <Action xsi:type="Grind">
                    <ActionID>328b0f7e-555d-4a54-b4e3-ae4fb6ca2ade</ActionID>
                    <OverrideName />
                    <Sound>
                      <SoundName />
                      <Trigger>OnActionCompleted</Trigger>
                    </Sound>
                    <Disabled>false</Disabled>
                    <PlayWhileConditionsAreOk>true</PlayWhileConditionsAreOk>
                    <PlayWhileUnSuccess>true</PlayWhileUnSuccess>
                    <AssociateMission>Str_Pve_Stronghold_Solo_Challenge_02</AssociateMission>
                    <Loop>false</Loop>
                    <MaxRunningTime>0</MaxRunningTime>
                    <OnlyOneConditionMustBeGood>false</OnlyOneConditionMustBeGood>
                    <OnlyDoneByServer>false</OnlyDoneByServer>
                    <Conditions>
                      <Condition xsi:type="QuestInfo">
                        <Locked>false</Locked>
                        <QuestID>Str_Pve_Stronghold_Solo_Challenge_02</QuestID>
                        <Tested>InProgress</Tested>
                      </Condition>
                    </Conditions>
                    <HotSpots>
                      <Vector3>
                        <X>3959.384</X>
                        <Y>3254.235</Y>
                        <Z>150.502609</Z>
                      </Vector3>
                      <Vector3>
                        <X>3932.852</X>
                        <Y>3267.77979</Y>
                        <Z>150.241409</Z>
                      </Vector3>
                    </HotSpots>
                  </Action>
                </Actions>
                <SimultaneousActions>false</SimultaneousActions>
              </Action>
              <Action xsi:type="ActionPack">
                <ActionID>816cf27f-1f3e-40b1-a837-7731ff52e867</ActionID>
                <OverrideName>Мувен</OverrideName>
                <Sound>
                  <SoundName />
                  <Trigger>OnActionCompleted</Trigger>
                </Sound>
                <Disabled>false</Disabled>
                <PlayWhileConditionsAreOk>false</PlayWhileConditionsAreOk>
                <PlayWhileUnSuccess>true</PlayWhileUnSuccess>
                <AssociateMission />
                <Loop>false</Loop>
                <MaxRunningTime>0</MaxRunningTime>
                <OnlyOneConditionMustBeGood>false</OnlyOneConditionMustBeGood>
                <OnlyDoneByServer>false</OnlyDoneByServer>
                <Conditions />
                <HotSpots />
                <Actions>
                  <Action xsi:type="InteractSpecificNode">
                    <ActionID>dbe20e6e-2369-46f2-b0b2-6eaec4892729</ActionID>
                    <OverrideName />
                    <Sound>
                      <SoundName />
                      <Trigger>OnActionCompleted</Trigger>
                    </Sound>
                    <Disabled>false</Disabled>
                    <PlayWhileConditionsAreOk>true</PlayWhileConditionsAreOk>
                    <PlayWhileUnSuccess>true</PlayWhileUnSuccess>
                    <AssociateMission>Str_Pve_Stronghold_Solo_Ranked_Challenge_01</AssociateMission>
                    <Loop>false</Loop>
                    <MaxRunningTime>0</MaxRunningTime>
                    <OnlyOneConditionMustBeGood>false</OnlyOneConditionMustBeGood>
                    <OnlyDoneByServer>false</OnlyDoneByServer>
                    <Conditions>
                      <Condition xsi:type="QuestInfo">
                        <Locked>false</Locked>
                        <QuestID>Str_Pve_Stronghold_Solo_Ranked_Challenge_01</QuestID>
                        <Tested>InProgress</Tested>
                      </Condition>
                    </Conditions>
                    <HotSpots />
                    <NodeCategory />
                    <LocalizedName />
                    <Dialogs />
                    <InteractTime>1000</InteractTime>
                    <Position>
                      <X>3419.16528</X>
                      <Y>2111.26685</Y>
                      <Z>-22.9803982</Z>
                    </Position>
                    <RewardItemChoose />
                    <SkipTimeout>0</SkipTimeout>
                  </Action>
                  <Action xsi:type="Grind">
                    <ActionID>6733bcba-21e1-4b9e-9a35-330c0185864f</ActionID>
                    <OverrideName />
                    <Sound>
                      <SoundName />
                      <Trigger>OnActionCompleted</Trigger>
                    </Sound>
                    <Disabled>false</Disabled>
                    <PlayWhileConditionsAreOk>true</PlayWhileConditionsAreOk>
                    <PlayWhileUnSuccess>true</PlayWhileUnSuccess>
                    <AssociateMission />
                    <Loop>false</Loop>
                    <MaxRunningTime>0</MaxRunningTime>
                    <OnlyOneConditionMustBeGood>false</OnlyOneConditionMustBeGood>
                    <OnlyDoneByServer>false</OnlyDoneByServer>
                    <Conditions>
                      <Condition xsi:type="QuestInfo">
                        <Locked>false</Locked>
                        <QuestID>Str_Pve_Stronghold_Solo_Ranked_Challenge_01</QuestID>
                        <Tested>InProgress</Tested>
                      </Condition>
                    </Conditions>
                    <HotSpots>
                      <Vector3>
                        <X>3424.267</X>
                        <Y>2107.31128</Y>
                        <Z>-23.90413</Z>
                      </Vector3>
                      <Vector3>
                        <X>3449.837</X>
                        <Y>2124.54224</Y>
                        <Z>-28.1709385</Z>
                      </Vector3>
                    </HotSpots>
                  </Action>
                </Actions>
                <SimultaneousActions>false</SimultaneousActions>
              </Action>
              <Action xsi:type="ActionPack">
                <ActionID>24cb6c81-6634-4c4d-aa28-34e6ab2c6e45</ActionID>
                <OverrideName>Панцерница</OverrideName>
                <Sound>
                  <SoundName />
                  <Trigger>OnActionCompleted</Trigger>
                </Sound>
                <Disabled>false</Disabled>
                <PlayWhileConditionsAreOk>false</PlayWhileConditionsAreOk>
                <PlayWhileUnSuccess>true</PlayWhileUnSuccess>
                <AssociateMission />
                <Loop>false</Loop>
                <MaxRunningTime>0</MaxRunningTime>
                <OnlyOneConditionMustBeGood>false</OnlyOneConditionMustBeGood>
                <OnlyDoneByServer>false</OnlyDoneByServer>
                <Conditions />
                <HotSpots />
                <Actions>
                  <Action xsi:type="InteractSpecificNode">
                    <ActionID>0a4303c9-6665-45bc-9674-b2fe6297b226</ActionID>
                    <OverrideName />
                    <Sound>
                      <SoundName />
                      <Trigger>OnActionCompleted</Trigger>
                    </Sound>
                    <Disabled>false</Disabled>
                    <PlayWhileConditionsAreOk>true</PlayWhileConditionsAreOk>
                    <PlayWhileUnSuccess>true</PlayWhileUnSuccess>
                    <AssociateMission />
                    <Loop>false</Loop>
                    <MaxRunningTime>0</MaxRunningTime>
                    <OnlyOneConditionMustBeGood>false</OnlyOneConditionMustBeGood>
                    <OnlyDoneByServer>false</OnlyDoneByServer>
                    <Conditions>
                      <Condition xsi:type="QuestInfo">
                        <Locked>false</Locked>
                        <QuestID>Str_Pve_Stronghold_Solo_Challenge_03</QuestID>
                        <Tested>InProgress</Tested>
                      </Condition>
                    </Conditions>
                    <HotSpots />
                    <NodeCategory />
                    <LocalizedName />
                    <Dialogs />
                    <InteractTime>1000</InteractTime>
                    <Position>
                      <X>2263.64478</X>
                      <Y>2463.108</Y>
                      <Z>8.936098</Z>
                    </Position>
                    <RewardItemChoose />
                    <SkipTimeout>0</SkipTimeout>
                  </Action>
                  <Action xsi:type="Grind">
                    <ActionID>472b1ba5-48ab-4324-bb27-d44196a774b0</ActionID>
                    <OverrideName />
                    <Sound>
                      <SoundName />
                      <Trigger>OnActionCompleted</Trigger>
                    </Sound>
                    <Disabled>false</Disabled>
                    <PlayWhileConditionsAreOk>true</PlayWhileConditionsAreOk>
                    <PlayWhileUnSuccess>true</PlayWhileUnSuccess>
                    <AssociateMission />
                    <Loop>false</Loop>
                    <MaxRunningTime>0</MaxRunningTime>
                    <OnlyOneConditionMustBeGood>false</OnlyOneConditionMustBeGood>
                    <OnlyDoneByServer>false</OnlyDoneByServer>
                    <Conditions>
                      <Condition xsi:type="QuestInfo">
                        <Locked>false</Locked>
                        <QuestID>Str_Pve_Stronghold_Solo_Challenge_03</QuestID>
                        <Tested>InProgress</Tested>
                      </Condition>
                    </Conditions>
                    <HotSpots>
                      <Vector3>
                        <X>2272.3938</X>
                        <Y>2436.79834</Y>
                        <Z>12.9507427</Z>
                      </Vector3>
                      <Vector3>
                        <X>2237.18433</X>
                        <Y>2439.286</Y>
                        <Z>16.0766869</Z>
                      </Vector3>
                      <Vector3>
                        <X>2264.419</X>
                        <Y>2490.32324</Y>
                        <Z>9.935851</Z>
                      </Vector3>
                    </HotSpots>
                  </Action>
                </Actions>
                <SimultaneousActions>false</SimultaneousActions>
              </Action>
            </Actions>
            <SimultaneousActions>false</SimultaneousActions>
          </Action>
        </Actions>
        <SimultaneousActions>false</SimultaneousActions>
      </Action>
      <Action xsi:type="ActionPack">
        <ActionID>5ca21332-4b2e-4e22-af4b-4f032ceec2e9</ActionID>
        <OverrideName>ActionPack (Point 1)</OverrideName>
        <Sound>
          <SoundName />
          <Trigger>OnActionCompleted</Trigger>
        </Sound>
        <Disabled>false</Disabled>
        <PlayWhileConditionsAreOk>true</PlayWhileConditionsAreOk>
        <PlayWhileUnSuccess>true</PlayWhileUnSuccess>
        <AssociateMission>M8_He_Demon_02</AssociateMission>
        <Loop>false</Loop>
        <MaxRunningTime>0</MaxRunningTime>
        <OnlyOneConditionMustBeGood>false</OnlyOneConditionMustBeGood>
        <OnlyDoneByServer>true</OnlyDoneByServer>
        <Conditions>
          <Condition xsi:type="QuestInfo">
            <Locked>false</Locked>
            <QuestID>M8_He_Demon_02</QuestID>
            <Tested>InProgress</Tested>
          </Condition>
        </Conditions>
        <HotSpots />
        <Actions>
          <Action xsi:type="Grind">
            <ActionID>56d66b4c-4cbc-4b47-bb4a-ffad41aab9fc</ActionID>
            <OverrideName />
            <Sound>
              <SoundName />
              <Trigger>OnActionCompleted</Trigger>
            </Sound>
            <Disabled>false</Disabled>
            <PlayWhileConditionsAreOk>true</PlayWhileConditionsAreOk>
            <PlayWhileUnSuccess>true</PlayWhileUnSuccess>
            <AssociateMission>M8_He_Demon_02/Main</AssociateMission>
            <Loop>false</Loop>
            <MaxRunningTime>0</MaxRunningTime>
            <OnlyOneConditionMustBeGood>false</OnlyOneConditionMustBeGood>
            <OnlyDoneByServer>false</OnlyDoneByServer>
            <Conditions>
              <Condition xsi:type="QuestInfo">
                <Locked>false</Locked>
                <QuestID>M8_He_Demon_02/Main</QuestID>
                <Tested>InProgress</Tested>
              </Condition>
            </Conditions>
            <HotSpots>
              <Vector3>
                <X>1971.52979</X>
                <Y>5646.26563</Y>
                <Z>77.74744</Z>
              </Vector3>
              <Vector3>
                <X>1975.28088</X>
                <Y>5667.623</Y>
                <Z>79.92204</Z>
              </Vector3>
              <Vector3>
                <X>1979.24585</X>
                <Y>5691.4624</Y>
                <Z>85.86387</Z>
              </Vector3>
              <Vector3>
                <X>1964.60718</X>
                <Y>5704.01172</Y>
                <Z>88.36206</Z>
              </Vector3>
              <Vector3>
                <X>1950.15991</X>
                <Y>5684.33643</Y>
                <Z>82.36113</Z>
              </Vector3>
              <Vector3>
                <X>1932.71729</X>
                <Y>5659.175</Y>
                <Z>79.8584</Z>
              </Vector3>
              <Vector3>
                <X>1905.79114</X>
                <Y>5660.117</Y>
                <Z>82.79486</Z>
              </Vector3>
              <Vector3>
                <X>1902.86584</X>
                <Y>5646.215</Y>
                <Z>83.1696243</Z>
              </Vector3>
              <Vector3>
                <X>1957.9292</X>
                <Y>5644.809</Y>
                <Z>77.69966</Z>
              </Vector3>
            </HotSpots>
          </Action>
        </Actions>
        <SimultaneousActions>false</SimultaneousActions>
      </Action>
      <Action xsi:type="ActionPack">
        <ActionID>055bee0b-cfde-4fda-80d1-808e5dd16f0f</ActionID>
        <OverrideName>ActionPack (point 2)</OverrideName>
        <Sound>
          <SoundName />
          <Trigger>OnActionCompleted</Trigger>
        </Sound>
        <Disabled>false</Disabled>
        <PlayWhileConditionsAreOk>false</PlayWhileConditionsAreOk>
        <PlayWhileUnSuccess>true</PlayWhileUnSuccess>
        <AssociateMission />
        <Loop>false</Loop>
        <MaxRunningTime>0</MaxRunningTime>
        <OnlyOneConditionMustBeGood>false</OnlyOneConditionMustBeGood>
        <OnlyDoneByServer>false</OnlyDoneByServer>
        <Conditions />
        <HotSpots />
        <Actions>
          <Action xsi:type="Grind">
            <ActionID>11d62934-23ed-46a9-a7a4-071326615094</ActionID>
            <OverrideName />
            <Sound>
              <SoundName />
              <Trigger>OnActionCompleted</Trigger>
            </Sound>
            <Disabled>false</Disabled>
            <PlayWhileConditionsAreOk>true</PlayWhileConditionsAreOk>
            <PlayWhileUnSuccess>true</PlayWhileUnSuccess>
            <AssociateMission />
            <Loop>false</Loop>
            <MaxRunningTime>0</MaxRunningTime>
            <OnlyOneConditionMustBeGood>false</OnlyOneConditionMustBeGood>
            <OnlyDoneByServer>false</OnlyDoneByServer>
            <Conditions>
              <Condition xsi:type="QuestInfo">
                <Locked>false</Locked>
                <QuestID>Str_Pve_Drake_Ambush_He_01/Overview/Initial_Group</QuestID>
                <Tested>InProgress</Tested>
              </Condition>
            </Conditions>
            <HotSpots>
              <Vector3>
                <X>3228.49316</X>
                <Y>5226.55029</Y>
                <Z>211.054337</Z>
              </Vector3>
              <Vector3>
                <X>3264.08325</X>
                <Y>5215.378</Y>
                <Z>211.078217</Z>
              </Vector3>
              <Vector3>
                <X>3250.398</X>
                <Y>5249.199</Y>
                <Z>211.015976</Z>
              </Vector3>
            </HotSpots>
          </Action>
          <Action xsi:type="Grind">
            <ActionID>1c147418-b085-4c1b-bf29-1e774536ba4d</ActionID>
            <OverrideName />
            <Sound>
              <SoundName />
              <Trigger>OnActionCompleted</Trigger>
            </Sound>
            <Disabled>false</Disabled>
            <PlayWhileConditionsAreOk>true</PlayWhileConditionsAreOk>
            <PlayWhileUnSuccess>true</PlayWhileUnSuccess>
            <AssociateMission />
            <Loop>false</Loop>
            <MaxRunningTime>0</MaxRunningTime>
            <OnlyOneConditionMustBeGood>false</OnlyOneConditionMustBeGood>
            <OnlyDoneByServer>false</OnlyDoneByServer>
            <Conditions>
              <Condition xsi:type="QuestInfo">
                <Locked>false</Locked>
                <QuestID>Str_Pve_Drake_Ambush_He_01/Overview/Attackers</QuestID>
                <Tested>InProgress</Tested>
              </Condition>
            </Conditions>
            <HotSpots>
              <Vector3>
                <X>3278.055</X>
                <Y>5228.43</Y>
                <Z>210.7591</Z>
              </Vector3>
              <Vector3>
                <X>3259.742</X>
                <Y>5251.83</Y>
                <Z>210.849716</Z>
              </Vector3>
              <Vector3>
                <X>3229.965</X>
                <Y>5242.986</Y>
                <Z>210.828232</Z>
              </Vector3>
              <Vector3>
                <X>3227.80566</X>
                <Y>5217.48926</Y>
                <Z>210.826843</Z>
              </Vector3>
              <Vector3>
                <X>3256.722</X>
                <Y>5203.744</Y>
                <Z>210.801987</Z>
              </Vector3>
            </HotSpots>
          </Action>
        </Actions>
        <SimultaneousActions>false</SimultaneousActions>
      </Action>
      <Action xsi:type="ActionPack">
        <ActionID>0f24a74e-72a6-452b-906e-92b6d0ff71b2</ActionID>
        <OverrideName>ActionPack (Point 2.1)</OverrideName>
        <Sound>
          <SoundName />
          <Trigger>OnActionCompleted</Trigger>
        </Sound>
        <Disabled>false</Disabled>
        <PlayWhileConditionsAreOk>false</PlayWhileConditionsAreOk>
        <PlayWhileUnSuccess>true</PlayWhileUnSuccess>
        <AssociateMission />
        <Loop>false</Loop>
        <MaxRunningTime>0</MaxRunningTime>
        <OnlyOneConditionMustBeGood>false</OnlyOneConditionMustBeGood>
        <OnlyDoneByServer>false</OnlyDoneByServer>
        <Conditions />
        <HotSpots />
        <Actions>
          <Action xsi:type="Grind">
            <ActionID>2a56e4dd-12a5-4e48-a923-dd99395647e9</ActionID>
            <OverrideName />
            <Sound>
              <SoundName />
              <Trigger>OnActionCompleted</Trigger>
            </Sound>
            <Disabled>false</Disabled>
            <PlayWhileConditionsAreOk>true</PlayWhileConditionsAreOk>
            <PlayWhileUnSuccess>true</PlayWhileUnSuccess>
            <AssociateMission>Str_Pve_Dragon_Hills_Blockade_He_01/Overview/Initial_Group</AssociateMission>
            <Loop>false</Loop>
            <MaxRunningTime>0</MaxRunningTime>
            <OnlyOneConditionMustBeGood>false</OnlyOneConditionMustBeGood>
            <OnlyDoneByServer>false</OnlyDoneByServer>
            <Conditions>
              <Condition xsi:type="QuestInfo">
                <Locked>false</Locked>
                <QuestID>Str_Pve_Dragon_Hills_Blockade_He_01/Overview/Initial_Group</QuestID>
                <Tested>InProgress</Tested>
              </Condition>
            </Conditions>
            <HotSpots>
              <Vector3>
                <X>2187.20557</X>
                <Y>5327.25244</Y>
                <Z>85.45745</Z>
              </Vector3>
              <Vector3>
                <X>2166.001</X>
                <Y>5419.256</Y>
                <Z>85.60737</Z>
              </Vector3>
              <Vector3>
                <X>2079.586</X>
                <Y>5376.517</Y>
                <Z>75.76627</Z>
              </Vector3>
              <Vector3>
                <X>2016.6864</X>
                <Y>5292.548</Y>
                <Z>81.13042</Z>
              </Vector3>
            </HotSpots>
          </Action>
          <Action xsi:type="Grind">
            <ActionID>cd625f85-ba44-402d-aa17-efa1e3cd40a0</ActionID>
            <OverrideName />
            <Sound>
              <SoundName />
              <Trigger>OnActionCompleted</Trigger>
            </Sound>
            <Disabled>false</Disabled>
            <PlayWhileConditionsAreOk>true</PlayWhileConditionsAreOk>
            <PlayWhileUnSuccess>true</PlayWhileUnSuccess>
            <AssociateMission />
            <Loop>false</Loop>
            <MaxRunningTime>0</MaxRunningTime>
            <OnlyOneConditionMustBeGood>false</OnlyOneConditionMustBeGood>
            <OnlyDoneByServer>false</OnlyDoneByServer>
            <Conditions>
              <Condition xsi:type="QuestInfo">
                <Locked>false</Locked>
                <QuestID>Str_Pve_Dragon_Hills_Blockade_He_01/Overview/Attackers</QuestID>
                <Tested>InProgress</Tested>
              </Condition>
            </Conditions>
            <HotSpots>
              <Vector3>
                <X>3822.11523</X>
                <Y>4366.32129</Y>
                <Z>26.3828869</Z>
              </Vector3>
              <Vector3>
                <X>3776.19434</X>
                <Y>4370.8457</Y>
                <Z>23.492691</Z>
              </Vector3>
              <Vector3>
                <X>3732.87158</X>
                <Y>4356.44238</Y>
                <Z>20.8104477</Z>
              </Vector3>
              <Vector3>
                <X>3695.29639</X>
                <Y>4322.43848</Y>
                <Z>19.51305</Z>
              </Vector3>
            </HotSpots>
          </Action>
        </Actions>
        <SimultaneousActions>false</SimultaneousActions>
      </Action>
      <Action xsi:type="ActionPack">
        <ActionID>309e50d3-418f-4624-a738-7c314be0c4e6</ActionID>
        <OverrideName>ActionPack (point 3)</OverrideName>
        <Sound>
          <SoundName />
          <Trigger>OnActionCompleted</Trigger>
        </Sound>
        <Disabled>false</Disabled>
        <PlayWhileConditionsAreOk>false</PlayWhileConditionsAreOk>
        <PlayWhileUnSuccess>true</PlayWhileUnSuccess>
        <AssociateMission />
        <Loop>false</Loop>
        <MaxRunningTime>0</MaxRunningTime>
        <OnlyOneConditionMustBeGood>false</OnlyOneConditionMustBeGood>
        <OnlyDoneByServer>false</OnlyDoneByServer>
        <Conditions />
        <HotSpots />
        <Actions>
          <Action xsi:type="Grind">
            <ActionID>0431e9ba-d15f-45bc-85f1-114cb081c075</ActionID>
            <OverrideName />
            <Sound>
              <SoundName />
              <Trigger>OnActionCompleted</Trigger>
            </Sound>
            <Disabled>false</Disabled>
            <PlayWhileConditionsAreOk>true</PlayWhileConditionsAreOk>
            <PlayWhileUnSuccess>true</PlayWhileUnSuccess>
            <AssociateMission />
            <Loop>false</Loop>
            <MaxRunningTime>0</MaxRunningTime>
            <OnlyOneConditionMustBeGood>false</OnlyOneConditionMustBeGood>
            <OnlyDoneByServer>false</OnlyDoneByServer>
            <Conditions>
              <Condition xsi:type="QuestInfo">
                <Locked>false</Locked>
                <QuestID>Str_Pve_Homestead_Blockade_He_01/Overview/Initial_Group</QuestID>
                <Tested>InProgress</Tested>
              </Condition>
            </Conditions>
            <HotSpots>
              <Vector3>
                <X>3660.01782</X>
                <Y>4269.35742</Y>
                <Z>13.3163376</Z>
              </Vector3>
              <Vector3>
                <X>3701.01685</X>
                <Y>4297.391</Y>
                <Z>20.61718</Z>
              </Vector3>
              <Vector3>
                <X>3699.27319</X>
                <Y>4347.62744</Y>
                <Z>21.0586243</Z>
              </Vector3>
              <Vector3>
                <X>3751.01563</X>
                <Y>4351.77246</Y>
                <Z>23.2686787</Z>
              </Vector3>
              <Vector3>
                <X>3820.77539</X>
                <Y>4288.578</Y>
                <Z>38.5088</Z>
              </Vector3>
              <Vector3>
                <X>3937.48267</X>
                <Y>4332.983</Y>
                <Z>10.8748789</Z>
              </Vector3>
              <Vector3>
                <X>3848.331</X>
                <Y>4351.75928</Y>
                <Z>21.1229343</Z>
              </Vector3>
              <Vector3>
                <X>3755.39526</X>
                <Y>4244.52</Y>
                <Z>42.2913475</Z>
              </Vector3>
              <Vector3>
                <X>3739.73267</X>
                <Y>4224.487</Y>
                <Z>34.27891</Z>
              </Vector3>
            </HotSpots>
          </Action>
          <Action xsi:type="Grind">
            <ActionID>7463a31a-c2e0-4c31-b4a2-be1e7f259866</ActionID>
            <OverrideName />
            <Sound>
              <SoundName />
              <Trigger>OnActionCompleted</Trigger>
            </Sound>
            <Disabled>false</Disabled>
            <PlayWhileConditionsAreOk>true</PlayWhileConditionsAreOk>
            <PlayWhileUnSuccess>true</PlayWhileUnSuccess>
            <AssociateMission />
            <Loop>false</Loop>
            <MaxRunningTime>0</MaxRunningTime>
            <OnlyOneConditionMustBeGood>false</OnlyOneConditionMustBeGood>
            <OnlyDoneByServer>false</OnlyDoneByServer>
            <Conditions>
              <Condition xsi:type="QuestInfo">
                <Locked>false</Locked>
                <QuestID>Str_Pve_Homestead_Blockade_He_01/Overview/Attackers</QuestID>
                <Tested>InProgress</Tested>
              </Condition>
            </Conditions>
            <HotSpots>
              <Vector3>
                <X>3792.85547</X>
                <Y>4285.75635</Y>
                <Z>38.3591232</Z>
              </Vector3>
              <Vector3>
                <X>3819.05469</X>
                <Y>4305.09326</Y>
                <Z>34.71474</Z>
              </Vector3>
              <Vector3>
                <X>3820.848</X>
                <Y>4347.014</Y>
                <Z>25.2106915</Z>
              </Vector3>
              <Vector3>
                <X>3939.79077</X>
                <Y>4334.456</Y>
                <Z>10.6110935</Z>
              </Vector3>
            </HotSpots>
          </Action>
        </Actions>
        <SimultaneousActions>false</SimultaneousActions>
      </Action>
      <Action xsi:type="ActionPack">
        <ActionID>ea699e59-6a05-41bc-ac0b-45347a154938</ActionID>
        <OverrideName>ActionPack (Point 4)</OverrideName>
        <Sound>
          <SoundName />
          <Trigger>OnActionCompleted</Trigger>
        </Sound>
        <Disabled>false</Disabled>
        <PlayWhileConditionsAreOk>true</PlayWhileConditionsAreOk>
        <PlayWhileUnSuccess>true</PlayWhileUnSuccess>
        <AssociateMission>Str_Pve_Spider_Ambush_He_01</AssociateMission>
        <Loop>false</Loop>
        <MaxRunningTime>0</MaxRunningTime>
        <OnlyOneConditionMustBeGood>false</OnlyOneConditionMustBeGood>
        <OnlyDoneByServer>false</OnlyDoneByServer>
        <Conditions>
          <Condition xsi:type="QuestInfo">
            <Locked>false</Locked>
            <QuestID>Str_Pve_Spider_Ambush_He_01</QuestID>
            <Tested>InProgress</Tested>
          </Condition>
        </Conditions>
        <HotSpots />
        <Actions>
          <Action xsi:type="Grind">
            <ActionID>ef38b35a-8bff-47a9-9185-8052610a6fa2</ActionID>
            <OverrideName />
            <Sound>
              <SoundName />
              <Trigger>OnActionCompleted</Trigger>
            </Sound>
            <Disabled>false</Disabled>
            <PlayWhileConditionsAreOk>true</PlayWhileConditionsAreOk>
            <PlayWhileUnSuccess>true</PlayWhileUnSuccess>
            <AssociateMission>Str_Pve_Spider_Ambush_He_01/Overview</AssociateMission>
            <Loop>false</Loop>
            <MaxRunningTime>0</MaxRunningTime>
            <OnlyOneConditionMustBeGood>false</OnlyOneConditionMustBeGood>
            <OnlyDoneByServer>true</OnlyDoneByServer>
            <Conditions>
              <Condition xsi:type="QuestInfo">
                <Locked>false</Locked>
                <QuestID>Str_Pve_Spider_Ambush_He_01</QuestID>
                <Tested>InProgress</Tested>
              </Condition>
            </Conditions>
            <HotSpots>
              <Vector3>
                <X>986.121155</X>
                <Y>3822.44629</Y>
                <Z>85.69161</Z>
              </Vector3>
              <Vector3>
                <X>965.5732</X>
                <Y>3822.847</Y>
                <Z>88.4648361</Z>
              </Vector3>
              <Vector3>
                <X>912.419739</X>
                <Y>3801.2002</Y>
                <Z>91.6545</Z>
              </Vector3>
              <Vector3>
                <X>926.959534</X>
                <Y>3775.636</Y>
                <Z>88.14721</Z>
              </Vector3>
              <Vector3>
                <X>971.7794</X>
                <Y>3784.97021</Y>
                <Z>82.41998</Z>
              </Vector3>
            </HotSpots>
          </Action>
        </Actions>
        <SimultaneousActions>false</SimultaneousActions>
      </Action>
      <Action xsi:type="ActionPack">
        <ActionID>c3ea31b9-ea86-4d65-a885-962bb253a159</ActionID>
        <OverrideName>ActionPack (Point 5)</OverrideName>
        <Sound>
          <SoundName />
          <Trigger>OnActionCompleted</Trigger>
        </Sound>
        <Disabled>false</Disabled>
        <PlayWhileConditionsAreOk>true</PlayWhileConditionsAreOk>
        <PlayWhileUnSuccess>true</PlayWhileUnSuccess>
        <AssociateMission>M8_He_Demon_01</AssociateMission>
        <Loop>false</Loop>
        <MaxRunningTime>0</MaxRunningTime>
        <OnlyOneConditionMustBeGood>false</OnlyOneConditionMustBeGood>
        <OnlyDoneByServer>false</OnlyDoneByServer>
        <Conditions>
          <Condition xsi:type="QuestInfo">
            <Locked>false</Locked>
            <QuestID>M8_He_Demon_01</QuestID>
            <Tested>InProgress</Tested>
          </Condition>
        </Conditions>
        <HotSpots />
        <Actions>
          <Action xsi:type="Grind">
            <ActionID>7ec3684a-ff53-412b-9ec1-134f0f6ed3ae</ActionID>
            <OverrideName>Grind (Демоническая резьня)</OverrideName>
            <Sound>
              <SoundName />
              <Trigger>OnActionCompleted</Trigger>
            </Sound>
            <Disabled>false</Disabled>
            <PlayWhileConditionsAreOk>true</PlayWhileConditionsAreOk>
            <PlayWhileUnSuccess>true</PlayWhileUnSuccess>
            <AssociateMission>M8_He_Demon_01/Main</AssociateMission>
            <Loop>false</Loop>
            <MaxRunningTime>0</MaxRunningTime>
            <OnlyOneConditionMustBeGood>false</OnlyOneConditionMustBeGood>
            <OnlyDoneByServer>true</OnlyDoneByServer>
            <Conditions>
              <Condition xsi:type="QuestInfo">
                <Locked>false</Locked>
                <QuestID>M8_He_Demon_01/Main</QuestID>
                <Tested>InProgress</Tested>
              </Condition>
            </Conditions>
            <HotSpots>
              <Vector3>
                <X>2142.349</X>
                <Y>3567.27734</Y>
                <Z>49.5171356</Z>
              </Vector3>
              <Vector3>
                <X>2129.882</X>
                <Y>3603.81274</Y>
                <Z>51.6392441</Z>
              </Vector3>
              <Vector3>
                <X>2097.33447</X>
                <Y>3619.09253</Y>
                <Z>51.6859169</Z>
              </Vector3>
              <Vector3>
                <X>2079.51465</X>
                <Y>3589.643</Y>
                <Z>52.065876</Z>
              </Vector3>
              <Vector3>
                <X>2105.36646</X>
                <Y>3555.6394</Y>
                <Z>52.4813538</Z>
              </Vector3>
            </HotSpots>
          </Action>
        </Actions>
        <SimultaneousActions>false</SimultaneousActions>
      </Action>
      <Action xsi:type="ActionPack">
        <ActionID>f7e67236-1383-41ec-bc09-ac2ce099f245</ActionID>
        <OverrideName>ActionPack (point 7)</OverrideName>
        <Sound>
          <SoundName />
          <Trigger>OnActionCompleted</Trigger>
        </Sound>
        <Disabled>false</Disabled>
        <PlayWhileConditionsAreOk>true</PlayWhileConditionsAreOk>
        <PlayWhileUnSuccess>true</PlayWhileUnSuccess>
        <AssociateMission>M8_He_Demon_03</AssociateMission>
        <Loop>false</Loop>
        <MaxRunningTime>0</MaxRunningTime>
        <OnlyOneConditionMustBeGood>false</OnlyOneConditionMustBeGood>
        <OnlyDoneByServer>true</OnlyDoneByServer>
        <Conditions>
          <Condition xsi:type="QuestInfo">
            <Locked>false</Locked>
            <QuestID>M8_He_Demon_03</QuestID>
            <Tested>InProgress</Tested>
          </Condition>
        </Conditions>
        <HotSpots />
        <Actions>
          <Action xsi:type="Grind">
            <ActionID>f06f3bcf-bd8e-4a7d-aba7-0ace87bc2036</ActionID>
            <OverrideName>Grind (Демоническое бегство)</OverrideName>
            <Sound>
              <SoundName />
              <Trigger>OnActionCompleted</Trigger>
            </Sound>
            <Disabled>false</Disabled>
            <PlayWhileConditionsAreOk>true</PlayWhileConditionsAreOk>
            <PlayWhileUnSuccess>true</PlayWhileUnSuccess>
            <AssociateMission>M8_He_Demon_03</AssociateMission>
            <Loop>false</Loop>
            <MaxRunningTime>0</MaxRunningTime>
            <OnlyOneConditionMustBeGood>false</OnlyOneConditionMustBeGood>
            <OnlyDoneByServer>false</OnlyDoneByServer>
            <Conditions>
              <Condition xsi:type="QuestInfo">
                <Locked>false</Locked>
                <QuestID>M8_He_Demon_03</QuestID>
                <Tested>InProgress</Tested>
              </Condition>
            </Conditions>
            <HotSpots>
              <Vector3>
                <X>1541.99866</X>
                <Y>3355.98584</Y>
                <Z>83.35751</Z>
              </Vector3>
              <Vector3>
                <X>1544.3269</X>
                <Y>3376.22729</Y>
                <Z>84.36341</Z>
              </Vector3>
              <Vector3>
                <X>1539.94934</X>
                <Y>3392.5437</Y>
                <Z>87.9509048</Z>
              </Vector3>
              <Vector3>
                <X>1522.4502</X>
                <Y>3400.524</Y>
                <Z>89.5126648</Z>
              </Vector3>
              <Vector3>
                <X>1503.13062</X>
                <Y>3392.77271</Y>
                <Z>85.87846</Z>
              </Vector3>
              <Vector3>
                <X>1499.855</X>
                <Y>3380.021</Y>
                <Z>85.04126</Z>
              </Vector3>
              <Vector3>
                <X>1503.36584</X>
                <Y>3368.87939</Y>
                <Z>85.10084</Z>
              </Vector3>
              <Vector3>
                <X>1501.96</X>
                <Y>3351.238</Y>
                <Z>86.79276</Z>
              </Vector3>
              <Vector3>
                <X>1511.36462</X>
                <Y>3343.22217</Y>
                <Z>87.3113556</Z>
              </Vector3>
              <Vector3>
                <X>1523.7666</X>
                <Y>3342.30249</Y>
                <Z>87.52725</Z>
              </Vector3>
              <Vector3>
                <X>1535.98962</X>
                <Y>3340.32275</Y>
                <Z>86.68671</Z>
              </Vector3>
              <Vector3>
                <X>1543.3302</X>
                <Y>3348.85034</Y>
                <Z>83.7227</Z>
              </Vector3>
            </HotSpots>
          </Action>
        </Actions>
        <SimultaneousActions>true</SimultaneousActions>
      </Action>
      <Action xsi:type="ActionPack">
        <ActionID>9128c7ba-fde0-4b99-a905-5e7d1f426aa9</ActionID>
        <OverrideName>ActionPack (point 8)</OverrideName>
        <Sound>
          <SoundName />
          <Trigger>OnActionCompleted</Trigger>
        </Sound>
        <Disabled>false</Disabled>
        <PlayWhileConditionsAreOk>false</PlayWhileConditionsAreOk>
        <PlayWhileUnSuccess>true</PlayWhileUnSuccess>
        <AssociateMission />
        <Loop>false</Loop>
        <MaxRunningTime>0</MaxRunningTime>
        <OnlyOneConditionMustBeGood>false</OnlyOneConditionMustBeGood>
        <OnlyDoneByServer>false</OnlyDoneByServer>
        <Conditions />
        <HotSpots />
        <Actions>
          <Action xsi:type="Grind">
            <ActionID>9a3a927e-4cf4-44e4-8f01-d1867015dd65</ActionID>
            <OverrideName />
            <Sound>
              <SoundName />
              <Trigger>OnActionCompleted</Trigger>
            </Sound>
            <Disabled>false</Disabled>
            <PlayWhileConditionsAreOk>true</PlayWhileConditionsAreOk>
            <PlayWhileUnSuccess>true</PlayWhileUnSuccess>
            <AssociateMission />
            <Loop>false</Loop>
            <MaxRunningTime>0</MaxRunningTime>
            <OnlyOneConditionMustBeGood>false</OnlyOneConditionMustBeGood>
            <OnlyDoneByServer>false</OnlyDoneByServer>
            <Conditions>
              <Condition xsi:type="QuestInfo">
                <Locked>false</Locked>
                <QuestID>Str_Pve_Misty_Hills_Kidnapped_He_01/Overview/Initial_Group</QuestID>
                <Tested>InProgress</Tested>
              </Condition>
            </Conditions>
            <HotSpots>
              <Vector3>
                <X>1232.62878</X>
                <Y>3070.67</Y>
                <Z>119.890709</Z>
              </Vector3>
              <Vector3>
                <X>1263.05334</X>
                <Y>3186.44214</Y>
                <Z>100.032593</Z>
              </Vector3>
              <Vector3>
                <X>1132.25647</X>
                <Y>3245.46436</Y>
                <Z>125.5012</Z>
              </Vector3>
              <Vector3>
                <X>1129.20837</X>
                <Y>3244.41772</Y>
                <Z>125.636482</Z>
              </Vector3>
            </HotSpots>
          </Action>
          <Action xsi:type="Grind">
            <ActionID>14ff17dd-2864-441d-b96f-5bb8adb88a2f</ActionID>
            <OverrideName />
            <Sound>
              <SoundName />
              <Trigger>OnActionCompleted</Trigger>
            </Sound>
            <Disabled>false</Disabled>
            <PlayWhileConditionsAreOk>true</PlayWhileConditionsAreOk>
            <PlayWhileUnSuccess>true</PlayWhileUnSuccess>
            <AssociateMission />
            <Loop>false</Loop>
            <MaxRunningTime>0</MaxRunningTime>
            <OnlyOneConditionMustBeGood>false</OnlyOneConditionMustBeGood>
            <OnlyDoneByServer>false</OnlyDoneByServer>
            <Conditions>
              <Condition xsi:type="QuestInfo">
                <Locked>false</Locked>
                <QuestID>Str_Pve_Misty_Hills_Kidnapped_He_01/Overview/Attackers</QuestID>
                <Tested>InProgress</Tested>
              </Condition>
            </Conditions>
            <HotSpots>
              <Vector3>
                <X>1145.98438</X>
                <Y>3219.98779</Y>
                <Z>126.602219</Z>
              </Vector3>
              <Vector3>
                <X>1168.99268</X>
                <Y>3136.39575</Y>
                <Z>124.209641</Z>
              </Vector3>
            </HotSpots>
          </Action>
        </Actions>
        <SimultaneousActions>false</SimultaneousActions>
      </Action>
      <Action xsi:type="ActionPack">
        <ActionID>92ac9c8a-8aa8-44c5-b125-120d0d93b377</ActionID>
        <OverrideName>ActionPack (point 11)</OverrideName>
        <Sound>
          <SoundName />
          <Trigger>OnActionCompleted</Trigger>
        </Sound>
        <Disabled>false</Disabled>
        <PlayWhileConditionsAreOk>true</PlayWhileConditionsAreOk>
        <PlayWhileUnSuccess>true</PlayWhileUnSuccess>
        <AssociateMission>Str_Pve_Ancient_Lake_Supply_He_01</AssociateMission>
        <Loop>false</Loop>
        <MaxRunningTime>0</MaxRunningTime>
        <OnlyOneConditionMustBeGood>false</OnlyOneConditionMustBeGood>
        <OnlyDoneByServer>false</OnlyDoneByServer>
        <Conditions>
          <Condition xsi:type="QuestInfo">
            <Locked>false</Locked>
            <QuestID>Str_Pve_Ancient_Lake_Supply_He_01</QuestID>
            <Tested>InProgress</Tested>
          </Condition>
        </Conditions>
        <HotSpots />
        <Actions>
          <Action xsi:type="InteractSpecificNode">
            <ActionID>3faec0a6-b960-400e-ad69-475a9dde1df6</ActionID>
            <OverrideName />
            <Sound>
              <SoundName />
              <Trigger>OnActionCompleted</Trigger>
            </Sound>
            <Disabled>false</Disabled>
            <PlayWhileConditionsAreOk>true</PlayWhileConditionsAreOk>
            <PlayWhileUnSuccess>true</PlayWhileUnSuccess>
            <AssociateMission>Str_Pve_Ancient_Lake_Supply_He_01/Overview/Initial_Group</AssociateMission>
            <Loop>false</Loop>
            <MaxRunningTime>0</MaxRunningTime>
            <OnlyOneConditionMustBeGood>false</OnlyOneConditionMustBeGood>
            <OnlyDoneByServer>false</OnlyDoneByServer>
            <Conditions>
              <Condition xsi:type="QuestInfo">
                <Locked>false</Locked>
                <QuestID>Str_Pve_Ancient_Lake_Supply_He_01/Overview/Initial_Group</QuestID>
                <Tested>InProgress</Tested>
              </Condition>
            </Conditions>
            <HotSpots />
            <NodeCategory />
            <LocalizedName />
            <Dialogs />
            <InteractTime>1000</InteractTime>
            <Position>
              <X>2653.19336</X>
              <Y>2966.474</Y>
              <Z>-22.6289978</Z>
            </Position>
            <RewardItemChoose />
            <SkipTimeout>0</SkipTimeout>
          </Action>
          <Action xsi:type="InteractSpecificNode">
            <ActionID>20d6725a-597d-4168-a29c-cd507b6da30e</ActionID>
            <OverrideName />
            <Sound>
              <SoundName />
              <Trigger>OnActionCompleted</Trigger>
            </Sound>
            <Disabled>false</Disabled>
            <PlayWhileConditionsAreOk>true</PlayWhileConditionsAreOk>
            <PlayWhileUnSuccess>true</PlayWhileUnSuccess>
            <AssociateMission>Str_Pve_Ancient_Lake_Supply_He_01/Overview/Initial_Group/Interact_02</AssociateMission>
            <Loop>false</Loop>
            <MaxRunningTime>0</MaxRunningTime>
            <OnlyOneConditionMustBeGood>false</OnlyOneConditionMustBeGood>
            <OnlyDoneByServer>false</OnlyDoneByServer>
            <Conditions>
              <Condition xsi:type="QuestInfo">
                <Locked>false</Locked>
                <QuestID>Str_Pve_Ancient_Lake_Supply_He_01/Overview/Initial_Group</QuestID>
                <Tested>InProgress</Tested>
              </Condition>
            </Conditions>
            <HotSpots />
            <NodeCategory />
            <LocalizedName />
            <Dialogs />
            <InteractTime>1000</InteractTime>
            <Position>
              <X>2648.8877</X>
              <Y>2964.61353</Y>
              <Z>-22.7038345</Z>
            </Position>
            <RewardItemChoose />
            <SkipTimeout>0</SkipTimeout>
          </Action>
          <Action xsi:type="InteractSpecificNode">
            <ActionID>3bf75acf-cec2-4758-a1d9-cca7fe0c59e9</ActionID>
            <OverrideName />
            <Sound>
              <SoundName />
              <Trigger>OnActionCompleted</Trigger>
            </Sound>
            <Disabled>false</Disabled>
            <PlayWhileConditionsAreOk>true</PlayWhileConditionsAreOk>
            <PlayWhileUnSuccess>true</PlayWhileUnSuccess>
            <AssociateMission>Str_Pve_Ancient_Lake_Supply_He_01/Overview/Initial_Group</AssociateMission>
            <Loop>false</Loop>
            <MaxRunningTime>0</MaxRunningTime>
            <OnlyOneConditionMustBeGood>false</OnlyOneConditionMustBeGood>
            <OnlyDoneByServer>false</OnlyDoneByServer>
            <Conditions>
              <Condition xsi:type="QuestInfo">
                <Locked>false</Locked>
                <QuestID>Str_Pve_Ancient_Lake_Supply_He_01/Overview/Initial_Group</QuestID>
                <Tested>InProgress</Tested>
              </Condition>
            </Conditions>
            <HotSpots />
            <NodeCategory />
            <LocalizedName />
            <Dialogs />
            <InteractTime>1000</InteractTime>
            <Position>
              <X>2729.07935</X>
              <Y>3086.64136</Y>
              <Z>-22.6454983</Z>
            </Position>
            <RewardItemChoose />
            <SkipTimeout>0</SkipTimeout>
          </Action>
          <Action xsi:type="InteractSpecificNode">
            <ActionID>fd2c16aa-8341-40cb-af89-2a5b572459bc</ActionID>
            <OverrideName />
            <Sound>
              <SoundName />
              <Trigger>OnActionCompleted</Trigger>
            </Sound>
            <Disabled>false</Disabled>
            <PlayWhileConditionsAreOk>true</PlayWhileConditionsAreOk>
            <PlayWhileUnSuccess>true</PlayWhileUnSuccess>
            <AssociateMission>Str_Pve_Ancient_Lake_Supply_He_01/Overview/Initial_Group</AssociateMission>
            <Loop>false</Loop>
            <MaxRunningTime>0</MaxRunningTime>
            <OnlyOneConditionMustBeGood>false</OnlyOneConditionMustBeGood>
            <OnlyDoneByServer>false</OnlyDoneByServer>
            <Conditions>
              <Condition xsi:type="QuestInfo">
                <Locked>false</Locked>
                <QuestID>Str_Pve_Ancient_Lake_Supply_He_01/Overview/Initial_Group</QuestID>
                <Tested>InProgress</Tested>
              </Condition>
            </Conditions>
            <HotSpots />
            <NodeCategory />
            <LocalizedName />
            <Dialogs />
            <InteractTime>1000</InteractTime>
            <Position>
              <X>2733.087</X>
              <Y>3089.06714</Y>
              <Z>-22.3441982</Z>
            </Position>
            <RewardItemChoose />
            <SkipTimeout>0</SkipTimeout>
          </Action>
          <Action xsi:type="InteractSpecificNode">
            <ActionID>e6defda0-49a8-454e-a1a5-7d69829916a8</ActionID>
            <OverrideName />
            <Sound>
              <SoundName />
              <Trigger>OnActionCompleted</Trigger>
            </Sound>
            <Disabled>false</Disabled>
            <PlayWhileConditionsAreOk>true</PlayWhileConditionsAreOk>
            <PlayWhileUnSuccess>true</PlayWhileUnSuccess>
            <AssociateMission>Str_Pve_Ancient_Lake_Supply_He_01/Overview/Initial_Group</AssociateMission>
            <Loop>false</Loop>
            <MaxRunningTime>0</MaxRunningTime>
            <OnlyOneConditionMustBeGood>false</OnlyOneConditionMustBeGood>
            <OnlyDoneByServer>false</OnlyDoneByServer>
            <Conditions>
              <Condition xsi:type="QuestInfo">
                <Locked>false</Locked>
                <QuestID>Str_Pve_Ancient_Lake_Supply_He_01/Overview/Initial_Group</QuestID>
                <Tested>InProgress</Tested>
              </Condition>
            </Conditions>
            <HotSpots />
            <NodeCategory />
            <LocalizedName />
            <Dialogs />
            <InteractTime>1000</InteractTime>
            <Position>
              <X>2655.60181</X>
              <Y>3112.73535</Y>
              <Z>-24.4738655</Z>
            </Position>
            <RewardItemChoose />
            <SkipTimeout>0</SkipTimeout>
          </Action>
          <Action xsi:type="InteractSpecificNode">
            <ActionID>58e1eb0f-8337-4ed2-a670-567425507d70</ActionID>
            <OverrideName />
            <Sound>
              <SoundName />
              <Trigger>OnActionCompleted</Trigger>
            </Sound>
            <Disabled>false</Disabled>
            <PlayWhileConditionsAreOk>true</PlayWhileConditionsAreOk>
            <PlayWhileUnSuccess>true</PlayWhileUnSuccess>
            <AssociateMission>Str_Pve_Ancient_Lake_Supply_He_01/Overview/Initial_Group</AssociateMission>
            <Loop>false</Loop>
            <MaxRunningTime>0</MaxRunningTime>
            <OnlyOneConditionMustBeGood>false</OnlyOneConditionMustBeGood>
            <OnlyDoneByServer>false</OnlyDoneByServer>
            <Conditions>
              <Condition xsi:type="QuestInfo">
                <Locked>false</Locked>
                <QuestID>Str_Pve_Ancient_Lake_Supply_He_01/Overview/Initial_Group</QuestID>
                <Tested>InProgress</Tested>
              </Condition>
            </Conditions>
            <HotSpots />
            <NodeCategory />
            <LocalizedName />
            <Dialogs />
            <InteractTime>1000</InteractTime>
            <Position>
              <X>2569.40649</X>
              <Y>3035.35986</Y>
              <Z>-24.9302616</Z>
            </Position>
            <RewardItemChoose />
            <SkipTimeout>0</SkipTimeout>
          </Action>
          <Action xsi:type="Grind">
            <ActionID>a2222af7-f618-4fd1-8441-acea1ef8bf59</ActionID>
            <OverrideName />
            <Sound>
              <SoundName />
              <Trigger>OnActionCompleted</Trigger>
            </Sound>
            <Disabled>false</Disabled>
            <PlayWhileConditionsAreOk>true</PlayWhileConditionsAreOk>
            <PlayWhileUnSuccess>true</PlayWhileUnSuccess>
            <AssociateMission>Str_Pve_Ancient_Lake_Supply_He_01/Overview/Attackers</AssociateMission>
            <Loop>false</Loop>
            <MaxRunningTime>0</MaxRunningTime>
            <OnlyOneConditionMustBeGood>false</OnlyOneConditionMustBeGood>
            <OnlyDoneByServer>false</OnlyDoneByServer>
            <Conditions>
              <Condition xsi:type="QuestInfo">
                <Locked>false</Locked>
                <QuestID>Str_Pve_Ancient_Lake_Supply_He_01/Overview/Attackers</QuestID>
                <Tested>InProgress</Tested>
              </Condition>
            </Conditions>
            <HotSpots>
              <Vector3>
                <X>2587.37549</X>
                <Y>3057.80786</Y>
                <Z>-28.9118</Z>
              </Vector3>
              <Vector3>
                <X>2641.91553</X>
                <Y>3093.16479</Y>
                <Z>-28.9187965</Z>
              </Vector3>
              <Vector3>
                <X>2696.353</X>
                <Y>3093.556</Y>
                <Z>-24.8961811</Z>
              </Vector3>
              <Vector3>
                <X>2700.30151</X>
                <Y>3041.34082</Y>
                <Z>-27.0102577</Z>
              </Vector3>
              <Vector3>
                <X>2700.30151</X>
                <Y>3041.34082</Y>
                <Z>-27.0102577</Z>
              </Vector3>
              <Vector3>
                <X>2661.05</X>
                <Y>2999.20532</Y>
                <Z>-21.0931129</Z>
              </Vector3>
              <Vector3>
                <X>2619.334</X>
                <Y>3004.17578</Y>
                <Z>-26.86454</Z>
              </Vector3>
            </HotSpots>
          </Action>
        </Actions>
        <SimultaneousActions>true</SimultaneousActions>
      </Action>
      <Action xsi:type="ActionPack">
        <ActionID>3b0e233b-4490-457e-b0b6-3b9fffc36a5d</ActionID>
        <OverrideName>ActionPack (point 13)</OverrideName>
        <Sound>
          <SoundName />
          <Trigger>OnActionCompleted</Trigger>
        </Sound>
        <Disabled>false</Disabled>
        <PlayWhileConditionsAreOk>true</PlayWhileConditionsAreOk>
        <PlayWhileUnSuccess>true</PlayWhileUnSuccess>
        <AssociateMission>Str_Pve_Devil_Ambush_He_01</AssociateMission>
        <Loop>false</Loop>
        <MaxRunningTime>0</MaxRunningTime>
        <OnlyOneConditionMustBeGood>false</OnlyOneConditionMustBeGood>
        <OnlyDoneByServer>false</OnlyDoneByServer>
        <Conditions>
          <Condition xsi:type="QuestInfo">
            <Locked>false</Locked>
            <QuestID>Str_Pve_Devil_Ambush_He_01</QuestID>
            <Tested>InProgress</Tested>
          </Condition>
        </Conditions>
        <HotSpots />
        <Actions>
          <Action xsi:type="Grind">
            <ActionID>595a8f61-065f-4495-b758-d29a4f09a4b6</ActionID>
            <OverrideName />
            <Sound>
              <SoundName />
              <Trigger>OnActionCompleted</Trigger>
            </Sound>
            <Disabled>false</Disabled>
            <PlayWhileConditionsAreOk>true</PlayWhileConditionsAreOk>
            <PlayWhileUnSuccess>true</PlayWhileUnSuccess>
            <AssociateMission>Str_Pve_Devil_Ambush_He_01</AssociateMission>
            <Loop>false</Loop>
            <MaxRunningTime>0</MaxRunningTime>
            <OnlyOneConditionMustBeGood>false</OnlyOneConditionMustBeGood>
            <OnlyDoneByServer>false</OnlyDoneByServer>
            <Conditions>
              <Condition xsi:type="QuestInfo">
                <Locked>false</Locked>
                <QuestID>Str_Pve_Devil_Ambush_He_01</QuestID>
                <Tested>InProgress</Tested>
              </Condition>
            </Conditions>
            <HotSpots>
              <Vector3>
                <X>2061.328</X>
                <Y>2584.868</Y>
                <Z>60.95439</Z>
              </Vector3>
              <Vector3>
                <X>2107.92529</X>
                <Y>2602.65845</Y>
                <Z>57.29932</Z>
              </Vector3>
            </HotSpots>
          </Action>
        </Actions>
        <SimultaneousActions>true</SimultaneousActions>
      </Action>
      <Action xsi:type="GoToAction">
        <ActionID>5b90e47a-3f2c-485d-a23e-6a159783065d</ActionID>
        <OverrideName />
        <Sound>
          <SoundName />
          <Trigger>OnActionCompleted</Trigger>
        </Sound>
        <Disabled>false</Disabled>
        <PlayWhileConditionsAreOk>false</PlayWhileConditionsAreOk>
        <PlayWhileUnSuccess>true</PlayWhileUnSuccess>
        <AssociateMission />
        <Loop>false</Loop>
        <MaxRunningTime>0</MaxRunningTime>
        <OnlyOneConditionMustBeGood>false</OnlyOneConditionMustBeGood>
        <OnlyDoneByServer>true</OnlyDoneByServer>
        <Conditions />
        <HotSpots />
        <ResetAllCompletedActions>true</ResetAllCompletedActions>
        <DestinationActionID>65d8fc95-e93e-4df9-9f1b-ec33ff8379ab</DestinationActionID>
      </Action>
      <Action xsi:type="ActionPack">
        <ActionID>3001178d-cd98-42e1-8664-d4cf024265e0</ActionID>
        <OverrideName>ActionPack (Point 16)</OverrideName>
        <Sound>
          <SoundName />
          <Trigger>OnActionCompleted</Trigger>
        </Sound>
        <Disabled>false</Disabled>
        <PlayWhileConditionsAreOk>false</PlayWhileConditionsAreOk>
        <PlayWhileUnSuccess>true</PlayWhileUnSuccess>
        <AssociateMission />
        <Loop>false</Loop>
        <MaxRunningTime>0</MaxRunningTime>
        <OnlyOneConditionMustBeGood>false</OnlyOneConditionMustBeGood>
        <OnlyDoneByServer>false</OnlyDoneByServer>
        <Conditions />
        <HotSpots />
        <Actions>
          <Action xsi:type="Grind">
            <ActionID>a6f36e56-395d-45a8-9420-6aa798aa74ab</ActionID>
            <OverrideName />
            <Sound>
              <SoundName />
              <Trigger>OnActionCompleted</Trigger>
            </Sound>
            <Disabled>false</Disabled>
            <PlayWhileConditionsAreOk>false</PlayWhileConditionsAreOk>
            <PlayWhileUnSuccess>true</PlayWhileUnSuccess>
            <AssociateMission />
            <Loop>false</Loop>
            <MaxRunningTime>0</MaxRunningTime>
            <OnlyOneConditionMustBeGood>false</OnlyOneConditionMustBeGood>
            <OnlyDoneByServer>false</OnlyDoneByServer>
            <Conditions>
              <Condition xsi:type="QuestInfo">
                <Locked>false</Locked>
                <QuestID>Str_Pve_Ancient_Lake_Blockade_He_01/Overview/Initial_Group</QuestID>
                <Tested>InProgress</Tested>
              </Condition>
            </Conditions>
            <HotSpots>
              <Vector3>
                <X>2884.447</X>
                <Y>2120.675</Y>
                <Z>-6.63301754</Z>
              </Vector3>
              <Vector3>
                <X>2781.22046</X>
                <Y>2055.04175</Y>
                <Z>-36.52781</Z>
              </Vector3>
              <Vector3>
                <X>2765.03467</X>
                <Y>2240.95532</Y>
                <Z>-12.7280064</Z>
              </Vector3>
              <Vector3>
                <X>2657.40625</X>
                <Y>2129.81567</Y>
                <Z>15.39221</Z>
              </Vector3>
            </HotSpots>
          </Action>
          <Action xsi:type="Grind">
            <ActionID>b2c34491-a536-491c-9f59-0d2893288165</ActionID>
            <OverrideName />
            <Sound>
              <SoundName />
              <Trigger>OnActionCompleted</Trigger>
            </Sound>
            <Disabled>false</Disabled>
            <PlayWhileConditionsAreOk>false</PlayWhileConditionsAreOk>
            <PlayWhileUnSuccess>true</PlayWhileUnSuccess>
            <AssociateMission />
            <Loop>false</Loop>
            <MaxRunningTime>0</MaxRunningTime>
            <OnlyOneConditionMustBeGood>false</OnlyOneConditionMustBeGood>
            <OnlyDoneByServer>false</OnlyDoneByServer>
            <Conditions>
              <Condition xsi:type="QuestInfo">
                <Locked>false</Locked>
                <QuestID>Str_Pve_Ancient_Lake_Blockade_He_01/Overview/Attackers</QuestID>
                <Tested>InProgress</Tested>
              </Condition>
            </Conditions>
            <HotSpots>
              <Vector3>
                <X>2808.17456</X>
                <Y>2133.164</Y>
                <Z>-20.9778137</Z>
              </Vector3>
            </HotSpots>
          </Action>
        </Actions>
        <SimultaneousActions>false</SimultaneousActions>
      </Action>
      <Action xsi:type="ActionPack">
        <ActionID>23c3cccd-a99a-4f77-9000-924ed37cf9d6</ActionID>
        <OverrideName>ActionPack (Point 12)</OverrideName>
        <Sound>
          <SoundName />
          <Trigger>OnActionCompleted</Trigger>
        </Sound>
        <Disabled>false</Disabled>
        <PlayWhileConditionsAreOk>false</PlayWhileConditionsAreOk>
        <PlayWhileUnSuccess>true</PlayWhileUnSuccess>
        <AssociateMission />
        <Loop>false</Loop>
        <MaxRunningTime>0</MaxRunningTime>
        <OnlyOneConditionMustBeGood>false</OnlyOneConditionMustBeGood>
        <OnlyDoneByServer>false</OnlyDoneByServer>
        <Conditions />
        <HotSpots />
        <Actions>
          <Action xsi:type="Grind">
            <ActionID>01d28d78-aa9c-4171-a4ab-4a87b054c5b2</ActionID>
            <OverrideName />
            <Sound>
              <SoundName />
              <Trigger>OnActionCompleted</Trigger>
            </Sound>
            <Disabled>false</Disabled>
            <PlayWhileConditionsAreOk>false</PlayWhileConditionsAreOk>
            <PlayWhileUnSuccess>true</PlayWhileUnSuccess>
            <AssociateMission />
            <Loop>false</Loop>
            <MaxRunningTime>0</MaxRunningTime>
            <OnlyOneConditionMustBeGood>false</OnlyOneConditionMustBeGood>
            <OnlyDoneByServer>false</OnlyDoneByServer>
            <Conditions>
              <Condition xsi:type="QuestInfo">
                <Locked>false</Locked>
                <QuestID>Str_Pve_Devils_Hideaway_Camp_He_01/Overview/Initial_Group</QuestID>
                <Tested>InProgress</Tested>
              </Condition>
            </Conditions>
            <HotSpots>
              <Vector3>
                <X>1041.86267</X>
                <Y>2521.65967</Y>
                <Z>81.55432</Z>
              </Vector3>
              <Vector3>
                <X>1017.91724</X>
                <Y>2470.69458</Y>
                <Z>81.55432</Z>
              </Vector3>
              <Vector3>
                <X>1065.4552</X>
                <Y>2458.01685</Y>
                <Z>81.55432</Z>
              </Vector3>
            </HotSpots>
          </Action>
        </Actions>
        <SimultaneousActions>false</SimultaneousActions>
      </Action>
    </Actions>
    <SimultaneousActions>false</SimultaneousActions>
  </MainActionPack>
  <Saved>true</Saved>
</Profile>