<?xml version="1.0"?>
<Profile xmlns:xsi="http://www.w3.org/2001/XMLSchema-instance" xmlns:xsd="http://www.w3.org/2001/XMLSchema">
  <Vendors />
  <BlackList />
  <KillRadius>40</KillRadius>
  <CustomRegions />
  <UseExternalMeshFile>false</UseExternalMeshFile>
  <ExternalMeshFileName />
  <DisablePet>false</DisablePet>
  <FollowerDistance>50</FollowerDistance>
  <DisableFollow>false</DisableFollow>
  <MainActionPack>
    <ActionID>ea1bf717-554d-46f8-a565-4177e4006268</ActionID>
    <OverrideName />
    <Sound>
      <SoundName />
      <Trigger>OnActionCompleted</Trigger>
    </Sound>
    <Disabled>false</Disabled>
    <PlayWhileConditionsAreOk>false</PlayWhileConditionsAreOk>
    <PlayWhileUnSuccess>true</PlayWhileUnSuccess>
    <AssociateMission />
    <Loop>true</Loop>
    <MaxRunningTime>0</MaxRunningTime>
    <OnlyOneConditionMustBeGood>true</OnlyOneConditionMustBeGood>
    <OnlyDoneByServer>false</OnlyDoneByServer>
    <Conditions />
    <HotSpots />
    <Actions>
      <Action xsi:type="ChangeMap">
        <ActionID>65d8fc95-e93e-4df9-9f1b-ec33ff8379ab</ActionID>
        <OverrideName />
        <Sound>
          <SoundName />
          <Trigger>OnActionCompleted</Trigger>
        </Sound>
        <Disabled>false</Disabled>
        <PlayWhileConditionsAreOk>true</PlayWhileConditionsAreOk>
        <PlayWhileUnSuccess>true</PlayWhileUnSuccess>
        <AssociateMission />
        <Loop>false</Loop>
        <MaxRunningTime>0</MaxRunningTime>
        <OnlyOneConditionMustBeGood>false</OnlyOneConditionMustBeGood>
        <OnlyDoneByServer>false</OnlyDoneByServer>
        <Conditions>
          <Condition xsi:type="CurrentMap">
            <Locked>false</Locked>
            <Tested>Equal</Tested>
            <MapName>Neverwinter_Protectors_Enclave</MapName>
          </Condition>
        </Conditions>
        <HotSpots />
        <NodePosition>
          <X>1202.96436</X>
          <Y>478.092773</Y>
          <Z>25.3878021</Z>
        </NodePosition>
        <MapName>Sh_Pve</MapName>
        <SecondMapName />
        <DisableVIPTravel>false</DisableVIPTravel>
        <NodeCategory>Door</NodeCategory>
      </Action>
      <Action xsi:type="ActionPack">
        <ActionID>f7e67236-1383-41ec-bc09-ac2ce099f245</ActionID>
        <OverrideName>ActionPack (point 7)</OverrideName>
        <Sound>
          <SoundName />
          <Trigger>OnActionCompleted</Trigger>
        </Sound>
        <Disabled>false</Disabled>
        <PlayWhileConditionsAreOk>true</PlayWhileConditionsAreOk>
        <PlayWhileUnSuccess>true</PlayWhileUnSuccess>
        <AssociateMission>M8_He_Demon_03</AssociateMission>
        <Loop>false</Loop>
        <MaxRunningTime>0</MaxRunningTime>
        <OnlyOneConditionMustBeGood>false</OnlyOneConditionMustBeGood>
        <OnlyDoneByServer>true</OnlyDoneByServer>
        <Conditions>
          <Condition xsi:type="QuestInfo">
            <Locked>false</Locked>
            <QuestID>M8_He_Demon_03</QuestID>
            <Tested>InProgress</Tested>
          </Condition>
        </Conditions>
        <HotSpots />
        <Actions>
          <Action xsi:type="Grind">
            <ActionID>f06f3bcf-bd8e-4a7d-aba7-0ace87bc2036</ActionID>
            <OverrideName>Grind (Демоническое бегство)</OverrideName>
            <Sound>
              <SoundName />
              <Trigger>OnActionCompleted</Trigger>
            </Sound>
            <Disabled>false</Disabled>
            <PlayWhileConditionsAreOk>true</PlayWhileConditionsAreOk>
            <PlayWhileUnSuccess>true</PlayWhileUnSuccess>
            <AssociateMission>M8_He_Demon_03</AssociateMission>
            <Loop>false</Loop>
            <MaxRunningTime>0</MaxRunningTime>
            <OnlyOneConditionMustBeGood>false</OnlyOneConditionMustBeGood>
            <OnlyDoneByServer>false</OnlyDoneByServer>
            <Conditions>
              <Condition xsi:type="QuestInfo">
                <Locked>false</Locked>
                <QuestID>M8_He_Demon_03</QuestID>
                <Tested>InProgress</Tested>
              </Condition>
            </Conditions>
            <HotSpots>
              <Vector3>
                <X>1495.271</X>
                <Y>3373.05615</Y>
                <Z>85.24694</Z>
              </Vector3>
              <Vector3>
                <X>1506.01672</X>
                <Y>3385.356</Y>
                <Z>85.1254654</Z>
              </Vector3>
              <Vector3>
                <X>1508.95129</X>
                <Y>3400.816</Y>
                <Z>89.23979</Z>
              </Vector3>
              <Vector3>
                <X>1523.70984</X>
                <Y>3398.62817</Y>
                <Z>89.06003</Z>
              </Vector3>
              <Vector3>
                <X>1542.4519</X>
                <Y>3389.25586</Y>
                <Z>87.32198</Z>
              </Vector3>
              <Vector3>
                <X>1545.111</X>
                <Y>3372.35522</Y>
                <Z>83.8680649</Z>
              </Vector3>
              <Vector3>
                <X>1541.68469</X>
                <Y>3357.20972</Y>
                <Z>83.3284454</Z>
              </Vector3>
              <Vector3>
                <X>1534.73022</X>
                <Y>3343.28833</Y>
                <Z>86.13044</Z>
              </Vector3>
              <Vector3>
                <X>1515.9884</X>
                <Y>3343.79663</Y>
                <Z>87.75971</Z>
              </Vector3>
              <Vector3>
                <X>1496.064</X>
                <Y>3357.231</Y>
                <Z>88.06778</Z>
              </Vector3>
            </HotSpots>
          </Action>
        </Actions>
        <SimultaneousActions>true</SimultaneousActions>
      </Action>
      <Action xsi:type="WaitTimer">
        <ActionID>1ffa48cf-4697-4897-9a08-b80774fa1acf</ActionID>
        <OverrideName />
        <Sound>
          <SoundName />
          <Trigger>OnActionCompleted</Trigger>
        </Sound>
        <Disabled>false</Disabled>
        <PlayWhileConditionsAreOk>false</PlayWhileConditionsAreOk>
        <PlayWhileUnSuccess>true</PlayWhileUnSuccess>
        <AssociateMission />
        <Loop>false</Loop>
        <MaxRunningTime>0</MaxRunningTime>
        <OnlyOneConditionMustBeGood>false</OnlyOneConditionMustBeGood>
        <OnlyDoneByServer>false</OnlyDoneByServer>
        <Conditions />
        <HotSpots />
        <WaitTimeMs>10000</WaitTimeMs>
      </Action>
      <Action xsi:type="GoToAction">
        <ActionID>460f033c-2e9b-4eed-95d3-cd12f6c07e2c</ActionID>
        <OverrideName />
        <Sound>
          <SoundName />
          <Trigger>OnActionCompleted</Trigger>
        </Sound>
        <Disabled>false</Disabled>
        <PlayWhileConditionsAreOk>false</PlayWhileConditionsAreOk>
        <PlayWhileUnSuccess>true</PlayWhileUnSuccess>
        <AssociateMission />
        <Loop>true</Loop>
        <MaxRunningTime>0</MaxRunningTime>
        <OnlyOneConditionMustBeGood>false</OnlyOneConditionMustBeGood>
        <OnlyDoneByServer>true</OnlyDoneByServer>
        <Conditions />
        <HotSpots />
        <ResetAllCompletedActions>true</ResetAllCompletedActions>
        <DestinationActionID>f06f3bcf-bd8e-4a7d-aba7-0ace87bc2036</DestinationActionID>
      </Action>
      <Action xsi:type="MoveTo">
        <ActionID>a4526a44-2e5f-4b51-9162-a377406eb722</ActionID>
        <OverrideName>MoveToBase</OverrideName>
        <Sound>
          <SoundName />
          <Trigger>OnActionCompleted</Trigger>
        </Sound>
        <Disabled>false</Disabled>
        <PlayWhileConditionsAreOk>false</PlayWhileConditionsAreOk>
        <PlayWhileUnSuccess>true</PlayWhileUnSuccess>
        <AssociateMission />
        <Loop>false</Loop>
        <MaxRunningTime>0</MaxRunningTime>
        <OnlyOneConditionMustBeGood>false</OnlyOneConditionMustBeGood>
        <OnlyDoneByServer>false</OnlyDoneByServer>
        <Conditions />
        <HotSpots />
        <Position>
          <X>2209.11279</X>
          <Y>4083.02832</Y>
          <Z>20.19799</Z>
        </Position>
        <Range>5</Range>
      </Action>
      <Action xsi:type="ActionPack">
        <ActionID>e6fc756e-5616-4061-9c89-87ab0318d868</ActionID>
        <OverrideName />
        <Sound>
          <SoundName />
          <Trigger>OnActionCompleted</Trigger>
        </Sound>
        <Disabled>false</Disabled>
        <PlayWhileConditionsAreOk>false</PlayWhileConditionsAreOk>
        <PlayWhileUnSuccess>true</PlayWhileUnSuccess>
        <AssociateMission />
        <Loop>false</Loop>
        <MaxRunningTime>0</MaxRunningTime>
        <OnlyOneConditionMustBeGood>false</OnlyOneConditionMustBeGood>
        <OnlyDoneByServer>false</OnlyDoneByServer>
        <Conditions />
        <HotSpots />
        <Actions>
          <Action xsi:type="TurnInMission">
            <ActionID>2f4b0703-0fae-4116-a12d-b1d978d7fc48</ActionID>
            <OverrideName />
            <Sound>
              <SoundName />
              <Trigger>OnActionCompleted</Trigger>
            </Sound>
            <Disabled>false</Disabled>
            <PlayWhileConditionsAreOk>true</PlayWhileConditionsAreOk>
            <PlayWhileUnSuccess>true</PlayWhileUnSuccess>
            <AssociateMission />
            <Loop>false</Loop>
            <MaxRunningTime>10</MaxRunningTime>
            <OnlyOneConditionMustBeGood>false</OnlyOneConditionMustBeGood>
            <OnlyDoneByServer>false</OnlyDoneByServer>
            <Conditions />
            <HotSpots />
            <MissionId>Str_Pve_Mass_Kill_Hourly</MissionId>
            <GiverId>Generic_Civilian</GiverId>
            <GiverPosition>
              <X>2209.19824</X>
              <Y>4093.47949</Y>
              <Z>20.5922852</Z>
            </GiverPosition>
          </Action>
          <Action xsi:type="TurnInMission">
            <ActionID>8121e984-3760-46f9-9b96-9772ae47d3a4</ActionID>
            <OverrideName />
            <Sound>
              <SoundName />
              <Trigger>OnActionCompleted</Trigger>
            </Sound>
            <Disabled>false</Disabled>
            <PlayWhileConditionsAreOk>true</PlayWhileConditionsAreOk>
            <PlayWhileUnSuccess>true</PlayWhileUnSuccess>
            <AssociateMission />
            <Loop>false</Loop>
            <MaxRunningTime>10</MaxRunningTime>
            <OnlyOneConditionMustBeGood>false</OnlyOneConditionMustBeGood>
            <OnlyDoneByServer>false</OnlyDoneByServer>
            <Conditions />
            <HotSpots />
            <MissionId>Str_Pve_Heroic_Encounter_Daily</MissionId>
            <GiverId>Generic_Civilian</GiverId>
            <GiverPosition>
              <X>2209.19824</X>
              <Y>4093.47949</Y>
              <Z>20.5922852</Z>
            </GiverPosition>
          </Action>
          <Action xsi:type="PickUpMission">
            <ActionID>1a5da621-040d-499a-8602-ea763c7d2188</ActionID>
            <OverrideName />
            <Sound>
              <SoundName />
              <Trigger>OnActionCompleted</Trigger>
            </Sound>
            <Disabled>false</Disabled>
            <PlayWhileConditionsAreOk>true</PlayWhileConditionsAreOk>
            <PlayWhileUnSuccess>true</PlayWhileUnSuccess>
            <AssociateMission />
            <Loop>false</Loop>
            <MaxRunningTime>0</MaxRunningTime>
            <OnlyOneConditionMustBeGood>false</OnlyOneConditionMustBeGood>
            <OnlyDoneByServer>false</OnlyDoneByServer>
            <Conditions />
            <HotSpots />
            <MissionId>Str_Pve_Mass_Kill_Hourly</MissionId>
            <SkipOnFail>true</SkipOnFail>
            <GiverId>Generic_Civilian</GiverId>
            <GiverPosition>
              <X>2209.19824</X>
              <Y>4093.47949</Y>
              <Z>20.5922852</Z>
            </GiverPosition>
          </Action>
          <Action xsi:type="PickUpMission">
            <ActionID>da2e2154-8097-4b47-8c2e-6d1184f5efb5</ActionID>
            <OverrideName />
            <Sound>
              <SoundName />
              <Trigger>OnActionCompleted</Trigger>
            </Sound>
            <Disabled>false</Disabled>
            <PlayWhileConditionsAreOk>true</PlayWhileConditionsAreOk>
            <PlayWhileUnSuccess>true</PlayWhileUnSuccess>
            <AssociateMission />
            <Loop>false</Loop>
            <MaxRunningTime>0</MaxRunningTime>
            <OnlyOneConditionMustBeGood>false</OnlyOneConditionMustBeGood>
            <OnlyDoneByServer>false</OnlyDoneByServer>
            <Conditions />
            <HotSpots />
            <MissionId>Str_Pve_Heroic_Encounter_Daily</MissionId>
            <SkipOnFail>true</SkipOnFail>
            <GiverId>Generic_Civilian</GiverId>
            <GiverPosition>
              <X>2209.19824</X>
              <Y>4093.47949</Y>
              <Z>20.5922852</Z>
            </GiverPosition>
          </Action>
        </Actions>
        <SimultaneousActions>false</SimultaneousActions>
      </Action>
    </Actions>
    <SimultaneousActions>false</SimultaneousActions>
  </MainActionPack>
  <Saved>true</Saved>
</Profile>