<?xml version="1.0"?>
<Profile xmlns:xsi="http://www.w3.org/2001/XMLSchema-instance" xmlns:xsd="http://www.w3.org/2001/XMLSchema">
  <Vendors>
    <NPCInfos>
      <DisplayName>Supply Master</DisplayName>
      <Position>
        <X>51</X>
        <Y>1130.00049</Y>
        <Z>34.50708</Z>
      </Position>
      <CostumeName />
      <MapName>Az_Ee_Bdr</MapName>
      <RegionName />
    </NPCInfos>
    <NPCInfos>
      <DisplayName>Supply Master</DisplayName>
      <Position>
        <X>551.043457</X>
        <Y>729.000244</Y>
        <Z>78.16504</Z>
      </Position>
      <CostumeName />
      <MapName>Az_Ee_Bdr</MapName>
      <RegionName />
    </NPCInfos>
    <NPCInfos>
      <DisplayName>Trader</DisplayName>
      <Position>
        <X>830.616943</X>
        <Y>242.629883</Y>
        <Z>18.5927734</Z>
      </Position>
      <CostumeName />
      <MapName>Az_Ee_Bdr</MapName>
      <RegionName />
    </NPCInfos>
  </Vendors>
  <BlackList />
  <KillRadius>20</KillRadius>
  <CustomRegions>
    <CustomRegion>
      <Name>InnCrown</Name>
      <Position>
        <X>546</X>
        <Y>18</Y>
        <Z>0</Z>
      </Position>
      <Width>120</Width>
      <Height>-109</Height>
    </CustomRegion>
  </CustomRegions>
  <UseExternalMeshFile>false</UseExternalMeshFile>
  <ExternalMeshFileName />
  <DisablePet>false</DisablePet>
  <FollowerDistance>10</FollowerDistance>
  <DisableFollow>false</DisableFollow>
  <MainActionPack>
    <ActionID>de37bd3b-7132-4444-b81d-42b33be9d87c</ActionID>
    <OverrideName>Weapons of Water</OverrideName>
    <Sound>
      <SoundName />
      <Trigger>OnActionCompleted</Trigger>
    </Sound>
    <Disabled>false</Disabled>
    <PlayWhileConditionsAreOk>false</PlayWhileConditionsAreOk>
    <PlayWhileUnSuccess>true</PlayWhileUnSuccess>
    <AssociateMission />
    <Loop>false</Loop>
    <MaxRunningTime>0</MaxRunningTime>
    <OnlyOneConditionMustBeGood>false</OnlyOneConditionMustBeGood>
    <OnlyDoneByServer>false</OnlyDoneByServer>
    <Conditions />
    <HotSpots />
    <Actions>
      <Action xsi:type="ActionPack">
        <ActionID>3c1463d2-7c2e-4514-812e-fdb9fe1a48b5</ActionID>
        <OverrideName>PickUp</OverrideName>
        <Sound>
          <SoundName />
          <Trigger>OnActionCompleted</Trigger>
        </Sound>
        <Disabled>false</Disabled>
        <PlayWhileConditionsAreOk>true</PlayWhileConditionsAreOk>
        <PlayWhileUnSuccess>true</PlayWhileUnSuccess>
        <AssociateMission />
        <Loop>false</Loop>
        <MaxRunningTime>0</MaxRunningTime>
        <OnlyOneConditionMustBeGood>false</OnlyOneConditionMustBeGood>
        <OnlyDoneByServer>false</OnlyDoneByServer>
        <Conditions>
          <Condition xsi:type="CurrentMap">
            <Locked>false</Locked>
            <Tested>Equal</Tested>
            <MapName>Neverwinter_Protectors_Enclave</MapName>
          </Condition>
        </Conditions>
        <HotSpots />
        <Actions>
          <Action xsi:type="PickUpMission">
            <ActionID>6e83765e-9ff6-4695-a37c-d2d6cc1e0ad5</ActionID>
            <OverrideName />
            <Sound>
              <SoundName />
              <Trigger>OnActionCompleted</Trigger>
            </Sound>
            <Disabled>false</Disabled>
            <PlayWhileConditionsAreOk>true</PlayWhileConditionsAreOk>
            <PlayWhileUnSuccess>true</PlayWhileUnSuccess>
            <AssociateMission />
            <Loop>false</Loop>
            <MaxRunningTime>0</MaxRunningTime>
            <OnlyOneConditionMustBeGood>false</OnlyOneConditionMustBeGood>
            <OnlyDoneByServer>false</OnlyDoneByServer>
            <Conditions>
              <Condition xsi:type="CurrentMap">
                <Locked>false</Locked>
                <Tested>Equal</Tested>
                <MapName>Neverwinter_Protectors_Enclave</MapName>
              </Condition>
              <Condition xsi:type="QuestInfo">
                <Locked>false</Locked>
                <QuestID>Str_Artifact_Essence_Weapon_Water</QuestID>
                <Tested>HaventQuest</Tested>
              </Condition>
            </Conditions>
            <HotSpots />
            <MissionId>Str_Artifact_Essence_Weapon_Water</MissionId>
            <SkipOnFail>false</SkipOnFail>
            <GiverId>Civilian_Nw_Pe</GiverId>
            <GiverPosition>
              <X>833.922852</X>
              <Y>517.891846</Y>
              <Z>32.4284668</Z>
            </GiverPosition>
          </Action>
          <Action xsi:type="ChangeMap">
            <ActionID>cdea514e-84b1-4d30-8346-5416956cb6f4</ActionID>
            <OverrideName />
            <Sound>
              <SoundName />
              <Trigger>OnActionCompleted</Trigger>
            </Sound>
            <Disabled>false</Disabled>
            <PlayWhileConditionsAreOk>true</PlayWhileConditionsAreOk>
            <PlayWhileUnSuccess>true</PlayWhileUnSuccess>
            <AssociateMission />
            <Loop>false</Loop>
            <MaxRunningTime>0</MaxRunningTime>
            <OnlyOneConditionMustBeGood>false</OnlyOneConditionMustBeGood>
            <OnlyDoneByServer>false</OnlyDoneByServer>
            <Conditions>
              <Condition xsi:type="CurrentMap">
                <Locked>false</Locked>
                <Tested>Equal</Tested>
                <MapName>Neverwinter_Protectors_Enclave</MapName>
              </Condition>
            </Conditions>
            <HotSpots />
            <NodePosition>
              <X>1202.96436</X>
              <Y>478.092773</Y>
              <Z>25.3878021</Z>
            </NodePosition>
            <MapName>Az_Ee_Bdr</MapName>
            <SecondMapName />
            <DisableVIPTravel>false</DisableVIPTravel>
            <NodeCategory>Door</NodeCategory>
          </Action>
        </Actions>
        <SimultaneousActions>false</SimultaneousActions>
      </Action>
      <Action xsi:type="ActionPack">
        <ActionID>309e5a83-b328-4536-af72-2ca1ac19701c</ActionID>
        <OverrideName />
        <Sound>
          <SoundName />
          <Trigger>OnActionCompleted</Trigger>
        </Sound>
        <Disabled>false</Disabled>
        <PlayWhileConditionsAreOk>true</PlayWhileConditionsAreOk>
        <PlayWhileUnSuccess>true</PlayWhileUnSuccess>
        <AssociateMission>Str_Artifact_Essence_Weapon_Water/Collect_Motes</AssociateMission>
        <Loop>true</Loop>
        <MaxRunningTime>0</MaxRunningTime>
        <OnlyOneConditionMustBeGood>false</OnlyOneConditionMustBeGood>
        <OnlyDoneByServer>false</OnlyDoneByServer>
        <Conditions>
          <Condition xsi:type="QuestInfo">
            <Locked>false</Locked>
            <QuestID>Str_Artifact_Essence_Weapon_Water</QuestID>
            <Tested>InProgress</Tested>
          </Condition>
        </Conditions>
        <HotSpots />
        <Actions>
          <Action xsi:type="ActionPack">
            <ActionID>5b3ba6fd-bbb9-4bea-91df-313737d91c1c</ActionID>
            <OverrideName />
            <Sound>
              <SoundName />
              <Trigger>OnActionCompleted</Trigger>
            </Sound>
            <Disabled>false</Disabled>
            <PlayWhileConditionsAreOk>false</PlayWhileConditionsAreOk>
            <PlayWhileUnSuccess>true</PlayWhileUnSuccess>
            <AssociateMission>Az_Ee_Bdr_Crab_Swarm_He_Class_A</AssociateMission>
            <Loop>false</Loop>
            <MaxRunningTime>0</MaxRunningTime>
            <OnlyOneConditionMustBeGood>false</OnlyOneConditionMustBeGood>
            <OnlyDoneByServer>false</OnlyDoneByServer>
            <Conditions>
              <Condition xsi:type="QuestInfo">
                <Locked>false</Locked>
                <QuestID>Az_Ee_Bdr_Crab_Swarm_He_Class_A</QuestID>
                <Tested>InProgress</Tested>
              </Condition>
            </Conditions>
            <HotSpots />
            <Actions>
              <Action xsi:type="Grind">
                <ActionID>6d363ec0-3a46-48de-88bf-46ef1e14a5c5</ActionID>
                <OverrideName />
                <Sound>
                  <SoundName />
                  <Trigger>OnActionCompleted</Trigger>
                </Sound>
                <Disabled>false</Disabled>
                <PlayWhileConditionsAreOk>true</PlayWhileConditionsAreOk>
                <PlayWhileUnSuccess>true</PlayWhileUnSuccess>
                <AssociateMission>Az_Ee_Bdr_Crab_Swarm_He_Class_A/Rescue_Timer/Rescue_Fishermen</AssociateMission>
                <Loop>false</Loop>
                <MaxRunningTime>0</MaxRunningTime>
                <OnlyOneConditionMustBeGood>false</OnlyOneConditionMustBeGood>
                <OnlyDoneByServer>false</OnlyDoneByServer>
                <Conditions>
                  <Condition xsi:type="QuestInfo">
                    <Locked>false</Locked>
                    <QuestID>Az_Ee_Bdr_Crab_Swarm_He_Class_A/Rescue_Timer/Rescue_Fishermen</QuestID>
                    <Tested>InProgress</Tested>
                  </Condition>
                </Conditions>
                <HotSpots>
                  <Vector3>
                    <X>-908.1815</X>
                    <Y>652.985657</Y>
                    <Z>-36.56386</Z>
                  </Vector3>
                  <Vector3>
                    <X>-982.685364</X>
                    <Y>717.3827</Y>
                    <Z>-36.38031</Z>
                  </Vector3>
                  <Vector3>
                    <X>-919.3162</X>
                    <Y>519.9442</Y>
                    <Z>-34.9280853</Z>
                  </Vector3>
                  <Vector3>
                    <X>-901.681</X>
                    <Y>626.9318</Y>
                    <Z>-38.04283</Z>
                  </Vector3>
                  <Vector3>
                    <X>-908.3047</X>
                    <Y>686.9373</Y>
                    <Z>-33.41513</Z>
                  </Vector3>
                  <Vector3>
                    <X>-1016.84753</X>
                    <Y>655.783264</Y>
                    <Z>-34.5982437</Z>
                  </Vector3>
                  <Vector3>
                    <X>-1059.19019</X>
                    <Y>599.2703</Y>
                    <Z>-34.5713463</Z>
                  </Vector3>
                  <Vector3>
                    <X>-1033.31482</X>
                    <Y>483.812744</Y>
                    <Z>-32.92372</Z>
                  </Vector3>
                  <Vector3>
                    <X>-976.9604</X>
                    <Y>444.578827</Y>
                    <Z>-34.75363</Z>
                  </Vector3>
                  <Vector3>
                    <X>-978.6501</X>
                    <Y>585.5199</Y>
                    <Z>-34.2825279</Z>
                  </Vector3>
                </HotSpots>
              </Action>
              <Action xsi:type="WaitTimer">
                <ActionID>92340c0f-6ddf-4f7a-a2d1-3505f57fc410</ActionID>
                <OverrideName />
                <Sound>
                  <SoundName />
                  <Trigger>OnActionCompleted</Trigger>
                </Sound>
                <Disabled>false</Disabled>
                <PlayWhileConditionsAreOk>false</PlayWhileConditionsAreOk>
                <PlayWhileUnSuccess>true</PlayWhileUnSuccess>
                <AssociateMission />
                <Loop>false</Loop>
                <MaxRunningTime>0</MaxRunningTime>
                <OnlyOneConditionMustBeGood>false</OnlyOneConditionMustBeGood>
                <OnlyDoneByServer>false</OnlyDoneByServer>
                <Conditions />
                <HotSpots />
                <WaitTimeMs>10000</WaitTimeMs>
              </Action>
              <Action xsi:type="Grind">
                <ActionID>39c8166a-015f-41c2-bc77-20afcd9f70f9</ActionID>
                <OverrideName />
                <Sound>
                  <SoundName />
                  <Trigger>OnActionCompleted</Trigger>
                </Sound>
                <Disabled>false</Disabled>
                <PlayWhileConditionsAreOk>true</PlayWhileConditionsAreOk>
                <PlayWhileUnSuccess>true</PlayWhileUnSuccess>
                <AssociateMission>Az_Ee_Bdr_Crab_Swarm_He_Class_A/Rescue_Timer/Kil_Giant_Crab</AssociateMission>
                <Loop>false</Loop>
                <MaxRunningTime>0</MaxRunningTime>
                <OnlyOneConditionMustBeGood>false</OnlyOneConditionMustBeGood>
                <OnlyDoneByServer>false</OnlyDoneByServer>
                <Conditions>
                  <Condition xsi:type="QuestInfo">
                    <Locked>false</Locked>
                    <QuestID>Az_Ee_Bdr_Crab_Swarm_He_Class_A/Rescue_Timer/Kil_Giant_Crab</QuestID>
                    <Tested>InProgress</Tested>
                  </Condition>
                </Conditions>
                <HotSpots>
                  <Vector3>
                    <X>-975.0394</X>
                    <Y>565.7554</Y>
                    <Z>-34.99085</Z>
                  </Vector3>
                  <Vector3>
                    <X>-900.9719</X>
                    <Y>590.5841</Y>
                    <Z>-36.50596</Z>
                  </Vector3>
                  <Vector3>
                    <X>-988.836</X>
                    <Y>602.5527</Y>
                    <Z>-35.3040657</Z>
                  </Vector3>
                  <Vector3>
                    <X>-913.1925</X>
                    <Y>551.4855</Y>
                    <Z>-34.87993</Z>
                  </Vector3>
                  <Vector3>
                    <X>-1017.32477</X>
                    <Y>567.415833</Y>
                    <Z>-36.18859</Z>
                  </Vector3>
                  <Vector3>
                    <X>-1027.47168</X>
                    <Y>504.562622</Y>
                    <Z>-35.0520325</Z>
                  </Vector3>
                  <Vector3>
                    <X>-1000.91321</X>
                    <Y>580.849365</Y>
                    <Z>-37.05968</Z>
                  </Vector3>
                </HotSpots>
              </Action>
              <Action xsi:type="ChangeInstance">
                <ActionID>7571107b-aa16-4b9e-a64b-df9c378bf0e0</ActionID>
                <OverrideName />
                <Sound>
                  <SoundName />
                  <Trigger>OnActionCompleted</Trigger>
                </Sound>
                <Disabled>false</Disabled>
                <PlayWhileConditionsAreOk>false</PlayWhileConditionsAreOk>
                <PlayWhileUnSuccess>true</PlayWhileUnSuccess>
                <AssociateMission />
                <Loop>false</Loop>
                <MaxRunningTime>0</MaxRunningTime>
                <OnlyOneConditionMustBeGood>false</OnlyOneConditionMustBeGood>
                <OnlyDoneByServer>false</OnlyDoneByServer>
                <Conditions>
                  <Condition xsi:type="QuestInfo">
                    <Locked>false</Locked>
                    <QuestID />
                    <Tested>HaveQuest</Tested>
                  </Condition>
                </Conditions>
                <HotSpots />
                <ChangeType>LargestPopulation</ChangeType>
              </Action>
            </Actions>
            <SimultaneousActions>false</SimultaneousActions>
          </Action>
          <Action xsi:type="ActionPack">
            <ActionID>11e3a9a4-31a4-44ea-a06c-eb5f4c0882d8</ActionID>
            <OverrideName />
            <Sound>
              <SoundName />
              <Trigger>OnActionCompleted</Trigger>
            </Sound>
            <Disabled>false</Disabled>
            <PlayWhileConditionsAreOk>true</PlayWhileConditionsAreOk>
            <PlayWhileUnSuccess>true</PlayWhileUnSuccess>
            <AssociateMission>Az_Ee_Elf_Abduction_Class_C</AssociateMission>
            <Loop>false</Loop>
            <MaxRunningTime>0</MaxRunningTime>
            <OnlyOneConditionMustBeGood>false</OnlyOneConditionMustBeGood>
            <OnlyDoneByServer>false</OnlyDoneByServer>
            <Conditions>
              <Condition xsi:type="QuestInfo">
                <Locked>false</Locked>
                <QuestID>Az_Ee_Elf_Abduction_Class_C</QuestID>
                <Tested>InProgress</Tested>
              </Condition>
            </Conditions>
            <HotSpots />
            <Actions>
              <Action xsi:type="Grind">
                <ActionID>9b7c2a09-fa97-4b99-b8f1-9e033d87b769</ActionID>
                <OverrideName />
                <Sound>
                  <SoundName />
                  <Trigger>OnActionCompleted</Trigger>
                </Sound>
                <Disabled>false</Disabled>
                <PlayWhileConditionsAreOk>false</PlayWhileConditionsAreOk>
                <PlayWhileUnSuccess>true</PlayWhileUnSuccess>
                <AssociateMission>Az_Ee_Elf_Abduction_Class_C/Stop_Abduction/Defeat_Cultists</AssociateMission>
                <Loop>false</Loop>
                <MaxRunningTime>0</MaxRunningTime>
                <OnlyOneConditionMustBeGood>false</OnlyOneConditionMustBeGood>
                <OnlyDoneByServer>false</OnlyDoneByServer>
                <Conditions>
                  <Condition xsi:type="QuestInfo">
                    <Locked>false</Locked>
                    <QuestID>Az_Ee_Elf_Abduction_Class_C/Stop_Abduction/Defeat_Cultists</QuestID>
                    <Tested>InProgress</Tested>
                  </Condition>
                </Conditions>
                <HotSpots>
                  <Vector3>
                    <X>-605.0506</X>
                    <Y>167.646942</Y>
                    <Z>-35.21423</Z>
                  </Vector3>
                  <Vector3>
                    <X>-566.586731</X>
                    <Y>99.4934</Y>
                    <Z>-34.6342354</Z>
                  </Vector3>
                  <Vector3>
                    <X>-518.777832</X>
                    <Y>119.589989</Y>
                    <Z>-25.6531868</Z>
                  </Vector3>
                  <Vector3>
                    <X>-586.451538</X>
                    <Y>97.62968</Y>
                    <Z>-34.48721</Z>
                  </Vector3>
                </HotSpots>
              </Action>
              <Action xsi:type="InteractSpecificNPC">
                <ActionID>21554dc1-52b3-4c49-babc-0e4e123e63c0</ActionID>
                <OverrideName />
                <Sound>
                  <SoundName />
                  <Trigger>OnActionCompleted</Trigger>
                </Sound>
                <Disabled>false</Disabled>
                <PlayWhileConditionsAreOk>false</PlayWhileConditionsAreOk>
                <PlayWhileUnSuccess>true</PlayWhileUnSuccess>
                <AssociateMission>Az_Ee_Elf_Abduction_Class_C/Stop_Abduction/Rescue_Elves</AssociateMission>
                <Loop>false</Loop>
                <MaxRunningTime>0</MaxRunningTime>
                <OnlyOneConditionMustBeGood>false</OnlyOneConditionMustBeGood>
                <OnlyDoneByServer>false</OnlyDoneByServer>
                <Conditions>
                  <Condition xsi:type="QuestInfo">
                    <Locked>false</Locked>
                    <QuestID>Az_Ee_Elf_Abduction_Class_C/Stop_Abduction/Rescue_Elves</QuestID>
                    <Tested>InProgress</Tested>
                  </Condition>
                </Conditions>
                <HotSpots />
                <NPCCostume />
                <Dialogs />
                <DisplayName>Aquatic Elf</DisplayName>
                <Position>
                  <X>-517.6045</X>
                  <Y>120.062744</Y>
                  <Z>-25.6022949</Z>
                </Position>
                <InteractTime>4000</InteractTime>
                <Tolerance>1</Tolerance>
              </Action>
              <Action xsi:type="InteractSpecificNPC">
                <ActionID>117765e2-accd-4ef6-977c-4997b6ac3e9c</ActionID>
                <OverrideName />
                <Sound>
                  <SoundName />
                  <Trigger>OnActionCompleted</Trigger>
                </Sound>
                <Disabled>false</Disabled>
                <PlayWhileConditionsAreOk>false</PlayWhileConditionsAreOk>
                <PlayWhileUnSuccess>true</PlayWhileUnSuccess>
                <AssociateMission>Az_Ee_Elf_Abduction_Class_C/Stop_Abduction/Rescue_Elves</AssociateMission>
                <Loop>false</Loop>
                <MaxRunningTime>0</MaxRunningTime>
                <OnlyOneConditionMustBeGood>false</OnlyOneConditionMustBeGood>
                <OnlyDoneByServer>false</OnlyDoneByServer>
                <Conditions>
                  <Condition xsi:type="QuestInfo">
                    <Locked>false</Locked>
                    <QuestID>Az_Ee_Elf_Abduction_Class_C/Stop_Abduction/Rescue_Elves</QuestID>
                    <Tested>InProgress</Tested>
                  </Condition>
                </Conditions>
                <HotSpots />
                <NPCCostume />
                <Dialogs />
                <DisplayName>Aquatic Elf</DisplayName>
                <Position>
                  <X>-565.6045</X>
                  <Y>96.0627441</Y>
                  <Z>-34.513916</Z>
                </Position>
                <InteractTime>4000</InteractTime>
                <Tolerance>1</Tolerance>
              </Action>
              <Action xsi:type="InteractSpecificNPC">
                <ActionID>c285fbfa-04e6-4065-86ff-035b3a64556d</ActionID>
                <OverrideName />
                <Sound>
                  <SoundName />
                  <Trigger>OnActionCompleted</Trigger>
                </Sound>
                <Disabled>false</Disabled>
                <PlayWhileConditionsAreOk>false</PlayWhileConditionsAreOk>
                <PlayWhileUnSuccess>true</PlayWhileUnSuccess>
                <AssociateMission>Az_Ee_Elf_Abduction_Class_C/Stop_Abduction/Rescue_Elves</AssociateMission>
                <Loop>false</Loop>
                <MaxRunningTime>0</MaxRunningTime>
                <OnlyOneConditionMustBeGood>false</OnlyOneConditionMustBeGood>
                <OnlyDoneByServer>false</OnlyDoneByServer>
                <Conditions>
                  <Condition xsi:type="QuestInfo">
                    <Locked>false</Locked>
                    <QuestID>Az_Ee_Elf_Abduction_Class_C/Stop_Abduction/Rescue_Elves</QuestID>
                    <Tested>InProgress</Tested>
                  </Condition>
                </Conditions>
                <HotSpots />
                <NPCCostume />
                <Dialogs />
                <DisplayName>Aquatic Elf</DisplayName>
                <Position>
                  <X>-589.025146</X>
                  <Y>99.69507</Y>
                  <Z>-34.5085449</Z>
                </Position>
                <InteractTime>4000</InteractTime>
                <Tolerance>1</Tolerance>
              </Action>
              <Action xsi:type="InteractSpecificNPC">
                <ActionID>ee47069b-a1bb-4b1b-87ad-6b3fc715e9db</ActionID>
                <OverrideName />
                <Sound>
                  <SoundName />
                  <Trigger>OnActionCompleted</Trigger>
                </Sound>
                <Disabled>false</Disabled>
                <PlayWhileConditionsAreOk>false</PlayWhileConditionsAreOk>
                <PlayWhileUnSuccess>true</PlayWhileUnSuccess>
                <AssociateMission>Az_Ee_Elf_Abduction_Class_C/Stop_Abduction/Rescue_Elves</AssociateMission>
                <Loop>false</Loop>
                <MaxRunningTime>0</MaxRunningTime>
                <OnlyOneConditionMustBeGood>false</OnlyOneConditionMustBeGood>
                <OnlyDoneByServer>false</OnlyDoneByServer>
                <Conditions>
                  <Condition xsi:type="QuestInfo">
                    <Locked>false</Locked>
                    <QuestID>Az_Ee_Elf_Abduction_Class_C/Stop_Abduction/Rescue_Elves</QuestID>
                    <Tested>InProgress</Tested>
                  </Condition>
                </Conditions>
                <HotSpots />
                <NPCCostume />
                <Dialogs />
                <DisplayName>Aquatic Elf</DisplayName>
                <Position>
                  <X>-607.6045</X>
                  <Y>171.062744</Y>
                  <Z>-35.27295</Z>
                </Position>
                <InteractTime>4000</InteractTime>
                <Tolerance>1</Tolerance>
              </Action>
            </Actions>
            <SimultaneousActions>true</SimultaneousActions>
          </Action>
          <Action xsi:type="ActionPack">
            <ActionID>0c3e0153-ad5f-4ee4-ac9b-91b255e71888</ActionID>
            <OverrideName />
            <Sound>
              <SoundName />
              <Trigger>OnActionCompleted</Trigger>
            </Sound>
            <Disabled>false</Disabled>
            <PlayWhileConditionsAreOk>true</PlayWhileConditionsAreOk>
            <PlayWhileUnSuccess>true</PlayWhileUnSuccess>
            <AssociateMission>Az_Ee_Bdr_Traveling_Merchants_He_C_1</AssociateMission>
            <Loop>false</Loop>
            <MaxRunningTime>0</MaxRunningTime>
            <OnlyOneConditionMustBeGood>false</OnlyOneConditionMustBeGood>
            <OnlyDoneByServer>false</OnlyDoneByServer>
            <Conditions>
              <Condition xsi:type="QuestInfo">
                <Locked>false</Locked>
                <QuestID>Az_Ee_Bdr_Traveling_Merchants_He_C_1</QuestID>
                <Tested>InProgress</Tested>
              </Condition>
            </Conditions>
            <HotSpots />
            <Actions>
              <Action xsi:type="Grind">
                <ActionID>bd0f5a10-0c00-40d1-a6da-79dba4622c8f</ActionID>
                <OverrideName />
                <Sound>
                  <SoundName />
                  <Trigger>OnActionCompleted</Trigger>
                </Sound>
                <Disabled>false</Disabled>
                <PlayWhileConditionsAreOk>false</PlayWhileConditionsAreOk>
                <PlayWhileUnSuccess>true</PlayWhileUnSuccess>
                <AssociateMission>Az_Ee_Bdr_Traveling_Merchants_He_C_1</AssociateMission>
                <Loop>false</Loop>
                <MaxRunningTime>0</MaxRunningTime>
                <OnlyOneConditionMustBeGood>false</OnlyOneConditionMustBeGood>
                <OnlyDoneByServer>false</OnlyDoneByServer>
                <Conditions>
                  <Condition xsi:type="QuestInfo">
                    <Locked>false</Locked>
                    <QuestID>Az_Ee_Bdr_Traveling_Merchants_He_C_1</QuestID>
                    <Tested>InProgress</Tested>
                  </Condition>
                </Conditions>
                <HotSpots>
                  <Vector3>
                    <X>784.2361</X>
                    <Y>608.218262</Y>
                    <Z>39.7163</Z>
                  </Vector3>
                  <Vector3>
                    <X>836.636</X>
                    <Y>645.6677</Y>
                    <Z>39.61746</Z>
                  </Vector3>
                  <Vector3>
                    <X>861.7429</X>
                    <Y>666.6747</Y>
                    <Z>38.96106</Z>
                  </Vector3>
                </HotSpots>
              </Action>
            </Actions>
            <SimultaneousActions>false</SimultaneousActions>
          </Action>
          <Action xsi:type="ActionPack">
            <ActionID>39f5ee7b-be3f-46a0-93ec-9165a9d390de</ActionID>
            <OverrideName />
            <Sound>
              <SoundName />
              <Trigger>OnActionCompleted</Trigger>
            </Sound>
            <Disabled>false</Disabled>
            <PlayWhileConditionsAreOk>true</PlayWhileConditionsAreOk>
            <PlayWhileUnSuccess>true</PlayWhileUnSuccess>
            <AssociateMission>Az_Ee_Cult_Marauders_Class_C</AssociateMission>
            <Loop>false</Loop>
            <MaxRunningTime>0</MaxRunningTime>
            <OnlyOneConditionMustBeGood>false</OnlyOneConditionMustBeGood>
            <OnlyDoneByServer>false</OnlyDoneByServer>
            <Conditions>
              <Condition xsi:type="QuestInfo">
                <Locked>false</Locked>
                <QuestID>Az_Ee_Cult_Marauders_Class_C</QuestID>
                <Tested>InProgress</Tested>
              </Condition>
            </Conditions>
            <HotSpots />
            <Actions>
              <Action xsi:type="Grind">
                <ActionID>32726488-9297-4a18-9006-c91e746a6c44</ActionID>
                <OverrideName />
                <Sound>
                  <SoundName />
                  <Trigger>OnActionCompleted</Trigger>
                </Sound>
                <Disabled>false</Disabled>
                <PlayWhileConditionsAreOk>false</PlayWhileConditionsAreOk>
                <PlayWhileUnSuccess>true</PlayWhileUnSuccess>
                <AssociateMission>Az_Ee_Cult_Marauders_Class_C</AssociateMission>
                <Loop>false</Loop>
                <MaxRunningTime>0</MaxRunningTime>
                <OnlyOneConditionMustBeGood>false</OnlyOneConditionMustBeGood>
                <OnlyDoneByServer>false</OnlyDoneByServer>
                <Conditions>
                  <Condition xsi:type="QuestInfo">
                    <Locked>false</Locked>
                    <QuestID>Az_Ee_Cult_Marauders_Class_C</QuestID>
                    <Tested>InProgress</Tested>
                  </Condition>
                </Conditions>
                <HotSpots>
                  <Vector3>
                    <X>595.914246</X>
                    <Y>890.489746</Y>
                    <Z>14.9155579</Z>
                  </Vector3>
                  <Vector3>
                    <X>596.1021</X>
                    <Y>854.1482</Y>
                    <Z>16.61187</Z>
                  </Vector3>
                  <Vector3>
                    <X>622.9696</X>
                    <Y>908.282</Y>
                    <Z>16.7580757</Z>
                  </Vector3>
                </HotSpots>
              </Action>
            </Actions>
            <SimultaneousActions>true</SimultaneousActions>
          </Action>
          <Action xsi:type="ActionPack">
            <ActionID>4dbad17a-10f3-4c27-b26c-b4f521d41f75</ActionID>
            <OverrideName />
            <Sound>
              <SoundName />
              <Trigger>OnActionCompleted</Trigger>
            </Sound>
            <Disabled>false</Disabled>
            <PlayWhileConditionsAreOk>true</PlayWhileConditionsAreOk>
            <PlayWhileUnSuccess>true</PlayWhileUnSuccess>
            <AssociateMission>Az_Ee_Bdr_Ranger_Rescue_Class_C</AssociateMission>
            <Loop>false</Loop>
            <MaxRunningTime>0</MaxRunningTime>
            <OnlyOneConditionMustBeGood>false</OnlyOneConditionMustBeGood>
            <OnlyDoneByServer>false</OnlyDoneByServer>
            <Conditions>
              <Condition xsi:type="QuestInfo">
                <Locked>false</Locked>
                <QuestID>Az_Ee_Bdr_Ranger_Rescue_Class_C</QuestID>
                <Tested>InProgress</Tested>
              </Condition>
            </Conditions>
            <HotSpots />
            <Actions>
              <Action xsi:type="Grind">
                <ActionID>0227bde2-af9c-404e-ab46-1d4601f62b64</ActionID>
                <OverrideName />
                <Sound>
                  <SoundName />
                  <Trigger>OnActionCompleted</Trigger>
                </Sound>
                <Disabled>false</Disabled>
                <PlayWhileConditionsAreOk>true</PlayWhileConditionsAreOk>
                <PlayWhileUnSuccess>true</PlayWhileUnSuccess>
                <AssociateMission>Az_Ee_Bdr_Ranger_Rescue_Class_C/Rescue_Timer/Lizard_Folk_Captors</AssociateMission>
                <Loop>false</Loop>
                <MaxRunningTime>0</MaxRunningTime>
                <OnlyOneConditionMustBeGood>false</OnlyOneConditionMustBeGood>
                <OnlyDoneByServer>false</OnlyDoneByServer>
                <Conditions>
                  <Condition xsi:type="QuestInfo">
                    <Locked>false</Locked>
                    <QuestID>Az_Ee_Bdr_Ranger_Rescue_Class_C/Rescue_Timer/Lizard_Folk_Captors</QuestID>
                    <Tested>InProgress</Tested>
                  </Condition>
                </Conditions>
                <HotSpots>
                  <Vector3>
                    <X>108.552139</X>
                    <Y>888.452454</Y>
                    <Z>29.0194721</Z>
                  </Vector3>
                  <Vector3>
                    <X>183.707962</X>
                    <Y>867.105652</Y>
                    <Z>-10.1064644</Z>
                  </Vector3>
                  <Vector3>
                    <X>208.113922</X>
                    <Y>831.7455</Y>
                    <Z>-9.178032</Z>
                  </Vector3>
                  <Vector3>
                    <X>179.818054</X>
                    <Y>891.711853</Y>
                    <Z>-6.80824232</Z>
                  </Vector3>
                </HotSpots>
              </Action>
              <Action xsi:type="InteractNPC">
                <ActionID>b0c99a17-3624-474d-b9fa-b794ab25cb92</ActionID>
                <OverrideName />
                <Sound>
                  <SoundName />
                  <Trigger>OnActionCompleted</Trigger>
                </Sound>
                <Disabled>false</Disabled>
                <PlayWhileConditionsAreOk>true</PlayWhileConditionsAreOk>
                <PlayWhileUnSuccess>true</PlayWhileUnSuccess>
                <AssociateMission>Az_Ee_Bdr_Ranger_Rescue_Class_C/Rescue_Timer/Free_Ranger</AssociateMission>
                <Loop>false</Loop>
                <MaxRunningTime>0</MaxRunningTime>
                <OnlyOneConditionMustBeGood>false</OnlyOneConditionMustBeGood>
                <OnlyDoneByServer>false</OnlyDoneByServer>
                <Conditions>
                  <Condition xsi:type="QuestInfo">
                    <Locked>false</Locked>
                    <QuestID>Az_Ee_Bdr_Ranger_Rescue_Class_C/Rescue_Timer/Free_Ranger</QuestID>
                    <Tested>InProgress</Tested>
                  </Condition>
                </Conditions>
                <HotSpots>
                  <Vector3>
                    <X>185.463379</X>
                    <Y>883.237549</Y>
                    <Z>-9.892822</Z>
                  </Vector3>
                </HotSpots>
                <NPCCostume>Enclave_Ranger_Human_M_02</NPCCostume>
                <Dialogs />
                <OneInteractionByNpc>false</OneInteractionByNpc>
                <DisplayName>Devon Fletcher</DisplayName>
                <InteractTime>2000</InteractTime>
                <ReactionRange>60</ReactionRange>
              </Action>
              <Action xsi:type="WaitTimer">
                <ActionID>8942d863-23ea-40a5-869d-7d22425860e6</ActionID>
                <OverrideName />
                <Sound>
                  <SoundName />
                  <Trigger>OnActionCompleted</Trigger>
                </Sound>
                <Disabled>false</Disabled>
                <PlayWhileConditionsAreOk>false</PlayWhileConditionsAreOk>
                <PlayWhileUnSuccess>true</PlayWhileUnSuccess>
                <AssociateMission />
                <Loop>false</Loop>
                <MaxRunningTime>0</MaxRunningTime>
                <OnlyOneConditionMustBeGood>false</OnlyOneConditionMustBeGood>
                <OnlyDoneByServer>false</OnlyDoneByServer>
                <Conditions>
                  <Condition xsi:type="QuestInfo">
                    <Locked>false</Locked>
                    <QuestID>Az_Ee_Bdr_Ranger_Rescue_Class_C</QuestID>
                    <Tested>InProgress</Tested>
                  </Condition>
                </Conditions>
                <HotSpots />
                <WaitTimeMs>3000</WaitTimeMs>
              </Action>
              <Action xsi:type="Grind">
                <ActionID>1c3a3b92-21dc-45b4-8b82-8fbe44ed8186</ActionID>
                <OverrideName />
                <Sound>
                  <SoundName />
                  <Trigger>OnActionCompleted</Trigger>
                </Sound>
                <Disabled>false</Disabled>
                <PlayWhileConditionsAreOk>true</PlayWhileConditionsAreOk>
                <PlayWhileUnSuccess>true</PlayWhileUnSuccess>
                <AssociateMission>Az_Ee_Bdr_Ranger_Rescue_Class_C/Rescue_Timer/Kill_War_Chief</AssociateMission>
                <Loop>false</Loop>
                <MaxRunningTime>0</MaxRunningTime>
                <OnlyOneConditionMustBeGood>false</OnlyOneConditionMustBeGood>
                <OnlyDoneByServer>false</OnlyDoneByServer>
                <Conditions>
                  <Condition xsi:type="QuestInfo">
                    <Locked>false</Locked>
                    <QuestID>Az_Ee_Bdr_Ranger_Rescue_Class_C/Rescue_Timer/Kill_War_Chief</QuestID>
                    <Tested>InProgress</Tested>
                  </Condition>
                </Conditions>
                <HotSpots>
                  <Vector3>
                    <X>205.708191</X>
                    <Y>825.0572</Y>
                    <Z>-9.0468</Z>
                  </Vector3>
                </HotSpots>
              </Action>
            </Actions>
            <SimultaneousActions>false</SimultaneousActions>
          </Action>
          <Action xsi:type="ActionPack">
            <ActionID>7fce4a7b-2b11-4456-8653-a97a5784c700</ActionID>
            <OverrideName />
            <Sound>
              <SoundName />
              <Trigger>OnActionCompleted</Trigger>
            </Sound>
            <Disabled>false</Disabled>
            <PlayWhileConditionsAreOk>false</PlayWhileConditionsAreOk>
            <PlayWhileUnSuccess>true</PlayWhileUnSuccess>
            <AssociateMission>Az_Ee_Bdr_No_Room_At_The_Inn_Lobby_Class_C</AssociateMission>
            <Loop>false</Loop>
            <MaxRunningTime>0</MaxRunningTime>
            <OnlyOneConditionMustBeGood>false</OnlyOneConditionMustBeGood>
            <OnlyDoneByServer>false</OnlyDoneByServer>
            <Conditions>
              <Condition xsi:type="QuestInfo">
                <Locked>false</Locked>
                <QuestID>Az_Ee_Bdr_No_Room_At_The_Inn_Lobby_Class_C</QuestID>
                <Tested>InProgress</Tested>
              </Condition>
            </Conditions>
            <HotSpots />
            <Actions>
              <Action xsi:type="InteractSpecificNode">
                <ActionID>3a3a8568-cdb0-4003-8bd2-9fc48499093f</ActionID>
                <OverrideName />
                <Sound>
                  <SoundName />
                  <Trigger>OnActionCompleted</Trigger>
                </Sound>
                <Disabled>false</Disabled>
                <PlayWhileConditionsAreOk>true</PlayWhileConditionsAreOk>
                <PlayWhileUnSuccess>true</PlayWhileUnSuccess>
                <AssociateMission>Az_Ee_Bdr_No_Room_At_The_Inn_Lobby_Class_C</AssociateMission>
                <Loop>false</Loop>
                <MaxRunningTime>0</MaxRunningTime>
                <OnlyOneConditionMustBeGood>false</OnlyOneConditionMustBeGood>
                <OnlyDoneByServer>false</OnlyDoneByServer>
                <Conditions>
                  <Condition xsi:type="QuestInfo">
                    <Locked>false</Locked>
                    <QuestID>Az_Ee_Bdr_No_Room_At_The_Inn_Lobby_Class_C</QuestID>
                    <Tested>InProgress</Tested>
                  </Condition>
                  <Condition xsi:type="IsInCustomRegion">
                    <Locked>false</Locked>
                    <Tested>NotEquel</Tested>
                    <CustomRegionName>InnCrown</CustomRegionName>
                  </Condition>
                </Conditions>
                <HotSpots />
                <NodeCategory>Door</NodeCategory>
                <LocalizedName />
                <Dialogs />
                <InteractTime>4000</InteractTime>
                <Position>
                  <X>663.642151</X>
                  <Y>324.521484</Y>
                  <Z>19.5728416</Z>
                </Position>
                <RewardItemChoose />
                <SkipTimeout>0</SkipTimeout>
              </Action>
              <Action xsi:type="ActionPack">
                <ActionID>b5533b74-4c5c-420e-9723-0f169cd97c49</ActionID>
                <OverrideName />
                <Sound>
                  <SoundName />
                  <Trigger>OnActionCompleted</Trigger>
                </Sound>
                <Disabled>false</Disabled>
                <PlayWhileConditionsAreOk>true</PlayWhileConditionsAreOk>
                <PlayWhileUnSuccess>true</PlayWhileUnSuccess>
                <AssociateMission>Az_Ee_Bdr_No_Room_At_The_Inn_Lobby_Class_C</AssociateMission>
                <Loop>false</Loop>
                <MaxRunningTime>0</MaxRunningTime>
                <OnlyOneConditionMustBeGood>false</OnlyOneConditionMustBeGood>
                <OnlyDoneByServer>false</OnlyDoneByServer>
                <Conditions>
                  <Condition xsi:type="QuestInfo">
                    <Locked>false</Locked>
                    <QuestID>Az_Ee_Bdr_No_Room_At_The_Inn_Lobby_Class_C/Defeat_Mobs</QuestID>
                    <Tested>InProgress</Tested>
                  </Condition>
                  <Condition xsi:type="IsInCustomRegion">
                    <Locked>false</Locked>
                    <Tested>Equal</Tested>
                    <CustomRegionName>InnCrown</CustomRegionName>
                  </Condition>
                </Conditions>
                <HotSpots />
                <Actions>
                  <Action xsi:type="Grind">
                    <ActionID>3c180ed8-63ac-4cfa-a7e8-91c9da8f67c2</ActionID>
                    <OverrideName />
                    <Sound>
                      <SoundName />
                      <Trigger>OnActionCompleted</Trigger>
                    </Sound>
                    <Disabled>false</Disabled>
                    <PlayWhileConditionsAreOk>false</PlayWhileConditionsAreOk>
                    <PlayWhileUnSuccess>true</PlayWhileUnSuccess>
                    <AssociateMission>Az_Ee_Bdr_No_Room_At_The_Inn_Lobby_Class_C/Defeat_Mobs/Defeat_Humanoids/Defeat_Cultists</AssociateMission>
                    <Loop>false</Loop>
                    <MaxRunningTime>0</MaxRunningTime>
                    <OnlyOneConditionMustBeGood>false</OnlyOneConditionMustBeGood>
                    <OnlyDoneByServer>false</OnlyDoneByServer>
                    <Conditions>
                      <Condition xsi:type="QuestInfo">
                        <Locked>false</Locked>
                        <QuestID>Az_Ee_Bdr_No_Room_At_The_Inn_Lobby_Class_C/Defeat_Mobs/Defeat_Humanoids/Defeat_Cultists</QuestID>
                        <Tested>InProgress</Tested>
                      </Condition>
                    </Conditions>
                    <HotSpots>
                      <Vector3>
                        <X>613.260742</X>
                        <Y>-12.0169764</Y>
                        <Z>-1507.96326</Z>
                      </Vector3>
                      <Vector3>
                        <X>604.979553</X>
                        <Y>-54.54269</Y>
                        <Z>-1506.936</Z>
                      </Vector3>
                      <Vector3>
                        <X>584.2197</X>
                        <Y>-27.0311661</Y>
                        <Z>-1485.19714</Z>
                      </Vector3>
                      <Vector3>
                        <X>625.6695</X>
                        <Y>-12.6682224</Y>
                        <Z>-1485.46326</Z>
                      </Vector3>
                      <Vector3>
                        <X>629.3355</X>
                        <Y>-70.05516</Y>
                        <Z>-1530.46326</Z>
                      </Vector3>
                    </HotSpots>
                  </Action>
                  <Action xsi:type="InteractNPC">
                    <ActionID>6c78e308-fb19-4915-b073-d2e5cbac97de</ActionID>
                    <OverrideName />
                    <Sound>
                      <SoundName />
                      <Trigger>OnActionCompleted</Trigger>
                    </Sound>
                    <Disabled>false</Disabled>
                    <PlayWhileConditionsAreOk>false</PlayWhileConditionsAreOk>
                    <PlayWhileUnSuccess>true</PlayWhileUnSuccess>
                    <AssociateMission>Az_Ee_Bdr_No_Room_At_The_Inn_Lobby_Class_C/Defeat_Mobs/Defeat_Humanoids/Free_Travelers</AssociateMission>
                    <Loop>false</Loop>
                    <MaxRunningTime>0</MaxRunningTime>
                    <OnlyOneConditionMustBeGood>false</OnlyOneConditionMustBeGood>
                    <OnlyDoneByServer>false</OnlyDoneByServer>
                    <Conditions>
                      <Condition xsi:type="QuestInfo">
                        <Locked>false</Locked>
                        <QuestID>Az_Ee_Bdr_No_Room_At_The_Inn_Lobby_Class_C/Defeat_Mobs/Defeat_Humanoids/Free_Travelers</QuestID>
                        <Tested>InProgress</Tested>
                      </Condition>
                    </Conditions>
                    <HotSpots>
                      <Vector3>
                        <X>580.915039</X>
                        <Y>-28.3034668</Y>
                        <Z>-1485.197</Z>
                      </Vector3>
                    </HotSpots>
                    <NPCCostume />
                    <Dialogs />
                    <OneInteractionByNpc>false</OneInteractionByNpc>
                    <DisplayName>Traveler</DisplayName>
                    <InteractTime>4000</InteractTime>
                    <ReactionRange>60</ReactionRange>
                  </Action>
                  <Action xsi:type="InteractNPC">
                    <ActionID>4828bb24-bd1b-497d-8e59-b4e02346d85a</ActionID>
                    <OverrideName />
                    <Sound>
                      <SoundName />
                      <Trigger>OnActionCompleted</Trigger>
                    </Sound>
                    <Disabled>false</Disabled>
                    <PlayWhileConditionsAreOk>false</PlayWhileConditionsAreOk>
                    <PlayWhileUnSuccess>true</PlayWhileUnSuccess>
                    <AssociateMission>Az_Ee_Bdr_No_Room_At_The_Inn_Lobby_Class_C/Defeat_Mobs/Defeat_Humanoids/Free_Travelers</AssociateMission>
                    <Loop>false</Loop>
                    <MaxRunningTime>0</MaxRunningTime>
                    <OnlyOneConditionMustBeGood>false</OnlyOneConditionMustBeGood>
                    <OnlyDoneByServer>false</OnlyDoneByServer>
                    <Conditions>
                      <Condition xsi:type="QuestInfo">
                        <Locked>false</Locked>
                        <QuestID>Az_Ee_Bdr_No_Room_At_The_Inn_Lobby_Class_C/Defeat_Mobs/Defeat_Humanoids/Free_Travelers</QuestID>
                        <Tested>InProgress</Tested>
                      </Condition>
                    </Conditions>
                    <HotSpots>
                      <Vector3>
                        <X>634.671143</X>
                        <Y>-15.0126953</Y>
                        <Z>-1485.46313</Z>
                      </Vector3>
                    </HotSpots>
                    <NPCCostume />
                    <Dialogs />
                    <OneInteractionByNpc>false</OneInteractionByNpc>
                    <DisplayName>Traveler</DisplayName>
                    <InteractTime>4000</InteractTime>
                    <ReactionRange>60</ReactionRange>
                  </Action>
                  <Action xsi:type="InteractNPC">
                    <ActionID>852be9b1-2e5d-449f-9949-149f700586eb</ActionID>
                    <OverrideName />
                    <Sound>
                      <SoundName />
                      <Trigger>OnActionCompleted</Trigger>
                    </Sound>
                    <Disabled>false</Disabled>
                    <PlayWhileConditionsAreOk>false</PlayWhileConditionsAreOk>
                    <PlayWhileUnSuccess>true</PlayWhileUnSuccess>
                    <AssociateMission>Az_Ee_Bdr_No_Room_At_The_Inn_Lobby_Class_C/Defeat_Mobs/Defeat_Humanoids/Free_Travelers</AssociateMission>
                    <Loop>false</Loop>
                    <MaxRunningTime>0</MaxRunningTime>
                    <OnlyOneConditionMustBeGood>false</OnlyOneConditionMustBeGood>
                    <OnlyDoneByServer>false</OnlyDoneByServer>
                    <Conditions>
                      <Condition xsi:type="QuestInfo">
                        <Locked>false</Locked>
                        <QuestID>Az_Ee_Bdr_No_Room_At_The_Inn_Lobby_Class_C/Defeat_Mobs/Defeat_Humanoids/Free_Travelers</QuestID>
                        <Tested>InProgress</Tested>
                      </Condition>
                    </Conditions>
                    <HotSpots>
                      <Vector3>
                        <X>615.874</X>
                        <Y>-1.10693359</Y>
                        <Z>-1507.96313</Z>
                      </Vector3>
                    </HotSpots>
                    <NPCCostume />
                    <Dialogs />
                    <OneInteractionByNpc>false</OneInteractionByNpc>
                    <DisplayName>Traveler</DisplayName>
                    <InteractTime>4000</InteractTime>
                    <ReactionRange>60</ReactionRange>
                  </Action>
                  <Action xsi:type="InteractNPC">
                    <ActionID>84099464-1d45-4361-a10b-05bf05731d5a</ActionID>
                    <OverrideName />
                    <Sound>
                      <SoundName />
                      <Trigger>OnActionCompleted</Trigger>
                    </Sound>
                    <Disabled>false</Disabled>
                    <PlayWhileConditionsAreOk>false</PlayWhileConditionsAreOk>
                    <PlayWhileUnSuccess>true</PlayWhileUnSuccess>
                    <AssociateMission>Az_Ee_Bdr_No_Room_At_The_Inn_Lobby_Class_C/Defeat_Mobs/Defeat_Humanoids/Free_Travelers</AssociateMission>
                    <Loop>false</Loop>
                    <MaxRunningTime>0</MaxRunningTime>
                    <OnlyOneConditionMustBeGood>false</OnlyOneConditionMustBeGood>
                    <OnlyDoneByServer>false</OnlyDoneByServer>
                    <Conditions>
                      <Condition xsi:type="QuestInfo">
                        <Locked>false</Locked>
                        <QuestID>Az_Ee_Bdr_No_Room_At_The_Inn_Lobby_Class_C/Defeat_Mobs/Defeat_Humanoids/Free_Travelers</QuestID>
                        <Tested>InProgress</Tested>
                      </Condition>
                    </Conditions>
                    <HotSpots>
                      <Vector3>
                        <X>610.874</X>
                        <Y>-82.10693</Y>
                        <Z>-1530.46313</Z>
                      </Vector3>
                    </HotSpots>
                    <NPCCostume />
                    <Dialogs />
                    <OneInteractionByNpc>false</OneInteractionByNpc>
                    <DisplayName>Traveler</DisplayName>
                    <InteractTime>4000</InteractTime>
                    <ReactionRange>60</ReactionRange>
                  </Action>
                </Actions>
                <SimultaneousActions>true</SimultaneousActions>
              </Action>
              <Action xsi:type="InteractSpecificNode">
                <ActionID>16558ae4-56df-441e-87ef-0d89218d8b34</ActionID>
                <OverrideName />
                <Sound>
                  <SoundName />
                  <Trigger>OnActionCompleted</Trigger>
                </Sound>
                <Disabled>false</Disabled>
                <PlayWhileConditionsAreOk>true</PlayWhileConditionsAreOk>
                <PlayWhileUnSuccess>true</PlayWhileUnSuccess>
                <AssociateMission />
                <Loop>false</Loop>
                <MaxRunningTime>0</MaxRunningTime>
                <OnlyOneConditionMustBeGood>false</OnlyOneConditionMustBeGood>
                <OnlyDoneByServer>false</OnlyDoneByServer>
                <Conditions>
                  <Condition xsi:type="IsInCustomRegion">
                    <Locked>false</Locked>
                    <Tested>Equal</Tested>
                    <CustomRegionName>InnCrown</CustomRegionName>
                  </Condition>
                </Conditions>
                <HotSpots />
                <NodeCategory>Door</NodeCategory>
                <LocalizedName />
                <Dialogs />
                <InteractTime>4000</InteractTime>
                <Position>
                  <X>555.2145</X>
                  <Y>-37.9284019</Y>
                  <Z>-1501.36047</Z>
                </Position>
                <RewardItemChoose />
                <SkipTimeout>5000</SkipTimeout>
              </Action>
            </Actions>
            <SimultaneousActions>false</SimultaneousActions>
          </Action>
          <Action xsi:type="ActionPack">
            <ActionID>e82290c4-0cf8-4108-a961-b34d32e5974a</ActionID>
            <OverrideName />
            <Sound>
              <SoundName />
              <Trigger>OnActionCompleted</Trigger>
            </Sound>
            <Disabled>false</Disabled>
            <PlayWhileConditionsAreOk>true</PlayWhileConditionsAreOk>
            <PlayWhileUnSuccess>true</PlayWhileUnSuccess>
            <AssociateMission>Az_Ee_Fountain_Of_Fear_Class_B</AssociateMission>
            <Loop>false</Loop>
            <MaxRunningTime>0</MaxRunningTime>
            <OnlyOneConditionMustBeGood>false</OnlyOneConditionMustBeGood>
            <OnlyDoneByServer>false</OnlyDoneByServer>
            <Conditions>
              <Condition xsi:type="QuestInfo">
                <Locked>false</Locked>
                <QuestID>Az_Ee_Fountain_Of_Fear_Class_B</QuestID>
                <Tested>InProgress</Tested>
              </Condition>
            </Conditions>
            <HotSpots />
            <Actions>
              <Action xsi:type="Grind">
                <ActionID>0af5f410-50e4-4ee5-8632-b4078c896774</ActionID>
                <OverrideName />
                <Sound>
                  <SoundName />
                  <Trigger>OnActionCompleted</Trigger>
                </Sound>
                <Disabled>false</Disabled>
                <PlayWhileConditionsAreOk>false</PlayWhileConditionsAreOk>
                <PlayWhileUnSuccess>true</PlayWhileUnSuccess>
                <AssociateMission>Az_Ee_Fountain_Of_Fear_Class_B/Deactivate_The_Bowl/Defeat_Archons</AssociateMission>
                <Loop>false</Loop>
                <MaxRunningTime>0</MaxRunningTime>
                <OnlyOneConditionMustBeGood>false</OnlyOneConditionMustBeGood>
                <OnlyDoneByServer>false</OnlyDoneByServer>
                <Conditions>
                  <Condition xsi:type="QuestInfo">
                    <Locked>false</Locked>
                    <QuestID>Az_Ee_Fountain_Of_Fear_Class_B/Deactivate_The_Bowl/Defeat_Archons</QuestID>
                    <Tested>InProgress</Tested>
                  </Condition>
                </Conditions>
                <HotSpots>
                  <Vector3>
                    <X>-899.571533</X>
                    <Y>848.1671</Y>
                    <Z>-36.70083</Z>
                  </Vector3>
                  <Vector3>
                    <X>-967.059448</X>
                    <Y>779.5225</Y>
                    <Z>-36.48125</Z>
                  </Vector3>
                  <Vector3>
                    <X>-839.3287</X>
                    <Y>807.00946</Y>
                    <Z>-35.87511</Z>
                  </Vector3>
                  <Vector3>
                    <X>-887.714355</X>
                    <Y>783.5593</Y>
                    <Z>-37.8001366</Z>
                  </Vector3>
                </HotSpots>
              </Action>
              <Action xsi:type="Grind">
                <ActionID>2a93daef-9c65-406b-b7ac-c7f7b7fdb283</ActionID>
                <OverrideName />
                <Sound>
                  <SoundName />
                  <Trigger>OnActionCompleted</Trigger>
                </Sound>
                <Disabled>false</Disabled>
                <PlayWhileConditionsAreOk>false</PlayWhileConditionsAreOk>
                <PlayWhileUnSuccess>true</PlayWhileUnSuccess>
                <AssociateMission>Az_Ee_Fountain_Of_Fear_Class_B/Deactivate_The_Bowl/Defend_Waves/Wave_1</AssociateMission>
                <Loop>false</Loop>
                <MaxRunningTime>0</MaxRunningTime>
                <OnlyOneConditionMustBeGood>false</OnlyOneConditionMustBeGood>
                <OnlyDoneByServer>false</OnlyDoneByServer>
                <Conditions />
                <HotSpots>
                  <Vector3>
                    <X>-943.464844</X>
                    <Y>755.774963</Y>
                    <Z>-35.50376</Z>
                  </Vector3>
                  <Vector3>
                    <X>-925.134949</X>
                    <Y>800.527161</Y>
                    <Z>-33.19422</Z>
                  </Vector3>
                  <Vector3>
                    <X>-924.696</X>
                    <Y>830.876831</Y>
                    <Z>-33.6051674</Z>
                  </Vector3>
                  <Vector3>
                    <X>-890.534668</X>
                    <Y>775.361633</Y>
                    <Z>-37.9000664</Z>
                  </Vector3>
                </HotSpots>
              </Action>
              <Action xsi:type="Grind">
                <ActionID>dd11a8e0-41d9-4612-b073-2eeeed148b87</ActionID>
                <OverrideName />
                <Sound>
                  <SoundName />
                  <Trigger>OnActionCompleted</Trigger>
                </Sound>
                <Disabled>false</Disabled>
                <PlayWhileConditionsAreOk>false</PlayWhileConditionsAreOk>
                <PlayWhileUnSuccess>true</PlayWhileUnSuccess>
                <AssociateMission>Az_Ee_Fountain_Of_Fear_Class_B/Deactivate_The_Bowl/Defend_Waves/Wave_2</AssociateMission>
                <Loop>false</Loop>
                <MaxRunningTime>0</MaxRunningTime>
                <OnlyOneConditionMustBeGood>false</OnlyOneConditionMustBeGood>
                <OnlyDoneByServer>false</OnlyDoneByServer>
                <Conditions />
                <HotSpots>
                  <Vector3>
                    <X>-861.072144</X>
                    <Y>801.7327</Y>
                    <Z>-38.0666351</Z>
                  </Vector3>
                </HotSpots>
              </Action>
              <Action xsi:type="Grind">
                <ActionID>580c1ecf-3271-4d04-9628-ed594bb41068</ActionID>
                <OverrideName />
                <Sound>
                  <SoundName />
                  <Trigger>OnActionCompleted</Trigger>
                </Sound>
                <Disabled>false</Disabled>
                <PlayWhileConditionsAreOk>false</PlayWhileConditionsAreOk>
                <PlayWhileUnSuccess>true</PlayWhileUnSuccess>
                <AssociateMission>Az_Ee_Fountain_Of_Fear_Class_B/Deactivate_The_Bowl/Defend_Waves/Wave_3</AssociateMission>
                <Loop>false</Loop>
                <MaxRunningTime>0</MaxRunningTime>
                <OnlyOneConditionMustBeGood>false</OnlyOneConditionMustBeGood>
                <OnlyDoneByServer>false</OnlyDoneByServer>
                <Conditions />
                <HotSpots>
                  <Vector3>
                    <X>-941.586731</X>
                    <Y>810.850769</Y>
                    <Z>-34.7827339</Z>
                  </Vector3>
                </HotSpots>
              </Action>
            </Actions>
            <SimultaneousActions>false</SimultaneousActions>
          </Action>
          <Action xsi:type="ActionPack">
            <ActionID>f23c23f7-68ac-4ba4-b2e1-f71162082643</ActionID>
            <OverrideName />
            <Sound>
              <SoundName />
              <Trigger>OnActionCompleted</Trigger>
            </Sound>
            <Disabled>false</Disabled>
            <PlayWhileConditionsAreOk>true</PlayWhileConditionsAreOk>
            <PlayWhileUnSuccess>true</PlayWhileUnSuccess>
            <AssociateMission>Az_Ee_Bdr_Blackdagger_Blast_Class_B</AssociateMission>
            <Loop>false</Loop>
            <MaxRunningTime>0</MaxRunningTime>
            <OnlyOneConditionMustBeGood>false</OnlyOneConditionMustBeGood>
            <OnlyDoneByServer>false</OnlyDoneByServer>
            <Conditions>
              <Condition xsi:type="QuestInfo">
                <Locked>false</Locked>
                <QuestID>Az_Ee_Bdr_Blackdagger_Blast_Class_B</QuestID>
                <Tested>InProgress</Tested>
              </Condition>
            </Conditions>
            <HotSpots />
            <Actions>
              <Action xsi:type="Grind">
                <ActionID>fa4a1dec-157e-4630-98e0-49b1c1691474</ActionID>
                <OverrideName />
                <Sound>
                  <SoundName />
                  <Trigger>OnActionCompleted</Trigger>
                </Sound>
                <Disabled>false</Disabled>
                <PlayWhileConditionsAreOk>true</PlayWhileConditionsAreOk>
                <PlayWhileUnSuccess>true</PlayWhileUnSuccess>
                <AssociateMission>Az_Ee_Bdr_Blackdagger_Blast_Class_B/Destroy_The_Stockpile/Stage_1/Defeat_Guards</AssociateMission>
                <Loop>false</Loop>
                <MaxRunningTime>0</MaxRunningTime>
                <OnlyOneConditionMustBeGood>false</OnlyOneConditionMustBeGood>
                <OnlyDoneByServer>false</OnlyDoneByServer>
                <Conditions>
                  <Condition xsi:type="QuestInfo">
                    <Locked>false</Locked>
                    <QuestID>Az_Ee_Bdr_Blackdagger_Blast_Class_B/Destroy_The_Stockpile/Stage_1/Defeat_Guards</QuestID>
                    <Tested>InProgress</Tested>
                  </Condition>
                </Conditions>
                <HotSpots>
                  <Vector3>
                    <X>716.1347</X>
                    <Y>2030.55249</Y>
                    <Z>140.326492</Z>
                  </Vector3>
                  <Vector3>
                    <X>746.116333</X>
                    <Y>2047.07458</Y>
                    <Z>142.679947</Z>
                  </Vector3>
                  <Vector3>
                    <X>770.20105</X>
                    <Y>2114.69531</Y>
                    <Z>140.98912</Z>
                  </Vector3>
                  <Vector3>
                    <X>705.039856</X>
                    <Y>2132.08423</Y>
                    <Z>141.91922</Z>
                  </Vector3>
                  <Vector3>
                    <X>685.682861</X>
                    <Y>2089.28467</Y>
                    <Z>143.148773</Z>
                  </Vector3>
                </HotSpots>
              </Action>
              <Action xsi:type="InteractSpecificNode">
                <ActionID>aa395d54-06c2-429f-b331-5aa658066c15</ActionID>
                <OverrideName />
                <Sound>
                  <SoundName />
                  <Trigger>OnActionCompleted</Trigger>
                </Sound>
                <Disabled>false</Disabled>
                <PlayWhileConditionsAreOk>true</PlayWhileConditionsAreOk>
                <PlayWhileUnSuccess>true</PlayWhileUnSuccess>
                <AssociateMission>Az_Ee_Bdr_Blackdagger_Blast_Class_B/Destroy_The_Stockpile/Stage_1/Torch_Supplies/Supplies_1</AssociateMission>
                <Loop>false</Loop>
                <MaxRunningTime>0</MaxRunningTime>
                <OnlyOneConditionMustBeGood>false</OnlyOneConditionMustBeGood>
                <OnlyDoneByServer>false</OnlyDoneByServer>
                <Conditions>
                  <Condition xsi:type="QuestInfo">
                    <Locked>false</Locked>
                    <QuestID>Az_Ee_Bdr_Blackdagger_Blast_Class_B/Destroy_The_Stockpile/Stage_1/Torch_Supplies/Supplies_1</QuestID>
                    <Tested>InProgress</Tested>
                  </Condition>
                </Conditions>
                <HotSpots />
                <NodeCategory />
                <LocalizedName />
                <Dialogs />
                <InteractTime>4000</InteractTime>
                <Position>
                  <X>710.1701</X>
                  <Y>2145.771</Y>
                  <Z>145.2086</Z>
                </Position>
                <RewardItemChoose />
                <SkipTimeout>5000</SkipTimeout>
              </Action>
              <Action xsi:type="InteractSpecificNode">
                <ActionID>1d742db8-4e9d-4050-b9e5-fc6a3f398381</ActionID>
                <OverrideName />
                <Sound>
                  <SoundName />
                  <Trigger>OnActionCompleted</Trigger>
                </Sound>
                <Disabled>false</Disabled>
                <PlayWhileConditionsAreOk>true</PlayWhileConditionsAreOk>
                <PlayWhileUnSuccess>true</PlayWhileUnSuccess>
                <AssociateMission>Az_Ee_Bdr_Blackdagger_Blast_Class_B/Destroy_The_Stockpile/Stage_1/Torch_Supplies/Supplies_2</AssociateMission>
                <Loop>false</Loop>
                <MaxRunningTime>0</MaxRunningTime>
                <OnlyOneConditionMustBeGood>false</OnlyOneConditionMustBeGood>
                <OnlyDoneByServer>false</OnlyDoneByServer>
                <Conditions>
                  <Condition xsi:type="QuestInfo">
                    <Locked>false</Locked>
                    <QuestID>Az_Ee_Bdr_Blackdagger_Blast_Class_B/Destroy_The_Stockpile/Stage_1/Torch_Supplies/Supplies_2</QuestID>
                    <Tested>InProgress</Tested>
                  </Condition>
                </Conditions>
                <HotSpots />
                <NodeCategory />
                <LocalizedName />
                <Dialogs />
                <InteractTime>4000</InteractTime>
                <Position>
                  <X>777.558838</X>
                  <Y>2120.43579</Y>
                  <Z>145.2086</Z>
                </Position>
                <RewardItemChoose />
                <SkipTimeout>5000</SkipTimeout>
              </Action>
              <Action xsi:type="InteractSpecificNode">
                <ActionID>a6f6bcb0-fc43-4b87-9fc6-e37af337b716</ActionID>
                <OverrideName />
                <Sound>
                  <SoundName />
                  <Trigger>OnActionCompleted</Trigger>
                </Sound>
                <Disabled>false</Disabled>
                <PlayWhileConditionsAreOk>true</PlayWhileConditionsAreOk>
                <PlayWhileUnSuccess>true</PlayWhileUnSuccess>
                <AssociateMission>Az_Ee_Bdr_Blackdagger_Blast_Class_B/Destroy_The_Stockpile/Stage_1/Torch_Supplies/Supplies_3</AssociateMission>
                <Loop>false</Loop>
                <MaxRunningTime>0</MaxRunningTime>
                <OnlyOneConditionMustBeGood>false</OnlyOneConditionMustBeGood>
                <OnlyDoneByServer>false</OnlyDoneByServer>
                <Conditions>
                  <Condition xsi:type="QuestInfo">
                    <Locked>false</Locked>
                    <QuestID>Az_Ee_Bdr_Blackdagger_Blast_Class_B/Destroy_The_Stockpile/Stage_1/Torch_Supplies/Supplies_3</QuestID>
                    <Tested>InProgress</Tested>
                  </Condition>
                </Conditions>
                <HotSpots />
                <NodeCategory />
                <LocalizedName />
                <Dialogs />
                <InteractTime>4000</InteractTime>
                <Position>
                  <X>744.7321</X>
                  <Y>2042.2</Y>
                  <Z>145.2086</Z>
                </Position>
                <RewardItemChoose />
                <SkipTimeout>5000</SkipTimeout>
              </Action>
              <Action xsi:type="WaitTimer">
                <ActionID>1aa77e01-3bb5-4b14-95d7-34293dd5b251</ActionID>
                <OverrideName />
                <Sound>
                  <SoundName />
                  <Trigger>OnActionCompleted</Trigger>
                </Sound>
                <Disabled>false</Disabled>
                <PlayWhileConditionsAreOk>true</PlayWhileConditionsAreOk>
                <PlayWhileUnSuccess>true</PlayWhileUnSuccess>
                <AssociateMission>Az_Ee_Bdr_Blackdagger_Blast_Class_B/Destroy_The_Stockpile/Boss_Coming</AssociateMission>
                <Loop>false</Loop>
                <MaxRunningTime>0</MaxRunningTime>
                <OnlyOneConditionMustBeGood>false</OnlyOneConditionMustBeGood>
                <OnlyDoneByServer>false</OnlyDoneByServer>
                <Conditions>
                  <Condition xsi:type="QuestInfo">
                    <Locked>false</Locked>
                    <QuestID>Az_Ee_Bdr_Blackdagger_Blast_Class_B/Destroy_The_Stockpile/Boss_Coming</QuestID>
                    <Tested>InProgress</Tested>
                  </Condition>
                </Conditions>
                <HotSpots />
                <WaitTimeMs>3000</WaitTimeMs>
              </Action>
              <Action xsi:type="Grind">
                <ActionID>c677bb94-50eb-45c0-bb41-840b10deb5a4</ActionID>
                <OverrideName />
                <Sound>
                  <SoundName />
                  <Trigger>OnActionCompleted</Trigger>
                </Sound>
                <Disabled>false</Disabled>
                <PlayWhileConditionsAreOk>true</PlayWhileConditionsAreOk>
                <PlayWhileUnSuccess>true</PlayWhileUnSuccess>
                <AssociateMission>Az_Ee_Bdr_Blackdagger_Blast_Class_B/Destroy_The_Stockpile/Defeat_Boss</AssociateMission>
                <Loop>false</Loop>
                <MaxRunningTime>0</MaxRunningTime>
                <OnlyOneConditionMustBeGood>false</OnlyOneConditionMustBeGood>
                <OnlyDoneByServer>false</OnlyDoneByServer>
                <Conditions>
                  <Condition xsi:type="QuestInfo">
                    <Locked>false</Locked>
                    <QuestID>Az_Ee_Bdr_Blackdagger_Blast_Class_B/Destroy_The_Stockpile/Defeat_Boss</QuestID>
                    <Tested>InProgress</Tested>
                  </Condition>
                </Conditions>
                <HotSpots>
                  <Vector3>
                    <X>727.281555</X>
                    <Y>2080.50879</Y>
                    <Z>140.729</Z>
                  </Vector3>
                </HotSpots>
              </Action>
            </Actions>
            <SimultaneousActions>false</SimultaneousActions>
          </Action>
        </Actions>
        <SimultaneousActions>true</SimultaneousActions>
      </Action>
      <Action xsi:type="ActionPack">
        <ActionID>c71f7a7c-2b57-4984-b37e-c6971b5bf2a6</ActionID>
        <OverrideName>TurnIn</OverrideName>
        <Sound>
          <SoundName />
          <Trigger>OnActionCompleted</Trigger>
        </Sound>
        <Disabled>false</Disabled>
        <PlayWhileConditionsAreOk>true</PlayWhileConditionsAreOk>
        <PlayWhileUnSuccess>true</PlayWhileUnSuccess>
        <AssociateMission>Str_Artifact_Essence_Weapon_Water</AssociateMission>
        <Loop>false</Loop>
        <MaxRunningTime>0</MaxRunningTime>
        <OnlyOneConditionMustBeGood>false</OnlyOneConditionMustBeGood>
        <OnlyDoneByServer>false</OnlyDoneByServer>
        <Conditions>
          <Condition xsi:type="QuestInfo">
            <Locked>false</Locked>
            <QuestID>Str_Artifact_Essence_Weapon_Water</QuestID>
            <Tested>Succeeded</Tested>
          </Condition>
        </Conditions>
        <HotSpots />
        <Actions>
          <Action xsi:type="TurnInMission">
            <ActionID>0d5eacea-e148-4176-a982-811869afb00d</ActionID>
            <OverrideName />
            <Sound>
              <SoundName />
              <Trigger>OnActionCompleted</Trigger>
            </Sound>
            <Disabled>false</Disabled>
            <PlayWhileConditionsAreOk>true</PlayWhileConditionsAreOk>
            <PlayWhileUnSuccess>true</PlayWhileUnSuccess>
            <AssociateMission />
            <Loop>false</Loop>
            <MaxRunningTime>0</MaxRunningTime>
            <OnlyOneConditionMustBeGood>false</OnlyOneConditionMustBeGood>
            <OnlyDoneByServer>false</OnlyDoneByServer>
            <Conditions>
              <Condition xsi:type="CurrentMap">
                <Locked>false</Locked>
                <Tested>Equal</Tested>
                <MapName>Neverwinter_Protectors_Enclave</MapName>
              </Condition>
            </Conditions>
            <HotSpots />
            <MissionId>Str_Artifact_Essence_Weapon_Water</MissionId>
            <GiverId>Civilian_Nw_Pe</GiverId>
            <GiverPosition>
              <X>833.922852</X>
              <Y>517.891846</Y>
              <Z>32.4284668</Z>
            </GiverPosition>
          </Action>
        </Actions>
        <SimultaneousActions>false</SimultaneousActions>
      </Action>
      <Action xsi:type="ActionPack">
        <ActionID>b44bd5f7-c540-4a79-8807-d0361430abaa</ActionID>
        <OverrideName>Loop</OverrideName>
        <Sound>
          <SoundName />
          <Trigger>OnActionCompleted</Trigger>
        </Sound>
        <Disabled>true</Disabled>
        <PlayWhileConditionsAreOk>false</PlayWhileConditionsAreOk>
        <PlayWhileUnSuccess>true</PlayWhileUnSuccess>
        <AssociateMission>Str_Artifact_Essence_Weapon_Water</AssociateMission>
        <Loop>false</Loop>
        <MaxRunningTime>0</MaxRunningTime>
        <OnlyOneConditionMustBeGood>false</OnlyOneConditionMustBeGood>
        <OnlyDoneByServer>false</OnlyDoneByServer>
        <Conditions>
          <Condition xsi:type="QuestInfo">
            <Locked>false</Locked>
            <QuestID>Str_Artifact_Essence_Weapon_Water</QuestID>
            <Tested>InProgress</Tested>
          </Condition>
        </Conditions>
        <HotSpots />
        <Actions>
          <Action xsi:type="LoadProfile">
            <ActionID>bacedbae-2672-4237-a270-047388568d01</ActionID>
            <OverrideName />
            <Sound>
              <SoundName />
              <Trigger>OnActionCompleted</Trigger>
            </Sound>
            <Disabled>false</Disabled>
            <PlayWhileConditionsAreOk>false</PlayWhileConditionsAreOk>
            <PlayWhileUnSuccess>true</PlayWhileUnSuccess>
            <AssociateMission>Str_Artifact_Essence_Weapon_Water</AssociateMission>
            <Loop>false</Loop>
            <MaxRunningTime>0</MaxRunningTime>
            <OnlyOneConditionMustBeGood>false</OnlyOneConditionMustBeGood>
            <OnlyDoneByServer>false</OnlyDoneByServer>
            <Conditions>
              <Condition xsi:type="QuestInfo">
                <Locked>false</Locked>
                <QuestID>Str_Artifact_Essence_Weapon_Water/Collect_Motes</QuestID>
                <Tested>InProgress</Tested>
              </Condition>
            </Conditions>
            <HotSpots />
            <ProfileName>Weapons_of_Water.amp.zip</ProfileName>
          </Action>
        </Actions>
        <SimultaneousActions>false</SimultaneousActions>
      </Action>
    </Actions>
    <SimultaneousActions>false</SimultaneousActions>
  </MainActionPack>
  <Saved>true</Saved>
</Profile>