<?xml version="1.0"?>
<Profile xmlns:xsi="http://www.w3.org/2001/XMLSchema-instance" xmlns:xsd="http://www.w3.org/2001/XMLSchema">
  <Vendors />
  <BlackList />
  <KillRadius>20</KillRadius>
  <CustomRegions>
    <CustomRegion>
      <Name>enter_button</Name>
      <Position>
        <X>-974</X>
        <Y>35</Y>
        <Z>0</Z>
      </Position>
      <Width>73</Width>
      <Height>-64</Height>
    </CustomRegion>
    <CustomRegion>
      <Name>grind_boss</Name>
      <Position>
        <X>-916</X>
        <Y>113</Y>
        <Z>0</Z>
      </Position>
      <Width>335</Width>
      <Height>-204</Height>
    </CustomRegion>
    <CustomRegion>
      <Name>Demilitary_zone</Name>
      <Position>
        <X>836</X>
        <Y>1512</Y>
        <Z>0</Z>
      </Position>
      <Width>1352</Width>
      <Height>-957</Height>
    </CustomRegion>
    <CustomRegion>
      <Name>1</Name>
      <Position>
        <X>-941</X>
        <Y>14</Y>
        <Z>0</Z>
      </Position>
      <Width>34</Width>
      <Height>-38</Height>
    </CustomRegion>
  </CustomRegions>
  <UseExternalMeshFile>false</UseExternalMeshFile>
  <ExternalMeshFileName />
  <DisablePet>false</DisablePet>
  <FollowerDistance>10</FollowerDistance>
  <DisableFollow>false</DisableFollow>
  <MainActionPack>
    <ActionID>ec63cd9a-2619-4f08-a089-2a12bb95eb3e</ActionID>
    <OverrideName />
    <Sound>
      <SoundName />
      <Trigger>OnActionCompleted</Trigger>
    </Sound>
    <Disabled>false</Disabled>
    <PlayWhileConditionsAreOk>false</PlayWhileConditionsAreOk>
    <PlayWhileUnSuccess>true</PlayWhileUnSuccess>
    <AssociateMission />
    <Loop>false</Loop>
    <MaxRunningTime>0</MaxRunningTime>
    <OnlyOneConditionMustBeGood>false</OnlyOneConditionMustBeGood>
    <OnlyDoneByServer>false</OnlyDoneByServer>
    <Conditions />
    <HotSpots />
    <Actions>
      <Action xsi:type="ActionPack">
        <ActionID>9f3ea6cb-875c-402d-ab92-b8a719d82ad3</ActionID>
        <OverrideName>PickUpMission</OverrideName>
        <Sound>
          <SoundName />
          <Trigger>OnActionCompleted</Trigger>
        </Sound>
        <Disabled>false</Disabled>
        <PlayWhileConditionsAreOk>false</PlayWhileConditionsAreOk>
        <PlayWhileUnSuccess>true</PlayWhileUnSuccess>
        <AssociateMission />
        <Loop>false</Loop>
        <MaxRunningTime>0</MaxRunningTime>
        <OnlyOneConditionMustBeGood>false</OnlyOneConditionMustBeGood>
        <OnlyDoneByServer>false</OnlyDoneByServer>
        <Conditions />
        <HotSpots />
        <Actions>
          <Action xsi:type="PickUpMission">
            <ActionID>3c8bc05e-3d58-4ee1-8305-10ac01634203</ActionID>
            <OverrideName />
            <Sound>
              <SoundName />
              <Trigger>OnActionCompleted</Trigger>
            </Sound>
            <Disabled>false</Disabled>
            <PlayWhileConditionsAreOk>true</PlayWhileConditionsAreOk>
            <PlayWhileUnSuccess>true</PlayWhileUnSuccess>
            <AssociateMission />
            <Loop>false</Loop>
            <MaxRunningTime>0</MaxRunningTime>
            <OnlyOneConditionMustBeGood>false</OnlyOneConditionMustBeGood>
            <OnlyDoneByServer>false</OnlyDoneByServer>
            <Conditions />
            <HotSpots />
            <MissionId>M8_Dr_Demon_He_Complete_Pm</MissionId>
            <SkipOnFail>true</SkipOnFail>
            <GiverId>Civilian_Nw_Pe</GiverId>
            <GiverPosition>
              <X>2092.287</X>
              <Y>1210.28247</Y>
              <Z>-102.876953</Z>
            </GiverPosition>
          </Action>
          <Action xsi:type="PickUpMission">
            <ActionID>069f768b-073e-41c0-a8d0-9257b45164f8</ActionID>
            <OverrideName />
            <Sound>
              <SoundName />
              <Trigger>OnActionCompleted</Trigger>
            </Sound>
            <Disabled>false</Disabled>
            <PlayWhileConditionsAreOk>true</PlayWhileConditionsAreOk>
            <PlayWhileUnSuccess>true</PlayWhileUnSuccess>
            <AssociateMission />
            <Loop>false</Loop>
            <MaxRunningTime>0</MaxRunningTime>
            <OnlyOneConditionMustBeGood>false</OnlyOneConditionMustBeGood>
            <OnlyDoneByServer>false</OnlyDoneByServer>
            <Conditions />
            <HotSpots />
            <MissionId>Az_Dr_Dread_Spire</MissionId>
            <SkipOnFail>true</SkipOnFail>
            <GiverId>Npc_Ally_Fighter_Knox_Mounted</GiverId>
            <GiverPosition>
              <X>2115.68848</X>
              <Y>1196.0459</Y>
              <Z>-102.896729</Z>
            </GiverPosition>
          </Action>
          <Action xsi:type="PickUpMission">
            <ActionID>b282bc39-6b72-4216-83a4-8e4a434a83ae</ActionID>
            <OverrideName />
            <Sound>
              <SoundName />
              <Trigger>OnActionCompleted</Trigger>
            </Sound>
            <Disabled>false</Disabled>
            <PlayWhileConditionsAreOk>true</PlayWhileConditionsAreOk>
            <PlayWhileUnSuccess>true</PlayWhileUnSuccess>
            <AssociateMission />
            <Loop>false</Loop>
            <MaxRunningTime>0</MaxRunningTime>
            <OnlyOneConditionMustBeGood>false</OnlyOneConditionMustBeGood>
            <OnlyDoneByServer>false</OnlyDoneByServer>
            <Conditions />
            <HotSpots />
            <MissionId>Az_Dr_Weekly_Red_Wizards</MissionId>
            <SkipOnFail>true</SkipOnFail>
            <GiverId>Npc_Ally_Fighter_Knox_Mounted</GiverId>
            <GiverPosition>
              <X>2115.68848</X>
              <Y>1196.0459</Y>
              <Z>-102.896729</Z>
            </GiverPosition>
          </Action>
          <Action xsi:type="PickUpMission">
            <ActionID>f901d267-c026-43a5-bbef-603c05d81c95</ActionID>
            <OverrideName />
            <Sound>
              <SoundName />
              <Trigger>OnActionCompleted</Trigger>
            </Sound>
            <Disabled>false</Disabled>
            <PlayWhileConditionsAreOk>true</PlayWhileConditionsAreOk>
            <PlayWhileUnSuccess>true</PlayWhileUnSuccess>
            <AssociateMission />
            <Loop>false</Loop>
            <MaxRunningTime>0</MaxRunningTime>
            <OnlyOneConditionMustBeGood>false</OnlyOneConditionMustBeGood>
            <OnlyDoneByServer>false</OnlyDoneByServer>
            <Conditions />
            <HotSpots />
            <MissionId>Az_Dr_Phantasmal_Fortress</MissionId>
            <SkipOnFail>false</SkipOnFail>
            <GiverId>Npc_Ally_Fighter_Knox_Mounted</GiverId>
            <GiverPosition>
              <X>2115.68848</X>
              <Y>1196.0459</Y>
              <Z>-102.896729</Z>
            </GiverPosition>
          </Action>
          <Action xsi:type="PickUpMission">
            <ActionID>f4dee015-f117-4780-81a0-81dd90fd4a41</ActionID>
            <OverrideName />
            <Sound>
              <SoundName />
              <Trigger>OnActionCompleted</Trigger>
            </Sound>
            <Disabled>false</Disabled>
            <PlayWhileConditionsAreOk>true</PlayWhileConditionsAreOk>
            <PlayWhileUnSuccess>true</PlayWhileUnSuccess>
            <AssociateMission />
            <Loop>false</Loop>
            <MaxRunningTime>0</MaxRunningTime>
            <OnlyOneConditionMustBeGood>false</OnlyOneConditionMustBeGood>
            <OnlyDoneByServer>false</OnlyDoneByServer>
            <Conditions />
            <HotSpots />
            <MissionId>Az_Dr_Overlap_Gentle_Repose</MissionId>
            <SkipOnFail>true</SkipOnFail>
            <GiverId>Generic_Civilian</GiverId>
            <GiverPosition>
              <X>2001.00024</X>
              <Y>1170.49976</Y>
              <Z>-116.687256</Z>
            </GiverPosition>
          </Action>
          <Action xsi:type="PickUpMission">
            <ActionID>08058995-894a-4bb7-bbf5-551f8812d70c</ActionID>
            <OverrideName />
            <Sound>
              <SoundName />
              <Trigger>OnActionCompleted</Trigger>
            </Sound>
            <Disabled>false</Disabled>
            <PlayWhileConditionsAreOk>true</PlayWhileConditionsAreOk>
            <PlayWhileUnSuccess>true</PlayWhileUnSuccess>
            <AssociateMission />
            <Loop>false</Loop>
            <MaxRunningTime>0</MaxRunningTime>
            <OnlyOneConditionMustBeGood>false</OnlyOneConditionMustBeGood>
            <OnlyDoneByServer>false</OnlyDoneByServer>
            <Conditions />
            <HotSpots />
            <MissionId>Az_Dr_N1_Contingency</MissionId>
            <SkipOnFail>true</SkipOnFail>
            <GiverId>Generic_Civilian</GiverId>
            <GiverPosition>
              <X>2020.80029</X>
              <Y>1315.44067</Y>
              <Z>-111.071533</Z>
            </GiverPosition>
          </Action>
          <Action xsi:type="PickUpMission">
            <ActionID>2d931615-96a3-4256-8761-87ad95c4da7c</ActionID>
            <OverrideName />
            <Sound>
              <SoundName />
              <Trigger>OnActionCompleted</Trigger>
            </Sound>
            <Disabled>false</Disabled>
            <PlayWhileConditionsAreOk>true</PlayWhileConditionsAreOk>
            <PlayWhileUnSuccess>true</PlayWhileUnSuccess>
            <AssociateMission />
            <Loop>false</Loop>
            <MaxRunningTime>0</MaxRunningTime>
            <OnlyOneConditionMustBeGood>false</OnlyOneConditionMustBeGood>
            <OnlyDoneByServer>false</OnlyDoneByServer>
            <Conditions />
            <HotSpots />
            <MissionId>Az_Dr_N2_Silence</MissionId>
            <SkipOnFail>true</SkipOnFail>
            <GiverId>Generic_Civilian</GiverId>
            <GiverPosition>
              <X>1959.29492</X>
              <Y>1298.53882</Y>
              <Z>-102.935547</Z>
            </GiverPosition>
          </Action>
          <Action xsi:type="PickUpMission">
            <ActionID>32738018-ad15-4c8b-9dc8-c49719245b3b</ActionID>
            <OverrideName />
            <Sound>
              <SoundName />
              <Trigger>OnActionCompleted</Trigger>
            </Sound>
            <Disabled>false</Disabled>
            <PlayWhileConditionsAreOk>true</PlayWhileConditionsAreOk>
            <PlayWhileUnSuccess>true</PlayWhileUnSuccess>
            <AssociateMission />
            <Loop>false</Loop>
            <MaxRunningTime>0</MaxRunningTime>
            <OnlyOneConditionMustBeGood>false</OnlyOneConditionMustBeGood>
            <OnlyDoneByServer>false</OnlyDoneByServer>
            <Conditions />
            <HotSpots />
            <MissionId>Az_Dr_N3_Prying_Eyes</MissionId>
            <SkipOnFail>true</SkipOnFail>
            <GiverId>Generic_Civilian</GiverId>
            <GiverPosition>
              <X>2127.4375</X>
              <Y>1311.43188</Y>
              <Z>-107.652344</Z>
            </GiverPosition>
          </Action>
          <Action xsi:type="PickUpMission">
            <ActionID>f59cba8f-20bd-4b79-8cf0-0ceb136568d7</ActionID>
            <OverrideName />
            <Sound>
              <SoundName />
              <Trigger>OnActionCompleted</Trigger>
            </Sound>
            <Disabled>false</Disabled>
            <PlayWhileConditionsAreOk>true</PlayWhileConditionsAreOk>
            <PlayWhileUnSuccess>true</PlayWhileUnSuccess>
            <AssociateMission />
            <Loop>false</Loop>
            <MaxRunningTime>0</MaxRunningTime>
            <OnlyOneConditionMustBeGood>false</OnlyOneConditionMustBeGood>
            <OnlyDoneByServer>false</OnlyDoneByServer>
            <Conditions />
            <HotSpots />
            <MissionId>Az_Dr_N3_Undeath_To_Death</MissionId>
            <SkipOnFail>true</SkipOnFail>
            <GiverId>Generic_Civilian</GiverId>
            <GiverPosition>
              <X>2020.80029</X>
              <Y>1315.44067</Y>
              <Z>-111.071533</Z>
            </GiverPosition>
          </Action>
          <Action xsi:type="PickUpMission">
            <ActionID>c0b9859a-f240-44f7-b110-ae0df8261144</ActionID>
            <OverrideName />
            <Sound>
              <SoundName />
              <Trigger>OnActionCompleted</Trigger>
            </Sound>
            <Disabled>false</Disabled>
            <PlayWhileConditionsAreOk>true</PlayWhileConditionsAreOk>
            <PlayWhileUnSuccess>true</PlayWhileUnSuccess>
            <AssociateMission />
            <Loop>false</Loop>
            <MaxRunningTime>0</MaxRunningTime>
            <OnlyOneConditionMustBeGood>false</OnlyOneConditionMustBeGood>
            <OnlyDoneByServer>false</OnlyDoneByServer>
            <Conditions />
            <HotSpots />
            <MissionId>Az_Dr_N4_Hold_Portal</MissionId>
            <SkipOnFail>true</SkipOnFail>
            <GiverId>Generic_Civilian</GiverId>
            <GiverPosition>
              <X>2020.68018</X>
              <Y>1323.77026</Y>
              <Z>-111.081787</Z>
            </GiverPosition>
          </Action>
          <Action xsi:type="InteractSpecificNPC">
            <ActionID>88b5c619-d39f-470b-92c2-444f7e8e0c86</ActionID>
            <OverrideName />
            <Sound>
              <SoundName />
              <Trigger>OnActionCompleted</Trigger>
            </Sound>
            <Disabled>false</Disabled>
            <PlayWhileConditionsAreOk>false</PlayWhileConditionsAreOk>
            <PlayWhileUnSuccess>true</PlayWhileUnSuccess>
            <AssociateMission />
            <Loop>false</Loop>
            <MaxRunningTime>0</MaxRunningTime>
            <OnlyOneConditionMustBeGood>false</OnlyOneConditionMustBeGood>
            <OnlyDoneByServer>false</OnlyDoneByServer>
            <Conditions />
            <HotSpots />
            <NPCCostume />
            <Dialogs>
              <string>OptionsList.SpecialDialog.Choose_Lair</string>
              <string>SpecialDialog.action_1</string>
              <string>ViewOfferedMission.Accept</string>
            </Dialogs>
            <DisplayName>Сержант Нокс</DisplayName>
            <Position>
              <X>2115.68848</X>
              <Y>1196.0459</Y>
              <Z>-102.896729</Z>
            </Position>
            <InteractTime>2000</InteractTime>
            <Tolerance>1</Tolerance>
          </Action>
        </Actions>
        <SimultaneousActions>false</SimultaneousActions>
      </Action>
      <Action xsi:type="ActionPack">
        <ActionID>c44b803c-ceca-43cb-84e3-c41bc8782260</ActionID>
        <OverrideName>Ритуал Драколича</OverrideName>
        <Sound>
          <SoundName />
          <Trigger>OnActionCompleted</Trigger>
        </Sound>
        <Disabled>false</Disabled>
        <PlayWhileConditionsAreOk>false</PlayWhileConditionsAreOk>
        <PlayWhileUnSuccess>true</PlayWhileUnSuccess>
        <AssociateMission />
        <Loop>false</Loop>
        <MaxRunningTime>0</MaxRunningTime>
        <OnlyOneConditionMustBeGood>false</OnlyOneConditionMustBeGood>
        <OnlyDoneByServer>false</OnlyDoneByServer>
        <Conditions />
        <HotSpots />
        <Actions>
          <Action xsi:type="InteractSpecificNode">
            <ActionID>7dba7b48-9fc7-45b8-a48d-026f70f7dd87</ActionID>
            <OverrideName>InteractSpecificNode (Вход)</OverrideName>
            <Sound>
              <SoundName />
              <Trigger>OnActionCompleted</Trigger>
            </Sound>
            <Disabled>false</Disabled>
            <PlayWhileConditionsAreOk>true</PlayWhileConditionsAreOk>
            <PlayWhileUnSuccess>true</PlayWhileUnSuccess>
            <AssociateMission />
            <Loop>false</Loop>
            <MaxRunningTime>0</MaxRunningTime>
            <OnlyOneConditionMustBeGood>false</OnlyOneConditionMustBeGood>
            <OnlyDoneByServer>false</OnlyDoneByServer>
            <Conditions>
              <Condition xsi:type="QuestInfo">
                <Locked>false</Locked>
                <QuestID>Az_Dr_Dread_Spire_Choice</QuestID>
                <Tested>InProgress</Tested>
              </Condition>
            </Conditions>
            <HotSpots />
            <NodeCategory />
            <LocalizedName />
            <Dialogs />
            <InteractTime>1000</InteractTime>
            <Position>
              <X>2156.63232</X>
              <Y>2768.98047</Y>
              <Z>-73.4274</Z>
            </Position>
            <RewardItemChoose />
            <SkipTimeout>0</SkipTimeout>
          </Action>
          <Action xsi:type="InteractSpecificNode">
            <ActionID>7265f848-ffda-4e55-a425-4ad16ae5f01e</ActionID>
            <OverrideName />
            <Sound>
              <SoundName />
              <Trigger>OnActionCompleted</Trigger>
            </Sound>
            <Disabled>false</Disabled>
            <PlayWhileConditionsAreOk>false</PlayWhileConditionsAreOk>
            <PlayWhileUnSuccess>true</PlayWhileUnSuccess>
            <AssociateMission />
            <Loop>false</Loop>
            <MaxRunningTime>0</MaxRunningTime>
            <OnlyOneConditionMustBeGood>false</OnlyOneConditionMustBeGood>
            <OnlyDoneByServer>false</OnlyDoneByServer>
            <Conditions />
            <HotSpots />
            <NodeCategory />
            <LocalizedName />
            <Dialogs />
            <InteractTime>1000</InteractTime>
            <Position>
              <X>659.971069</X>
              <Y>3173.60034</Y>
              <Z>189</Z>
            </Position>
            <RewardItemChoose />
            <SkipTimeout>0</SkipTimeout>
          </Action>
          <Action xsi:type="MoveTo">
            <ActionID>6df43c33-02af-4e0f-b4e1-5d48d37dab39</ActionID>
            <OverrideName />
            <Sound>
              <SoundName />
              <Trigger>OnActionCompleted</Trigger>
            </Sound>
            <Disabled>false</Disabled>
            <PlayWhileConditionsAreOk>false</PlayWhileConditionsAreOk>
            <PlayWhileUnSuccess>true</PlayWhileUnSuccess>
            <AssociateMission />
            <Loop>false</Loop>
            <MaxRunningTime>0</MaxRunningTime>
            <OnlyOneConditionMustBeGood>false</OnlyOneConditionMustBeGood>
            <OnlyDoneByServer>false</OnlyDoneByServer>
            <Conditions />
            <HotSpots />
            <Position>
              <X>-1170.10669</X>
              <Y>-4.68099</Y>
              <Z>42.9806</Z>
            </Position>
            <Range>5</Range>
          </Action>
          <Action xsi:type="InteractNode">
            <ActionID>09119b94-fb7f-492d-839f-888f0e45e955</ActionID>
            <OverrideName />
            <Sound>
              <SoundName />
              <Trigger>OnActionCompleted</Trigger>
            </Sound>
            <Disabled>false</Disabled>
            <PlayWhileConditionsAreOk>true</PlayWhileConditionsAreOk>
            <PlayWhileUnSuccess>true</PlayWhileUnSuccess>
            <AssociateMission />
            <Loop>false</Loop>
            <MaxRunningTime>0</MaxRunningTime>
            <OnlyOneConditionMustBeGood>false</OnlyOneConditionMustBeGood>
            <OnlyDoneByServer>false</OnlyDoneByServer>
            <Conditions>
              <Condition xsi:type="QuestInfo">
                <Locked>false</Locked>
                <QuestID>Az_Dr_Dread_Spire_Om/Research</QuestID>
                <Tested>InProgress</Tested>
              </Condition>
            </Conditions>
            <HotSpots>
              <Vector3>
                <X>-1168.93518</X>
                <Y>45.8267021</Y>
                <Z>48.6854973</Z>
              </Vector3>
              <Vector3>
                <X>-1169.07471</X>
                <Y>-108.430283</Y>
                <Z>48.36896</Z>
              </Vector3>
              <Vector3>
                <X>-1232.74951</X>
                <Y>-63.21923</Y>
                <Z>42.9807968</Z>
              </Vector3>
              <Vector3>
                <X>-1104.61145</X>
                <Y>-64.65825</Y>
                <Z>43.92026</Z>
              </Vector3>
            </HotSpots>
            <NodeCategory />
            <LocalizedName />
            <Dialogs />
            <OneInteractionByNode>false</OneInteractionByNode>
            <InteractTime>1000</InteractTime>
            <ReactionRange>35</ReactionRange>
            <WhiteList />
            <BlackList />
          </Action>
          <Action xsi:type="MoveTo">
            <ActionID>f6c58189-cbb5-4563-be2f-125aa0f54e21</ActionID>
            <OverrideName />
            <Sound>
              <SoundName />
              <Trigger>OnActionCompleted</Trigger>
            </Sound>
            <Disabled>false</Disabled>
            <PlayWhileConditionsAreOk>true</PlayWhileConditionsAreOk>
            <PlayWhileUnSuccess>true</PlayWhileUnSuccess>
            <AssociateMission />
            <Loop>false</Loop>
            <MaxRunningTime>0</MaxRunningTime>
            <OnlyOneConditionMustBeGood>false</OnlyOneConditionMustBeGood>
            <OnlyDoneByServer>false</OnlyDoneByServer>
            <Conditions>
              <Condition xsi:type="QuestInfo">
                <Locked>false</Locked>
                <QuestID>Az_Dr_Dread_Spire_Om/Zulkir</QuestID>
                <Tested>InProgress</Tested>
              </Condition>
            </Conditions>
            <HotSpots />
            <Position>
              <X>-923.8942</X>
              <Y>3.64610314</Y>
              <Z>85.86029</Z>
            </Position>
            <Range>5</Range>
          </Action>
          <Action xsi:type="InteractSpecificNode">
            <ActionID>2746eba1-be55-48a5-9d78-a07cc6fbffbe</ActionID>
            <OverrideName />
            <Sound>
              <SoundName />
              <Trigger>OnActionCompleted</Trigger>
            </Sound>
            <Disabled>false</Disabled>
            <PlayWhileConditionsAreOk>true</PlayWhileConditionsAreOk>
            <PlayWhileUnSuccess>true</PlayWhileUnSuccess>
            <AssociateMission />
            <Loop>false</Loop>
            <MaxRunningTime>0</MaxRunningTime>
            <OnlyOneConditionMustBeGood>false</OnlyOneConditionMustBeGood>
            <OnlyDoneByServer>false</OnlyDoneByServer>
            <Conditions>
              <Condition xsi:type="IsInCustomRegion">
                <Locked>true</Locked>
                <Tested>Equal</Tested>
                <CustomRegionName>enter_button</CustomRegionName>
              </Condition>
            </Conditions>
            <HotSpots />
            <NodeCategory />
            <LocalizedName />
            <Dialogs />
            <InteractTime>1000</InteractTime>
            <Position>
              <X>-917.721741</X>
              <Y>-9.000005</Y>
              <Z>91.02049</Z>
            </Position>
            <RewardItemChoose />
            <SkipTimeout>0</SkipTimeout>
          </Action>
          <Action xsi:type="Grind">
            <ActionID>55f4e900-fc2d-4ef8-bc99-1bf37438a7ad</ActionID>
            <OverrideName />
            <Sound>
              <SoundName />
              <Trigger>OnActionCompleted</Trigger>
            </Sound>
            <Disabled>false</Disabled>
            <PlayWhileConditionsAreOk>true</PlayWhileConditionsAreOk>
            <PlayWhileUnSuccess>true</PlayWhileUnSuccess>
            <AssociateMission />
            <Loop>false</Loop>
            <MaxRunningTime>0</MaxRunningTime>
            <OnlyOneConditionMustBeGood>false</OnlyOneConditionMustBeGood>
            <OnlyDoneByServer>false</OnlyDoneByServer>
            <Conditions>
              <Condition xsi:type="QuestInfo">
                <Locked>false</Locked>
                <QuestID>Az_Dr_Dread_Spire_Om/Zulkir</QuestID>
                <Tested>InProgress</Tested>
              </Condition>
              <Condition xsi:type="IsInCustomRegion">
                <Locked>false</Locked>
                <Tested>Equal</Tested>
                <CustomRegionName>grind_boss</CustomRegionName>
              </Condition>
            </Conditions>
            <HotSpots>
              <Vector3>
                <X>-799.947449</X>
                <Y>2.10914135</Y>
                <Z>78.4301758</Z>
              </Vector3>
              <Vector3>
                <X>-743.7813</X>
                <Y>4.99580431</Y>
                <Z>78.4301758</Z>
              </Vector3>
            </HotSpots>
          </Action>
          <Action xsi:type="GoToAction">
            <ActionID>54830927-99ab-417f-8bcd-fda89df750b4</ActionID>
            <OverrideName />
            <Sound>
              <SoundName />
              <Trigger>OnActionCompleted</Trigger>
            </Sound>
            <Disabled>false</Disabled>
            <PlayWhileConditionsAreOk>true</PlayWhileConditionsAreOk>
            <PlayWhileUnSuccess>true</PlayWhileUnSuccess>
            <AssociateMission />
            <Loop>false</Loop>
            <MaxRunningTime>0</MaxRunningTime>
            <OnlyOneConditionMustBeGood>false</OnlyOneConditionMustBeGood>
            <OnlyDoneByServer>true</OnlyDoneByServer>
            <Conditions>
              <Condition xsi:type="QuestInfo">
                <Locked>false</Locked>
                <QuestID>Az_Dr_Dread_Spire_Om/Zulkir</QuestID>
                <Tested>InProgress</Tested>
              </Condition>
            </Conditions>
            <HotSpots />
            <ResetAllCompletedActions>false</ResetAllCompletedActions>
            <DestinationActionID>2746eba1-be55-48a5-9d78-a07cc6fbffbe</DestinationActionID>
          </Action>
          <Action xsi:type="InteractSpecificNode">
            <ActionID>64271bfe-1801-4633-ad4a-f85332dbee28</ActionID>
            <OverrideName />
            <Sound>
              <SoundName />
              <Trigger>OnActionCompleted</Trigger>
            </Sound>
            <Disabled>false</Disabled>
            <PlayWhileConditionsAreOk>false</PlayWhileConditionsAreOk>
            <PlayWhileUnSuccess>true</PlayWhileUnSuccess>
            <AssociateMission />
            <Loop>false</Loop>
            <MaxRunningTime>0</MaxRunningTime>
            <OnlyOneConditionMustBeGood>false</OnlyOneConditionMustBeGood>
            <OnlyDoneByServer>false</OnlyDoneByServer>
            <Conditions />
            <HotSpots />
            <NodeCategory>Loot</NodeCategory>
            <LocalizedName />
            <Dialogs />
            <InteractTime>1000</InteractTime>
            <Position>
              <X>-668.8499</X>
              <Y>-7.342019</Y>
              <Z>81.6208</Z>
            </Position>
            <RewardItemChoose />
            <SkipTimeout>0</SkipTimeout>
          </Action>
          <Action xsi:type="InteractSpecificNode">
            <ActionID>0c84d41b-6897-4f69-a77b-e329e0f82b4d</ActionID>
            <OverrideName />
            <Sound>
              <SoundName />
              <Trigger>OnActionCompleted</Trigger>
            </Sound>
            <Disabled>false</Disabled>
            <PlayWhileConditionsAreOk>false</PlayWhileConditionsAreOk>
            <PlayWhileUnSuccess>true</PlayWhileUnSuccess>
            <AssociateMission />
            <Loop>false</Loop>
            <MaxRunningTime>0</MaxRunningTime>
            <OnlyOneConditionMustBeGood>false</OnlyOneConditionMustBeGood>
            <OnlyDoneByServer>false</OnlyDoneByServer>
            <Conditions />
            <HotSpots />
            <NodeCategory>Loot</NodeCategory>
            <LocalizedName>Сундук с сокровищами</LocalizedName>
            <Dialogs>
              <string>ViewSubMission.Continue</string>
            </Dialogs>
            <InteractTime>1000</InteractTime>
            <Position>
              <X>-668.852234</X>
              <Y>13.249835</Y>
              <Z>81.2777</Z>
            </Position>
            <RewardItemChoose />
            <SkipTimeout>0</SkipTimeout>
          </Action>
          <Action xsi:type="InteractSpecificNode">
            <ActionID>c954748e-a496-4b7f-af29-98dd0b5fa9b0</ActionID>
            <OverrideName />
            <Sound>
              <SoundName />
              <Trigger>OnActionCompleted</Trigger>
            </Sound>
            <Disabled>false</Disabled>
            <PlayWhileConditionsAreOk>false</PlayWhileConditionsAreOk>
            <PlayWhileUnSuccess>true</PlayWhileUnSuccess>
            <AssociateMission />
            <Loop>false</Loop>
            <MaxRunningTime>0</MaxRunningTime>
            <OnlyOneConditionMustBeGood>false</OnlyOneConditionMustBeGood>
            <OnlyDoneByServer>false</OnlyDoneByServer>
            <Conditions />
            <HotSpots />
            <NodeCategory />
            <LocalizedName />
            <Dialogs />
            <InteractTime>1000</InteractTime>
            <Position>
              <X>-656.6213</X>
              <Y>3.29</Y>
              <Z>88.6663</Z>
            </Position>
            <RewardItemChoose />
            <SkipTimeout>0</SkipTimeout>
          </Action>
        </Actions>
        <SimultaneousActions>false</SimultaneousActions>
      </Action>
      <Action xsi:type="ActionPack">
        <ActionID>6f951f34-469e-4056-829f-2acb88778108</ActionID>
        <OverrideName>Нетленные останки</OverrideName>
        <Sound>
          <SoundName />
          <Trigger>OnActionCompleted</Trigger>
        </Sound>
        <Disabled>false</Disabled>
        <PlayWhileConditionsAreOk>false</PlayWhileConditionsAreOk>
        <PlayWhileUnSuccess>true</PlayWhileUnSuccess>
        <AssociateMission />
        <Loop>false</Loop>
        <MaxRunningTime>0</MaxRunningTime>
        <OnlyOneConditionMustBeGood>false</OnlyOneConditionMustBeGood>
        <OnlyDoneByServer>false</OnlyDoneByServer>
        <Conditions />
        <HotSpots />
        <Actions>
          <Action xsi:type="Grind">
            <ActionID>d1c2e48b-19c4-477a-954f-5ef826f33200</ActionID>
            <OverrideName />
            <Sound>
              <SoundName />
              <Trigger>OnActionCompleted</Trigger>
            </Sound>
            <Disabled>false</Disabled>
            <PlayWhileConditionsAreOk>true</PlayWhileConditionsAreOk>
            <PlayWhileUnSuccess>true</PlayWhileUnSuccess>
            <AssociateMission />
            <Loop>false</Loop>
            <MaxRunningTime>360</MaxRunningTime>
            <OnlyOneConditionMustBeGood>false</OnlyOneConditionMustBeGood>
            <OnlyDoneByServer>false</OnlyDoneByServer>
            <Conditions>
              <Condition xsi:type="QuestInfo">
                <Locked>false</Locked>
                <QuestID>Az_Dr_Overlap_Gentle_Repose/Gather_Items</QuestID>
                <Tested>InProgress</Tested>
              </Condition>
              <Condition xsi:type="ItemCount">
                <Locked>false</Locked>
                <ItemId>Mission_Az_Dr_Overlap_Gentle_Repose_Missionitem</ItemId>
                <Sign>Inferior</Sign>
                <Value>3</Value>
                <Type>AllInventories</Type>
                <SpecificBag>None</SpecificBag>
              </Condition>
            </Conditions>
            <HotSpots>
              <Vector3>
                <X>3196.38257</X>
                <Y>1528.62659</Y>
                <Z>-147.000031</Z>
              </Vector3>
              <Vector3>
                <X>3269.53247</X>
                <Y>1771.62134</Y>
                <Z>-146.997391</Z>
              </Vector3>
              <Vector3>
                <X>2955.97778</X>
                <Y>1788.66968</Y>
                <Z>-119.778046</Z>
              </Vector3>
            </HotSpots>
          </Action>
          <Action xsi:type="InteractNode">
            <ActionID>4dbcad62-c0be-477e-8d5b-2c5b0ed48ed3</ActionID>
            <OverrideName />
            <Sound>
              <SoundName />
              <Trigger>OnActionCompleted</Trigger>
            </Sound>
            <Disabled>false</Disabled>
            <PlayWhileConditionsAreOk>true</PlayWhileConditionsAreOk>
            <PlayWhileUnSuccess>true</PlayWhileUnSuccess>
            <AssociateMission />
            <Loop>false</Loop>
            <MaxRunningTime>0</MaxRunningTime>
            <OnlyOneConditionMustBeGood>false</OnlyOneConditionMustBeGood>
            <OnlyDoneByServer>false</OnlyDoneByServer>
            <Conditions>
              <Condition xsi:type="QuestInfo">
                <Locked>false</Locked>
                <QuestID>Az_Dr_Overlap_Gentle_Repose/Sabotage_Coffins</QuestID>
                <Tested>InProgress</Tested>
              </Condition>
              <Condition xsi:type="ItemCount">
                <Locked>false</Locked>
                <ItemId>Mission_Az_Dr_Overlap_Gentle_Repose_Missionitem</ItemId>
                <Sign>Superior</Sign>
                <Value>1</Value>
                <Type>AllInventories</Type>
                <SpecificBag>None</SpecificBag>
              </Condition>
            </Conditions>
            <HotSpots>
              <Vector3>
                <X>3097.97266</X>
                <Y>1609.40527</Y>
                <Z>-137.309464</Z>
              </Vector3>
              <Vector3>
                <X>3158.961</X>
                <Y>1878.21887</Y>
                <Z>-119.587883</Z>
              </Vector3>
              <Vector3>
                <X>2813.52246</X>
                <Y>1691.89233</Y>
                <Z>-89.48924</Z>
              </Vector3>
            </HotSpots>
            <NodeCategory />
            <LocalizedName />
            <Dialogs />
            <OneInteractionByNode>false</OneInteractionByNode>
            <InteractTime>1000</InteractTime>
            <ReactionRange>35</ReactionRange>
            <WhiteList />
            <BlackList />
          </Action>
        </Actions>
        <SimultaneousActions>false</SimultaneousActions>
      </Action>
      <Action xsi:type="ActionPack">
        <ActionID>3f2b89bf-ab4a-4bb9-b086-54586ef5af30</ActionID>
        <OverrideName>Упокоение нежити</OverrideName>
        <Sound>
          <SoundName />
          <Trigger>OnActionCompleted</Trigger>
        </Sound>
        <Disabled>false</Disabled>
        <PlayWhileConditionsAreOk>false</PlayWhileConditionsAreOk>
        <PlayWhileUnSuccess>true</PlayWhileUnSuccess>
        <AssociateMission />
        <Loop>false</Loop>
        <MaxRunningTime>0</MaxRunningTime>
        <OnlyOneConditionMustBeGood>false</OnlyOneConditionMustBeGood>
        <OnlyDoneByServer>false</OnlyDoneByServer>
        <Conditions />
        <HotSpots />
        <Actions>
          <Action xsi:type="Grind">
            <ActionID>1d44aaed-6da3-42c8-9da1-12b2164350d9</ActionID>
            <OverrideName />
            <Sound>
              <SoundName />
              <Trigger>OnActionCompleted</Trigger>
            </Sound>
            <Disabled>false</Disabled>
            <PlayWhileConditionsAreOk>true</PlayWhileConditionsAreOk>
            <PlayWhileUnSuccess>true</PlayWhileUnSuccess>
            <AssociateMission />
            <Loop>false</Loop>
            <MaxRunningTime>0</MaxRunningTime>
            <OnlyOneConditionMustBeGood>false</OnlyOneConditionMustBeGood>
            <OnlyDoneByServer>false</OnlyDoneByServer>
            <Conditions>
              <Condition xsi:type="QuestInfo">
                <Locked>false</Locked>
                <QuestID>Az_Dr_N3_Undeath_To_Death</QuestID>
                <Tested>InProgress</Tested>
              </Condition>
            </Conditions>
            <HotSpots>
              <Vector3>
                <X>2075.43042</X>
                <Y>2568.18335</Y>
                <Z>-74.52758</Z>
              </Vector3>
              <Vector3>
                <X>1929.04492</X>
                <Y>2589.2915</Y>
                <Z>-66.5726242</Z>
              </Vector3>
              <Vector3>
                <X>1914.66516</X>
                <Y>2491.85254</Y>
                <Z>-64.24518</Z>
              </Vector3>
              <Vector3>
                <X>1752.63892</X>
                <Y>2317.65332</Y>
                <Z>-41.71534</Z>
              </Vector3>
              <Vector3>
                <X>1709.72766</X>
                <Y>2626.02026</Y>
                <Z>-34.93079</Z>
              </Vector3>
            </HotSpots>
          </Action>
        </Actions>
        <SimultaneousActions>false</SimultaneousActions>
      </Action>
      <Action xsi:type="ActionPack">
        <ActionID>83594b92-a160-4816-851f-28254928366c</ActionID>
        <OverrideName>Тишина</OverrideName>
        <Sound>
          <SoundName />
          <Trigger>OnActionCompleted</Trigger>
        </Sound>
        <Disabled>false</Disabled>
        <PlayWhileConditionsAreOk>false</PlayWhileConditionsAreOk>
        <PlayWhileUnSuccess>true</PlayWhileUnSuccess>
        <AssociateMission />
        <Loop>false</Loop>
        <MaxRunningTime>0</MaxRunningTime>
        <OnlyOneConditionMustBeGood>false</OnlyOneConditionMustBeGood>
        <OnlyDoneByServer>false</OnlyDoneByServer>
        <Conditions />
        <HotSpots />
        <Actions>
          <Action xsi:type="Grind">
            <ActionID>f847263f-50dc-403a-94ed-5d68881485e4</ActionID>
            <OverrideName />
            <Sound>
              <SoundName />
              <Trigger>OnActionCompleted</Trigger>
            </Sound>
            <Disabled>false</Disabled>
            <PlayWhileConditionsAreOk>true</PlayWhileConditionsAreOk>
            <PlayWhileUnSuccess>true</PlayWhileUnSuccess>
            <AssociateMission />
            <Loop>false</Loop>
            <MaxRunningTime>0</MaxRunningTime>
            <OnlyOneConditionMustBeGood>false</OnlyOneConditionMustBeGood>
            <OnlyDoneByServer>false</OnlyDoneByServer>
            <Conditions>
              <Condition xsi:type="QuestInfo">
                <Locked>false</Locked>
                <QuestID>Az_Dr_N2_Silence</QuestID>
                <Tested>InProgress</Tested>
              </Condition>
            </Conditions>
            <HotSpots>
              <Vector3>
                <X>2993.85913</X>
                <Y>2007.31433</Y>
                <Z>-94.28597</Z>
              </Vector3>
              <Vector3>
                <X>3000.1665</X>
                <Y>1746.25647</Y>
                <Z>-122.094345</Z>
              </Vector3>
              <Vector3>
                <X>3042.77881</X>
                <Y>1562.79285</Y>
                <Z>-121.4743</Z>
              </Vector3>
              <Vector3>
                <X>3127.87427</X>
                <Y>1636.91</Y>
                <Z>-146.617279</Z>
              </Vector3>
            </HotSpots>
          </Action>
        </Actions>
        <SimultaneousActions>false</SimultaneousActions>
      </Action>
      <Action xsi:type="ActionPack">
        <ActionID>17f09337-ecb0-4d24-8abb-4e3de0c4bd78</ActionID>
        <OverrideName>Красные волшебники</OverrideName>
        <Sound>
          <SoundName />
          <Trigger>OnActionCompleted</Trigger>
        </Sound>
        <Disabled>false</Disabled>
        <PlayWhileConditionsAreOk>false</PlayWhileConditionsAreOk>
        <PlayWhileUnSuccess>true</PlayWhileUnSuccess>
        <AssociateMission />
        <Loop>false</Loop>
        <MaxRunningTime>0</MaxRunningTime>
        <OnlyOneConditionMustBeGood>false</OnlyOneConditionMustBeGood>
        <OnlyDoneByServer>false</OnlyDoneByServer>
        <Conditions />
        <HotSpots />
        <Actions>
          <Action xsi:type="Grind">
            <ActionID>038276b9-08a5-4b3c-ab6a-5c3da2ce1540</ActionID>
            <OverrideName />
            <Sound>
              <SoundName />
              <Trigger>OnActionCompleted</Trigger>
            </Sound>
            <Disabled>false</Disabled>
            <PlayWhileConditionsAreOk>true</PlayWhileConditionsAreOk>
            <PlayWhileUnSuccess>true</PlayWhileUnSuccess>
            <AssociateMission />
            <Loop>false</Loop>
            <MaxRunningTime>0</MaxRunningTime>
            <OnlyOneConditionMustBeGood>false</OnlyOneConditionMustBeGood>
            <OnlyDoneByServer>false</OnlyDoneByServer>
            <Conditions>
              <Condition xsi:type="QuestInfo">
                <Locked>false</Locked>
                <QuestID>Az_Dr_Weekly_Red_Wizards</QuestID>
                <Tested>InProgress</Tested>
              </Condition>
            </Conditions>
            <HotSpots>
              <Vector3>
                <X>2183.67334</X>
                <Y>2033.50037</Y>
                <Z>-185.8477</Z>
              </Vector3>
              <Vector3>
                <X>2548.3855</X>
                <Y>2201.83325</Y>
                <Z>-204.141861</Z>
              </Vector3>
              <Vector3>
                <X>2511.679</X>
                <Y>2099.64063</Y>
                <Z>-200.48407</Z>
              </Vector3>
              <Vector3>
                <X>2741.97046</X>
                <Y>2371.84424</Y>
                <Z>-186.412048</Z>
              </Vector3>
              <Vector3>
                <X>3095.76221</X>
                <Y>2520.32056</Y>
                <Z>-110.149536</Z>
              </Vector3>
            </HotSpots>
          </Action>
        </Actions>
        <SimultaneousActions>false</SimultaneousActions>
      </Action>
      <Action xsi:type="ActionPack">
        <ActionID>d49d45e4-2caa-4236-8612-bc1a61165704</ActionID>
        <OverrideName>Планарные узы</OverrideName>
        <Sound>
          <SoundName />
          <Trigger>OnActionCompleted</Trigger>
        </Sound>
        <Disabled>false</Disabled>
        <PlayWhileConditionsAreOk>false</PlayWhileConditionsAreOk>
        <PlayWhileUnSuccess>true</PlayWhileUnSuccess>
        <AssociateMission>Az_Dr_Overlap_Planar_Binding</AssociateMission>
        <Loop>false</Loop>
        <MaxRunningTime>0</MaxRunningTime>
        <OnlyOneConditionMustBeGood>false</OnlyOneConditionMustBeGood>
        <OnlyDoneByServer>false</OnlyDoneByServer>
        <Conditions />
        <HotSpots />
        <Actions>
          <Action xsi:type="Grind">
            <ActionID>70d8f02d-b293-440a-9453-6744dab0ab6f</ActionID>
            <OverrideName />
            <Sound>
              <SoundName />
              <Trigger>OnActionCompleted</Trigger>
            </Sound>
            <Disabled>false</Disabled>
            <PlayWhileConditionsAreOk>true</PlayWhileConditionsAreOk>
            <PlayWhileUnSuccess>true</PlayWhileUnSuccess>
            <AssociateMission />
            <Loop>false</Loop>
            <MaxRunningTime>0</MaxRunningTime>
            <OnlyOneConditionMustBeGood>false</OnlyOneConditionMustBeGood>
            <OnlyDoneByServer>false</OnlyDoneByServer>
            <Conditions>
              <Condition xsi:type="QuestInfo">
                <Locked>false</Locked>
                <QuestID>Az_Dr_Overlap_Planar_Binding/Gather_Items</QuestID>
                <Tested>InProgress</Tested>
              </Condition>
            </Conditions>
            <HotSpots>
              <Vector3>
                <X>1889.94519</X>
                <Y>1744.68665</Y>
                <Z>-168.17601</Z>
              </Vector3>
              <Vector3>
                <X>1795.23633</X>
                <Y>1839.95129</Y>
                <Z>-161.212646</Z>
              </Vector3>
              <Vector3>
                <X>2105.00366</X>
                <Y>2079.36719</Y>
                <Z>-185.395142</Z>
              </Vector3>
            </HotSpots>
          </Action>
          <Action xsi:type="InteractSpecificNode">
            <ActionID>2f3f7541-1d84-4ccc-926c-238df918c91d</ActionID>
            <OverrideName />
            <Sound>
              <SoundName />
              <Trigger>OnActionCompleted</Trigger>
            </Sound>
            <Disabled>false</Disabled>
            <PlayWhileConditionsAreOk>true</PlayWhileConditionsAreOk>
            <PlayWhileUnSuccess>true</PlayWhileUnSuccess>
            <AssociateMission />
            <Loop>false</Loop>
            <MaxRunningTime>0</MaxRunningTime>
            <OnlyOneConditionMustBeGood>false</OnlyOneConditionMustBeGood>
            <OnlyDoneByServer>false</OnlyDoneByServer>
            <Conditions>
              <Condition xsi:type="QuestInfo">
                <Locked>false</Locked>
                <QuestID>Az_Dr_Overlap_Planar_Binding/Summon_Devil</QuestID>
                <Tested>InProgress</Tested>
              </Condition>
            </Conditions>
            <HotSpots />
            <NodeCategory />
            <LocalizedName />
            <Dialogs />
            <InteractTime>1000</InteractTime>
            <Position>
              <X>2300.57837</X>
              <Y>1829.89087</Y>
              <Z>-144.657</Z>
            </Position>
            <RewardItemChoose />
            <SkipTimeout>0</SkipTimeout>
          </Action>
          <Action xsi:type="Grind">
            <ActionID>33dc74f5-2af6-4a0a-8ee5-03dcedcb1636</ActionID>
            <OverrideName />
            <Sound>
              <SoundName />
              <Trigger>OnActionCompleted</Trigger>
            </Sound>
            <Disabled>false</Disabled>
            <PlayWhileConditionsAreOk>false</PlayWhileConditionsAreOk>
            <PlayWhileUnSuccess>true</PlayWhileUnSuccess>
            <AssociateMission />
            <Loop>false</Loop>
            <MaxRunningTime>0</MaxRunningTime>
            <OnlyOneConditionMustBeGood>false</OnlyOneConditionMustBeGood>
            <OnlyDoneByServer>false</OnlyDoneByServer>
            <Conditions>
              <Condition xsi:type="QuestInfo">
                <Locked>false</Locked>
                <QuestID>Az_Dr_Overlap_Planar_Binding/Kill_Miniboss</QuestID>
                <Tested>HaveQuest</Tested>
              </Condition>
            </Conditions>
            <HotSpots>
              <Vector3>
                <X>2297.66138</X>
                <Y>1826.20935</Y>
                <Z>-148.876541</Z>
              </Vector3>
              <Vector3>
                <X>2349.195</X>
                <Y>1843.78491</Y>
                <Z>-148.414932</Z>
              </Vector3>
            </HotSpots>
          </Action>
        </Actions>
        <SimultaneousActions>false</SimultaneousActions>
      </Action>
      <Action xsi:type="ActionPack">
        <ActionID>c9651e3e-dbb5-416b-9457-54f7a4b54a41</ActionID>
        <OverrideName>Дребезги</OverrideName>
        <Sound>
          <SoundName />
          <Trigger>OnActionCompleted</Trigger>
        </Sound>
        <Disabled>false</Disabled>
        <PlayWhileConditionsAreOk>false</PlayWhileConditionsAreOk>
        <PlayWhileUnSuccess>true</PlayWhileUnSuccess>
        <AssociateMission>Az_Dr_N2_Shatter</AssociateMission>
        <Loop>false</Loop>
        <MaxRunningTime>0</MaxRunningTime>
        <OnlyOneConditionMustBeGood>false</OnlyOneConditionMustBeGood>
        <OnlyDoneByServer>false</OnlyDoneByServer>
        <Conditions />
        <HotSpots />
        <Actions>
          <Action xsi:type="Grind">
            <ActionID>faff365f-3758-464d-bab5-6ef8a35fe0df</ActionID>
            <OverrideName />
            <Sound>
              <SoundName />
              <Trigger>OnActionCompleted</Trigger>
            </Sound>
            <Disabled>false</Disabled>
            <PlayWhileConditionsAreOk>true</PlayWhileConditionsAreOk>
            <PlayWhileUnSuccess>true</PlayWhileUnSuccess>
            <AssociateMission />
            <Loop>false</Loop>
            <MaxRunningTime>0</MaxRunningTime>
            <OnlyOneConditionMustBeGood>false</OnlyOneConditionMustBeGood>
            <OnlyDoneByServer>false</OnlyDoneByServer>
            <Conditions>
              <Condition xsi:type="QuestInfo">
                <Locked>false</Locked>
                <QuestID>Az_Dr_N2_Shatter/Gather_Shards</QuestID>
                <Tested>InProgress</Tested>
              </Condition>
            </Conditions>
            <HotSpots>
              <Vector3>
                <X>3183.829</X>
                <Y>1689.97083</Y>
                <Z>-144.262543</Z>
              </Vector3>
              <Vector3>
                <X>3268.87476</X>
                <Y>1789.91382</Y>
                <Z>-146.691</Z>
              </Vector3>
              <Vector3>
                <X>3285.18018</X>
                <Y>1692.24976</Y>
                <Z>-146.99823</Z>
              </Vector3>
            </HotSpots>
          </Action>
          <Action xsi:type="InteractNode">
            <ActionID>b6b0c568-8c34-46e7-be27-185d3d9cb06f</ActionID>
            <OverrideName />
            <Sound>
              <SoundName />
              <Trigger>OnActionCompleted</Trigger>
            </Sound>
            <Disabled>false</Disabled>
            <PlayWhileConditionsAreOk>true</PlayWhileConditionsAreOk>
            <PlayWhileUnSuccess>true</PlayWhileUnSuccess>
            <AssociateMission />
            <Loop>false</Loop>
            <MaxRunningTime>0</MaxRunningTime>
            <OnlyOneConditionMustBeGood>false</OnlyOneConditionMustBeGood>
            <OnlyDoneByServer>false</OnlyDoneByServer>
            <Conditions>
              <Condition xsi:type="QuestInfo">
                <Locked>false</Locked>
                <QuestID>Az_Dr_N2_Shatter/Shatter_Onyx</QuestID>
                <Tested>InProgress</Tested>
              </Condition>
            </Conditions>
            <HotSpots>
              <Vector3>
                <X>3293.58325</X>
                <Y>1709.65723</Y>
                <Z>-147.769958</Z>
              </Vector3>
              <Vector3>
                <X>3305.92676</X>
                <Y>1700.23486</Y>
                <Z>-147.073669</Z>
              </Vector3>
              <Vector3>
                <X>3256.432</X>
                <Y>1530.74109</Y>
                <Z>-143.675522</Z>
              </Vector3>
              <Vector3>
                <X>3207.04517</X>
                <Y>1515.16284</Y>
                <Z>-145.941635</Z>
              </Vector3>
            </HotSpots>
            <NodeCategory />
            <LocalizedName />
            <Dialogs />
            <OneInteractionByNode>false</OneInteractionByNode>
            <InteractTime>1000</InteractTime>
            <ReactionRange>35</ReactionRange>
            <WhiteList />
            <BlackList />
          </Action>
        </Actions>
        <SimultaneousActions>false</SimultaneousActions>
      </Action>
      <Action xsi:type="ActionPack">
        <ActionID>3a22845f-cb29-4c5b-94b7-68471215b170</ActionID>
        <OverrideName>Предосторожность</OverrideName>
        <Sound>
          <SoundName />
          <Trigger>OnActionCompleted</Trigger>
        </Sound>
        <Disabled>false</Disabled>
        <PlayWhileConditionsAreOk>false</PlayWhileConditionsAreOk>
        <PlayWhileUnSuccess>true</PlayWhileUnSuccess>
        <AssociateMission>Az_Dr_N1_Contingency</AssociateMission>
        <Loop>false</Loop>
        <MaxRunningTime>0</MaxRunningTime>
        <OnlyOneConditionMustBeGood>false</OnlyOneConditionMustBeGood>
        <OnlyDoneByServer>false</OnlyDoneByServer>
        <Conditions />
        <HotSpots />
        <Actions>
          <Action xsi:type="InteractSpecificNode">
            <ActionID>ffdcc949-6c27-444d-a8bc-94e67c30881a</ActionID>
            <OverrideName />
            <Sound>
              <SoundName />
              <Trigger>OnActionCompleted</Trigger>
            </Sound>
            <Disabled>false</Disabled>
            <PlayWhileConditionsAreOk>true</PlayWhileConditionsAreOk>
            <PlayWhileUnSuccess>true</PlayWhileUnSuccess>
            <AssociateMission />
            <Loop>false</Loop>
            <MaxRunningTime>0</MaxRunningTime>
            <OnlyOneConditionMustBeGood>false</OnlyOneConditionMustBeGood>
            <OnlyDoneByServer>false</OnlyDoneByServer>
            <Conditions>
              <Condition xsi:type="QuestInfo">
                <Locked>false</Locked>
                <QuestID>Az_Dr_N1_Contingency/Get_Item_3</QuestID>
                <Tested>InProgress</Tested>
              </Condition>
            </Conditions>
            <HotSpots />
            <NodeCategory />
            <LocalizedName />
            <Dialogs />
            <InteractTime>1000</InteractTime>
            <Position>
              <X>1999.65173</X>
              <Y>1659.86487</Y>
              <Z>-179.612213</Z>
            </Position>
            <RewardItemChoose />
            <SkipTimeout>0</SkipTimeout>
          </Action>
          <Action xsi:type="InteractSpecificNode">
            <ActionID>91f6b245-6776-49eb-abc1-4b549752c2a0</ActionID>
            <OverrideName />
            <Sound>
              <SoundName />
              <Trigger>OnActionCompleted</Trigger>
            </Sound>
            <Disabled>false</Disabled>
            <PlayWhileConditionsAreOk>true</PlayWhileConditionsAreOk>
            <PlayWhileUnSuccess>true</PlayWhileUnSuccess>
            <AssociateMission />
            <Loop>false</Loop>
            <MaxRunningTime>0</MaxRunningTime>
            <OnlyOneConditionMustBeGood>false</OnlyOneConditionMustBeGood>
            <OnlyDoneByServer>false</OnlyDoneByServer>
            <Conditions>
              <Condition xsi:type="QuestInfo">
                <Locked>false</Locked>
                <QuestID>Az_Dr_N1_Contingency/Get_Item_1</QuestID>
                <Tested>InProgress</Tested>
              </Condition>
            </Conditions>
            <HotSpots />
            <NodeCategory />
            <LocalizedName />
            <Dialogs />
            <InteractTime>1000</InteractTime>
            <Position>
              <X>1773.324</X>
              <Y>2095.99878</Y>
              <Z>-152.298279</Z>
            </Position>
            <RewardItemChoose />
            <SkipTimeout>0</SkipTimeout>
          </Action>
          <Action xsi:type="InteractSpecificNode">
            <ActionID>9155086e-dc57-4cc5-8145-333906c77c6d</ActionID>
            <OverrideName />
            <Sound>
              <SoundName />
              <Trigger>OnActionCompleted</Trigger>
            </Sound>
            <Disabled>false</Disabled>
            <PlayWhileConditionsAreOk>true</PlayWhileConditionsAreOk>
            <PlayWhileUnSuccess>true</PlayWhileUnSuccess>
            <AssociateMission />
            <Loop>false</Loop>
            <MaxRunningTime>0</MaxRunningTime>
            <OnlyOneConditionMustBeGood>false</OnlyOneConditionMustBeGood>
            <OnlyDoneByServer>false</OnlyDoneByServer>
            <Conditions>
              <Condition xsi:type="QuestInfo">
                <Locked>false</Locked>
                <QuestID>Az_Dr_N1_Contingency/Get_Item_2</QuestID>
                <Tested>InProgress</Tested>
              </Condition>
            </Conditions>
            <HotSpots />
            <NodeCategory />
            <LocalizedName />
            <Dialogs />
            <InteractTime>1000</InteractTime>
            <Position>
              <X>2094.91333</X>
              <Y>2002.92993</Y>
              <Z>-180.785492</Z>
            </Position>
            <RewardItemChoose />
            <SkipTimeout>0</SkipTimeout>
          </Action>
          <Action xsi:type="InteractSpecificNode">
            <ActionID>7d0c0920-0f0e-4fdf-8fed-efa1ea6a3e6a</ActionID>
            <OverrideName />
            <Sound>
              <SoundName />
              <Trigger>OnActionCompleted</Trigger>
            </Sound>
            <Disabled>false</Disabled>
            <PlayWhileConditionsAreOk>true</PlayWhileConditionsAreOk>
            <PlayWhileUnSuccess>true</PlayWhileUnSuccess>
            <AssociateMission />
            <Loop>false</Loop>
            <MaxRunningTime>0</MaxRunningTime>
            <OnlyOneConditionMustBeGood>false</OnlyOneConditionMustBeGood>
            <OnlyDoneByServer>false</OnlyDoneByServer>
            <Conditions>
              <Condition xsi:type="QuestInfo">
                <Locked>false</Locked>
                <QuestID>Az_Dr_N1_Contingency/Deliver_Item</QuestID>
                <Tested>InProgress</Tested>
              </Condition>
            </Conditions>
            <HotSpots />
            <NodeCategory />
            <LocalizedName />
            <Dialogs />
            <InteractTime>1000</InteractTime>
            <Position>
              <X>1890.96655</X>
              <Y>1904.61316</Y>
              <Z>-145.320892</Z>
            </Position>
            <RewardItemChoose />
            <SkipTimeout>0</SkipTimeout>
          </Action>
        </Actions>
        <SimultaneousActions>false</SimultaneousActions>
      </Action>
      <Action xsi:type="ActionPack">
        <ActionID>3b38d481-bc72-44ae-9149-540626533888</ActionID>
        <OverrideName>Демоническая резня</OverrideName>
        <Sound>
          <SoundName />
          <Trigger>OnActionCompleted</Trigger>
        </Sound>
        <Disabled>false</Disabled>
        <PlayWhileConditionsAreOk>false</PlayWhileConditionsAreOk>
        <PlayWhileUnSuccess>true</PlayWhileUnSuccess>
        <AssociateMission />
        <Loop>false</Loop>
        <MaxRunningTime>0</MaxRunningTime>
        <OnlyOneConditionMustBeGood>false</OnlyOneConditionMustBeGood>
        <OnlyDoneByServer>false</OnlyDoneByServer>
        <Conditions />
        <HotSpots />
        <Actions>
          <Action xsi:type="Grind">
            <ActionID>1f1f6455-97e8-4598-b053-cd3c7408524f</ActionID>
            <OverrideName />
            <Sound>
              <SoundName />
              <Trigger>OnActionCompleted</Trigger>
            </Sound>
            <Disabled>false</Disabled>
            <PlayWhileConditionsAreOk>false</PlayWhileConditionsAreOk>
            <PlayWhileUnSuccess>true</PlayWhileUnSuccess>
            <AssociateMission />
            <Loop>false</Loop>
            <MaxRunningTime>0</MaxRunningTime>
            <OnlyOneConditionMustBeGood>false</OnlyOneConditionMustBeGood>
            <OnlyDoneByServer>false</OnlyDoneByServer>
            <Conditions>
              <Condition xsi:type="QuestInfo">
                <Locked>false</Locked>
                <QuestID>M8_He_Demon_01/Main</QuestID>
                <Tested>HaveQuest</Tested>
              </Condition>
            </Conditions>
            <HotSpots>
              <Vector3>
                <X>2080.463</X>
                <Y>1588.49817</Y>
                <Z>-195.822479</Z>
              </Vector3>
              <Vector3>
                <X>2104.645</X>
                <Y>1635.29285</Y>
                <Z>-193.657745</Z>
              </Vector3>
              <Vector3>
                <X>2062.361</X>
                <Y>1644.93884</Y>
                <Z>-192.880325</Z>
              </Vector3>
            </HotSpots>
          </Action>
          <Action xsi:type="WaitTimer">
            <ActionID>6ca6ca54-c8ce-49a1-afba-6504dabdce26</ActionID>
            <OverrideName />
            <Sound>
              <SoundName />
              <Trigger>OnActionCompleted</Trigger>
            </Sound>
            <Disabled>false</Disabled>
            <PlayWhileConditionsAreOk>false</PlayWhileConditionsAreOk>
            <PlayWhileUnSuccess>true</PlayWhileUnSuccess>
            <AssociateMission />
            <Loop>false</Loop>
            <MaxRunningTime>0</MaxRunningTime>
            <OnlyOneConditionMustBeGood>false</OnlyOneConditionMustBeGood>
            <OnlyDoneByServer>false</OnlyDoneByServer>
            <Conditions />
            <HotSpots />
            <WaitTimeMs>10000</WaitTimeMs>
          </Action>
          <Action xsi:type="Grind">
            <ActionID>d701726b-59a9-4686-aa69-f65f8671ba25</ActionID>
            <OverrideName />
            <Sound>
              <SoundName />
              <Trigger>OnActionCompleted</Trigger>
            </Sound>
            <Disabled>false</Disabled>
            <PlayWhileConditionsAreOk>true</PlayWhileConditionsAreOk>
            <PlayWhileUnSuccess>true</PlayWhileUnSuccess>
            <AssociateMission />
            <Loop>false</Loop>
            <MaxRunningTime>0</MaxRunningTime>
            <OnlyOneConditionMustBeGood>false</OnlyOneConditionMustBeGood>
            <OnlyDoneByServer>false</OnlyDoneByServer>
            <Conditions>
              <Condition xsi:type="QuestInfo">
                <Locked>false</Locked>
                <QuestID>M8_He_Demon_Bonus_01/Main</QuestID>
                <Tested>InProgress</Tested>
              </Condition>
            </Conditions>
            <HotSpots>
              <Vector3>
                <X>2062.24463</X>
                <Y>1641.177</Y>
                <Z>-193.064056</Z>
              </Vector3>
              <Vector3>
                <X>2082.17456</X>
                <Y>1661.00879</Y>
                <Z>-191.385117</Z>
              </Vector3>
              <Vector3>
                <X>2061.9043</X>
                <Y>1621.91443</Y>
                <Z>-194.811218</Z>
              </Vector3>
              <Vector3>
                <X>2073.88232</X>
                <Y>1681.03662</Y>
                <Z>-189.020844</Z>
              </Vector3>
            </HotSpots>
          </Action>
        </Actions>
        <SimultaneousActions>false</SimultaneousActions>
      </Action>
      <Action xsi:type="ActionPack">
        <ActionID>b89fdd78-5605-4691-8770-e2e20c37116a</ActionID>
        <OverrideName>Демоническое закрытие</OverrideName>
        <Sound>
          <SoundName />
          <Trigger>OnActionCompleted</Trigger>
        </Sound>
        <Disabled>false</Disabled>
        <PlayWhileConditionsAreOk>false</PlayWhileConditionsAreOk>
        <PlayWhileUnSuccess>true</PlayWhileUnSuccess>
        <AssociateMission />
        <Loop>false</Loop>
        <MaxRunningTime>0</MaxRunningTime>
        <OnlyOneConditionMustBeGood>false</OnlyOneConditionMustBeGood>
        <OnlyDoneByServer>false</OnlyDoneByServer>
        <Conditions />
        <HotSpots />
        <Actions>
          <Action xsi:type="Grind">
            <ActionID>728accae-2d0e-4f1f-97e6-8424c53985ea</ActionID>
            <OverrideName />
            <Sound>
              <SoundName />
              <Trigger>OnActionCompleted</Trigger>
            </Sound>
            <Disabled>false</Disabled>
            <PlayWhileConditionsAreOk>true</PlayWhileConditionsAreOk>
            <PlayWhileUnSuccess>true</PlayWhileUnSuccess>
            <AssociateMission />
            <Loop>false</Loop>
            <MaxRunningTime>0</MaxRunningTime>
            <OnlyOneConditionMustBeGood>false</OnlyOneConditionMustBeGood>
            <OnlyDoneByServer>false</OnlyDoneByServer>
            <Conditions>
              <Condition xsi:type="QuestInfo">
                <Locked>false</Locked>
                <QuestID>M8_He_Demon_02/Main</QuestID>
                <Tested>InProgress</Tested>
              </Condition>
            </Conditions>
            <HotSpots>
              <Vector3>
                <X>2853.269</X>
                <Y>1759.61292</Y>
                <Z>-89.94213</Z>
              </Vector3>
              <Vector3>
                <X>2861.16528</X>
                <Y>1704.91516</Y>
                <Z>-89.8150253</Z>
              </Vector3>
              <Vector3>
                <X>2898.556</X>
                <Y>1724.58</Y>
                <Z>-87.9986038</Z>
              </Vector3>
            </HotSpots>
          </Action>
        </Actions>
        <SimultaneousActions>false</SimultaneousActions>
      </Action>
      <Action xsi:type="ActionPack">
        <ActionID>7a6d2c7f-33fd-4096-9893-d8cf5b824a44</ActionID>
        <OverrideName>TurnInMission</OverrideName>
        <Sound>
          <SoundName />
          <Trigger>OnActionCompleted</Trigger>
        </Sound>
        <Disabled>false</Disabled>
        <PlayWhileConditionsAreOk>false</PlayWhileConditionsAreOk>
        <PlayWhileUnSuccess>true</PlayWhileUnSuccess>
        <AssociateMission />
        <Loop>false</Loop>
        <MaxRunningTime>0</MaxRunningTime>
        <OnlyOneConditionMustBeGood>false</OnlyOneConditionMustBeGood>
        <OnlyDoneByServer>false</OnlyDoneByServer>
        <Conditions />
        <HotSpots />
        <Actions>
          <Action xsi:type="TurnInMission">
            <ActionID>6b12a357-68ed-4d4c-a87f-ea44b3890191</ActionID>
            <OverrideName />
            <Sound>
              <SoundName />
              <Trigger>OnActionCompleted</Trigger>
            </Sound>
            <Disabled>false</Disabled>
            <PlayWhileConditionsAreOk>true</PlayWhileConditionsAreOk>
            <PlayWhileUnSuccess>true</PlayWhileUnSuccess>
            <AssociateMission />
            <Loop>false</Loop>
            <MaxRunningTime>0</MaxRunningTime>
            <OnlyOneConditionMustBeGood>false</OnlyOneConditionMustBeGood>
            <OnlyDoneByServer>false</OnlyDoneByServer>
            <Conditions />
            <HotSpots />
            <MissionId>M8_Dr_Demon_He_Complete_Pm</MissionId>
            <GiverId>Civilian_Nw_Pe</GiverId>
            <GiverPosition>
              <X>2092.287</X>
              <Y>1210.28247</Y>
              <Z>-102.876953</Z>
            </GiverPosition>
          </Action>
          <Action xsi:type="TurnInMission">
            <ActionID>73b75006-64cf-411d-8f8d-14fe31e3479b</ActionID>
            <OverrideName />
            <Sound>
              <SoundName />
              <Trigger>OnActionCompleted</Trigger>
            </Sound>
            <Disabled>false</Disabled>
            <PlayWhileConditionsAreOk>true</PlayWhileConditionsAreOk>
            <PlayWhileUnSuccess>true</PlayWhileUnSuccess>
            <AssociateMission />
            <Loop>false</Loop>
            <MaxRunningTime>0</MaxRunningTime>
            <OnlyOneConditionMustBeGood>false</OnlyOneConditionMustBeGood>
            <OnlyDoneByServer>false</OnlyDoneByServer>
            <Conditions />
            <HotSpots />
            <MissionId>Az_Dr_Overlap_Planar_Binding</MissionId>
            <GiverId>Generic_Civilian</GiverId>
            <GiverPosition>
              <X>2001.00024</X>
              <Y>1170.49976</Y>
              <Z>-116.687256</Z>
            </GiverPosition>
          </Action>
          <Action xsi:type="TurnInMission">
            <ActionID>fd01b475-6a3a-497e-b8dc-0d311f4170ee</ActionID>
            <OverrideName />
            <Sound>
              <SoundName />
              <Trigger>OnActionCompleted</Trigger>
            </Sound>
            <Disabled>false</Disabled>
            <PlayWhileConditionsAreOk>true</PlayWhileConditionsAreOk>
            <PlayWhileUnSuccess>true</PlayWhileUnSuccess>
            <AssociateMission />
            <Loop>false</Loop>
            <MaxRunningTime>0</MaxRunningTime>
            <OnlyOneConditionMustBeGood>false</OnlyOneConditionMustBeGood>
            <OnlyDoneByServer>false</OnlyDoneByServer>
            <Conditions />
            <HotSpots />
            <MissionId>Az_Dr_N1_Contingency</MissionId>
            <GiverId>Generic_Civilian</GiverId>
            <GiverPosition>
              <X>2020.80029</X>
              <Y>1315.44067</Y>
              <Z>-111.071533</Z>
            </GiverPosition>
          </Action>
          <Action xsi:type="TurnInMission">
            <ActionID>56951782-da94-421b-9b7b-c1da10b6e96e</ActionID>
            <OverrideName />
            <Sound>
              <SoundName />
              <Trigger>OnActionCompleted</Trigger>
            </Sound>
            <Disabled>false</Disabled>
            <PlayWhileConditionsAreOk>true</PlayWhileConditionsAreOk>
            <PlayWhileUnSuccess>true</PlayWhileUnSuccess>
            <AssociateMission />
            <Loop>false</Loop>
            <MaxRunningTime>0</MaxRunningTime>
            <OnlyOneConditionMustBeGood>false</OnlyOneConditionMustBeGood>
            <OnlyDoneByServer>false</OnlyDoneByServer>
            <Conditions />
            <HotSpots />
            <MissionId>Az_Dr_N2_Shatter</MissionId>
            <GiverId>Generic_Civilian</GiverId>
            <GiverPosition>
              <X>1959.29492</X>
              <Y>1298.53882</Y>
              <Z>-102.935547</Z>
            </GiverPosition>
          </Action>
          <Action xsi:type="TurnInMission">
            <ActionID>aac63d84-4911-4328-a213-af93ca702464</ActionID>
            <OverrideName />
            <Sound>
              <SoundName />
              <Trigger>OnActionCompleted</Trigger>
            </Sound>
            <Disabled>false</Disabled>
            <PlayWhileConditionsAreOk>true</PlayWhileConditionsAreOk>
            <PlayWhileUnSuccess>true</PlayWhileUnSuccess>
            <AssociateMission />
            <Loop>false</Loop>
            <MaxRunningTime>0</MaxRunningTime>
            <OnlyOneConditionMustBeGood>false</OnlyOneConditionMustBeGood>
            <OnlyDoneByServer>false</OnlyDoneByServer>
            <Conditions />
            <HotSpots />
            <MissionId>Az_Dr_N3_Undeath_To_Death</MissionId>
            <GiverId>Generic_Civilian</GiverId>
            <GiverPosition>
              <X>2020.80029</X>
              <Y>1315.44067</Y>
              <Z>-111.071533</Z>
            </GiverPosition>
          </Action>
          <Action xsi:type="TurnInMission">
            <ActionID>5cff32e2-15ad-4400-b2cb-87fe979c5360</ActionID>
            <OverrideName />
            <Sound>
              <SoundName />
              <Trigger>OnActionCompleted</Trigger>
            </Sound>
            <Disabled>false</Disabled>
            <PlayWhileConditionsAreOk>true</PlayWhileConditionsAreOk>
            <PlayWhileUnSuccess>true</PlayWhileUnSuccess>
            <AssociateMission />
            <Loop>false</Loop>
            <MaxRunningTime>0</MaxRunningTime>
            <OnlyOneConditionMustBeGood>false</OnlyOneConditionMustBeGood>
            <OnlyDoneByServer>false</OnlyDoneByServer>
            <Conditions />
            <HotSpots />
            <MissionId>Az_Dr_N2_Silence</MissionId>
            <GiverId>Generic_Civilian</GiverId>
            <GiverPosition>
              <X>1959.29492</X>
              <Y>1298.53882</Y>
              <Z>-102.935547</Z>
            </GiverPosition>
          </Action>
          <Action xsi:type="TurnInMission">
            <ActionID>b2d23de9-279c-4526-af5b-4be5767fd705</ActionID>
            <OverrideName />
            <Sound>
              <SoundName />
              <Trigger>OnActionCompleted</Trigger>
            </Sound>
            <Disabled>false</Disabled>
            <PlayWhileConditionsAreOk>true</PlayWhileConditionsAreOk>
            <PlayWhileUnSuccess>true</PlayWhileUnSuccess>
            <AssociateMission />
            <Loop>false</Loop>
            <MaxRunningTime>0</MaxRunningTime>
            <OnlyOneConditionMustBeGood>false</OnlyOneConditionMustBeGood>
            <OnlyDoneByServer>false</OnlyDoneByServer>
            <Conditions />
            <HotSpots />
            <MissionId>Az_Dr_Overlap_Gentle_Repose</MissionId>
            <GiverId>Generic_Civilian</GiverId>
            <GiverPosition>
              <X>2001.00024</X>
              <Y>1170.49976</Y>
              <Z>-116.687256</Z>
            </GiverPosition>
          </Action>
          <Action xsi:type="TurnInMission">
            <ActionID>3cc73809-5574-4ad4-bf72-d5847a3c97d9</ActionID>
            <OverrideName />
            <Sound>
              <SoundName />
              <Trigger>OnActionCompleted</Trigger>
            </Sound>
            <Disabled>false</Disabled>
            <PlayWhileConditionsAreOk>true</PlayWhileConditionsAreOk>
            <PlayWhileUnSuccess>true</PlayWhileUnSuccess>
            <AssociateMission />
            <Loop>false</Loop>
            <MaxRunningTime>0</MaxRunningTime>
            <OnlyOneConditionMustBeGood>false</OnlyOneConditionMustBeGood>
            <OnlyDoneByServer>false</OnlyDoneByServer>
            <Conditions />
            <HotSpots />
            <MissionId>Az_Dr_Weekly_Red_Wizards</MissionId>
            <GiverId>Npc_Ally_Fighter_Knox_Mounted</GiverId>
            <GiverPosition>
              <X>2115.68848</X>
              <Y>1196.0459</Y>
              <Z>-102.896729</Z>
            </GiverPosition>
          </Action>
        </Actions>
        <SimultaneousActions>false</SimultaneousActions>
      </Action>
    </Actions>
    <SimultaneousActions>false</SimultaneousActions>
  </MainActionPack>
  <Saved>true</Saved>
</Profile>