<?xml version="1.0"?>
<Profile xmlns:xsi="http://www.w3.org/2001/XMLSchema-instance" xmlns:xsd="http://www.w3.org/2001/XMLSchema">
  <Vendors />
  <BlackList />
  <KillRadius>20</KillRadius>
  <CustomRegions />
  <UseExternalMeshFile>false</UseExternalMeshFile>
  <ExternalMeshFileName />
  <DisablePet>false</DisablePet>
  <FollowerDistance>10</FollowerDistance>
  <DisableFollow>false</DisableFollow>
  <MainActionPack>
    <ActionID>6e7708e8-8e6d-4c1d-88a6-b7d34b30a591</ActionID>
    <OverrideName />
    <Sound>
      <SoundName />
      <Trigger>OnActionCompleted</Trigger>
    </Sound>
    <Disabled>false</Disabled>
    <PlayWhileConditionsAreOk>false</PlayWhileConditionsAreOk>
    <PlayWhileUnSuccess>true</PlayWhileUnSuccess>
    <AssociateMission />
    <Loop>false</Loop>
    <MaxRunningTime>0</MaxRunningTime>
    <OnlyOneConditionMustBeGood>false</OnlyOneConditionMustBeGood>
    <OnlyDoneByServer>false</OnlyDoneByServer>
    <Conditions />
    <HotSpots />
    <Actions>
      <Action xsi:type="MoveTo">
        <ActionID>4c5e9529-25e2-4a01-af5c-ff82e8663abf</ActionID>
        <OverrideName />
        <Sound>
          <SoundName />
          <Trigger>OnActionCompleted</Trigger>
        </Sound>
        <Disabled>false</Disabled>
        <PlayWhileConditionsAreOk>false</PlayWhileConditionsAreOk>
        <PlayWhileUnSuccess>true</PlayWhileUnSuccess>
        <AssociateMission />
        <Loop>false</Loop>
        <MaxRunningTime>0</MaxRunningTime>
        <OnlyOneConditionMustBeGood>false</OnlyOneConditionMustBeGood>
        <OnlyDoneByServer>false</OnlyDoneByServer>
        <Conditions />
        <HotSpots />
        <Position>
          <X>956.5849</X>
          <Y>1322.64124</Y>
          <Z>173.86969</Z>
        </Position>
        <Range>5</Range>
      </Action>
      <Action xsi:type="InteractSpecificNPC">
        <ActionID>c7224f4b-268d-4323-b545-276a443b9b18</ActionID>
        <OverrideName />
        <Sound>
          <SoundName />
          <Trigger>OnActionCompleted</Trigger>
        </Sound>
        <Disabled>false</Disabled>
        <PlayWhileConditionsAreOk>false</PlayWhileConditionsAreOk>
        <PlayWhileUnSuccess>true</PlayWhileUnSuccess>
        <AssociateMission />
        <Loop>false</Loop>
        <MaxRunningTime>0</MaxRunningTime>
        <OnlyOneConditionMustBeGood>false</OnlyOneConditionMustBeGood>
        <OnlyDoneByServer>false</OnlyDoneByServer>
        <Conditions />
        <HotSpots />
        <NPCCostume />
        <Dialogs>
          <string>OptionsList.MissionOffer.Special_Artifact_Level_60_Pm_0</string>
          <string>ViewOfferedMission.Accept</string>
        </Dialogs>
        <DisplayName />
        <Position>
          <X>0</X>
          <Y>0</Y>
          <Z>0</Z>
        </Position>
        <InteractTime>2000</InteractTime>
        <Tolerance>1</Tolerance>
      </Action>
      <Action xsi:type="ChangeMap">
        <ActionID>7d899978-ea88-4432-a1d2-da7bad8ed04e</ActionID>
        <OverrideName />
        <Sound>
          <SoundName />
          <Trigger>OnActionCompleted</Trigger>
        </Sound>
        <Disabled>false</Disabled>
        <PlayWhileConditionsAreOk>false</PlayWhileConditionsAreOk>
        <PlayWhileUnSuccess>true</PlayWhileUnSuccess>
        <AssociateMission />
        <Loop>false</Loop>
        <MaxRunningTime>0</MaxRunningTime>
        <OnlyOneConditionMustBeGood>false</OnlyOneConditionMustBeGood>
        <OnlyDoneByServer>false</OnlyDoneByServer>
        <Conditions />
        <HotSpots />
        <NodePosition>
          <X>1202.96436</X>
          <Y>478.092773</Y>
          <Z>25.3878021</Z>
        </NodePosition>
        <MapName>Artifact_Level60</MapName>
        <SecondMapName />
        <DisableVIPTravel>false</DisableVIPTravel>
        <NodeCategory>Door</NodeCategory>
      </Action>
      <Action xsi:type="InteractSpecificNPC">
        <ActionID>cc713739-714b-43ea-9f44-39df3437887c</ActionID>
        <OverrideName />
        <Sound>
          <SoundName />
          <Trigger>OnActionCompleted</Trigger>
        </Sound>
        <Disabled>false</Disabled>
        <PlayWhileConditionsAreOk>false</PlayWhileConditionsAreOk>
        <PlayWhileUnSuccess>true</PlayWhileUnSuccess>
        <AssociateMission />
        <Loop>false</Loop>
        <MaxRunningTime>0</MaxRunningTime>
        <OnlyOneConditionMustBeGood>false</OnlyOneConditionMustBeGood>
        <OnlyDoneByServer>false</OnlyDoneByServer>
        <Conditions />
        <HotSpots />
        <NPCCostume />
        <Dialogs>
          <string>SpecialDialog.Continue</string>
        </Dialogs>
        <DisplayName>Сержант Нокс</DisplayName>
        <Position>
          <X>-6761.20459</X>
          <Y>261.20752</Y>
          <Z>1.77099609</Z>
        </Position>
        <InteractTime>2000</InteractTime>
        <Tolerance>1</Tolerance>
      </Action>
      <Action xsi:type="InteractSpecificNode">
        <ActionID>fb5e14f9-1203-4203-a399-d8c56805b86f</ActionID>
        <OverrideName />
        <Sound>
          <SoundName />
          <Trigger>OnActionCompleted</Trigger>
        </Sound>
        <Disabled>false</Disabled>
        <PlayWhileConditionsAreOk>false</PlayWhileConditionsAreOk>
        <PlayWhileUnSuccess>true</PlayWhileUnSuccess>
        <AssociateMission />
        <Loop>false</Loop>
        <MaxRunningTime>0</MaxRunningTime>
        <OnlyOneConditionMustBeGood>false</OnlyOneConditionMustBeGood>
        <OnlyDoneByServer>false</OnlyDoneByServer>
        <Conditions />
        <HotSpots />
        <NodeCategory />
        <LocalizedName />
        <Dialogs />
        <InteractTime>1000</InteractTime>
        <Position>
          <X>-6773.916</X>
          <Y>282.515472</Y>
          <Z>6.771</Z>
        </Position>
        <RewardItemChoose />
        <SkipTimeout>0</SkipTimeout>
      </Action>
      <Action xsi:type="InteractSpecificNPC">
        <ActionID>e097b4b2-3f5b-43a6-84d0-3b201b01e80e</ActionID>
        <OverrideName />
        <Sound>
          <SoundName />
          <Trigger>OnActionCompleted</Trigger>
        </Sound>
        <Disabled>false</Disabled>
        <PlayWhileConditionsAreOk>false</PlayWhileConditionsAreOk>
        <PlayWhileUnSuccess>true</PlayWhileUnSuccess>
        <AssociateMission />
        <Loop>false</Loop>
        <MaxRunningTime>0</MaxRunningTime>
        <OnlyOneConditionMustBeGood>false</OnlyOneConditionMustBeGood>
        <OnlyDoneByServer>false</OnlyDoneByServer>
        <Conditions />
        <HotSpots />
        <NPCCostume />
        <Dialogs>
          <string>SpecialDialog.action_0</string>
          <string>SpecialDialog.Continue</string>
        </Dialogs>
        <DisplayName>Таинственный дроу</DisplayName>
        <Position>
          <X>-6842.596</X>
          <Y>774.4199</Y>
          <Z>-20.3164063</Z>
        </Position>
        <InteractTime>2000</InteractTime>
        <Tolerance>1</Tolerance>
      </Action>
      <Action xsi:type="ActionPack">
        <ActionID>0ccf8e19-47af-48de-b678-8d80ed33c47a</ActionID>
        <OverrideName />
        <Sound>
          <SoundName />
          <Trigger>OnActionCompleted</Trigger>
        </Sound>
        <Disabled>false</Disabled>
        <PlayWhileConditionsAreOk>false</PlayWhileConditionsAreOk>
        <PlayWhileUnSuccess>true</PlayWhileUnSuccess>
        <AssociateMission />
        <Loop>false</Loop>
        <MaxRunningTime>0</MaxRunningTime>
        <OnlyOneConditionMustBeGood>false</OnlyOneConditionMustBeGood>
        <OnlyDoneByServer>false</OnlyDoneByServer>
        <Conditions />
        <HotSpots />
        <Actions>
          <Action xsi:type="InteractSpecificNode">
            <ActionID>18989a89-560e-4591-a18d-7d9d76730ea1</ActionID>
            <OverrideName />
            <Sound>
              <SoundName />
              <Trigger>OnActionCompleted</Trigger>
            </Sound>
            <Disabled>false</Disabled>
            <PlayWhileConditionsAreOk>false</PlayWhileConditionsAreOk>
            <PlayWhileUnSuccess>true</PlayWhileUnSuccess>
            <AssociateMission />
            <Loop>false</Loop>
            <MaxRunningTime>0</MaxRunningTime>
            <OnlyOneConditionMustBeGood>false</OnlyOneConditionMustBeGood>
            <OnlyDoneByServer>false</OnlyDoneByServer>
            <Conditions />
            <HotSpots />
            <NodeCategory />
            <LocalizedName />
            <Dialogs />
            <InteractTime>1000</InteractTime>
            <Position>
              <X>-7150.81836</X>
              <Y>973.6619</Y>
              <Z>-46.0279</Z>
            </Position>
            <RewardItemChoose />
            <SkipTimeout>0</SkipTimeout>
          </Action>
          <Action xsi:type="InteractSpecificNode">
            <ActionID>7318c363-4384-411d-b92b-a7acbb7a9fa5</ActionID>
            <OverrideName />
            <Sound>
              <SoundName />
              <Trigger>OnActionCompleted</Trigger>
            </Sound>
            <Disabled>false</Disabled>
            <PlayWhileConditionsAreOk>false</PlayWhileConditionsAreOk>
            <PlayWhileUnSuccess>true</PlayWhileUnSuccess>
            <AssociateMission />
            <Loop>false</Loop>
            <MaxRunningTime>0</MaxRunningTime>
            <OnlyOneConditionMustBeGood>false</OnlyOneConditionMustBeGood>
            <OnlyDoneByServer>false</OnlyDoneByServer>
            <Conditions />
            <HotSpots />
            <NodeCategory />
            <LocalizedName />
            <Dialogs />
            <InteractTime>1000</InteractTime>
            <Position>
              <X>-6637</X>
              <Y>623</Y>
              <Z>-133.1463</Z>
            </Position>
            <RewardItemChoose />
            <SkipTimeout>0</SkipTimeout>
          </Action>
          <Action xsi:type="InteractSpecificNode">
            <ActionID>445f8ee2-2751-4556-8207-2b5dc7ed531b</ActionID>
            <OverrideName />
            <Sound>
              <SoundName />
              <Trigger>OnActionCompleted</Trigger>
            </Sound>
            <Disabled>false</Disabled>
            <PlayWhileConditionsAreOk>false</PlayWhileConditionsAreOk>
            <PlayWhileUnSuccess>true</PlayWhileUnSuccess>
            <AssociateMission />
            <Loop>false</Loop>
            <MaxRunningTime>0</MaxRunningTime>
            <OnlyOneConditionMustBeGood>false</OnlyOneConditionMustBeGood>
            <OnlyDoneByServer>false</OnlyDoneByServer>
            <Conditions />
            <HotSpots />
            <NodeCategory />
            <LocalizedName />
            <Dialogs />
            <InteractTime>1000</InteractTime>
            <Position>
              <X>-6568.49072</X>
              <Y>690.956543</Y>
              <Z>-129.885971</Z>
            </Position>
            <RewardItemChoose />
            <SkipTimeout>0</SkipTimeout>
          </Action>
        </Actions>
        <SimultaneousActions>false</SimultaneousActions>
      </Action>
      <Action xsi:type="InteractSpecificNode">
        <ActionID>72f85368-3d93-46cf-96ca-5fc748638077</ActionID>
        <OverrideName />
        <Sound>
          <SoundName />
          <Trigger>OnActionCompleted</Trigger>
        </Sound>
        <Disabled>false</Disabled>
        <PlayWhileConditionsAreOk>false</PlayWhileConditionsAreOk>
        <PlayWhileUnSuccess>true</PlayWhileUnSuccess>
        <AssociateMission />
        <Loop>false</Loop>
        <MaxRunningTime>0</MaxRunningTime>
        <OnlyOneConditionMustBeGood>false</OnlyOneConditionMustBeGood>
        <OnlyDoneByServer>false</OnlyDoneByServer>
        <Conditions />
        <HotSpots />
        <NodeCategory>Door</NodeCategory>
        <LocalizedName />
        <Dialogs />
        <InteractTime>1000</InteractTime>
        <Position>
          <X>-6579.898</X>
          <Y>724.8981</Y>
          <Z>-133.1939</Z>
        </Position>
        <RewardItemChoose />
        <SkipTimeout>0</SkipTimeout>
      </Action>
      <Action xsi:type="ActionPack">
        <ActionID>7a9b31a9-586d-405b-bb64-578b35d9c0ad</ActionID>
        <OverrideName />
        <Sound>
          <SoundName />
          <Trigger>OnActionCompleted</Trigger>
        </Sound>
        <Disabled>false</Disabled>
        <PlayWhileConditionsAreOk>false</PlayWhileConditionsAreOk>
        <PlayWhileUnSuccess>true</PlayWhileUnSuccess>
        <AssociateMission />
        <Loop>false</Loop>
        <MaxRunningTime>0</MaxRunningTime>
        <OnlyOneConditionMustBeGood>false</OnlyOneConditionMustBeGood>
        <OnlyDoneByServer>false</OnlyDoneByServer>
        <Conditions />
        <HotSpots />
        <Actions>
          <Action xsi:type="InteractSpecificNode">
            <ActionID>7f123bee-876e-4431-a944-acc7598de04b</ActionID>
            <OverrideName />
            <Sound>
              <SoundName />
              <Trigger>OnActionCompleted</Trigger>
            </Sound>
            <Disabled>false</Disabled>
            <PlayWhileConditionsAreOk>false</PlayWhileConditionsAreOk>
            <PlayWhileUnSuccess>true</PlayWhileUnSuccess>
            <AssociateMission />
            <Loop>false</Loop>
            <MaxRunningTime>0</MaxRunningTime>
            <OnlyOneConditionMustBeGood>false</OnlyOneConditionMustBeGood>
            <OnlyDoneByServer>false</OnlyDoneByServer>
            <Conditions />
            <HotSpots />
            <NodeCategory />
            <LocalizedName />
            <Dialogs />
            <InteractTime>1000</InteractTime>
            <Position>
              <X>-6873.61963</X>
              <Y>987.4147</Y>
              <Z>-7826.86572</Z>
            </Position>
            <RewardItemChoose />
            <SkipTimeout>0</SkipTimeout>
          </Action>
          <Action xsi:type="Grind">
            <ActionID>ae7ca5ef-4951-43c0-aace-f5c4b8decaa7</ActionID>
            <OverrideName />
            <Sound>
              <SoundName />
              <Trigger>OnActionCompleted</Trigger>
            </Sound>
            <Disabled>false</Disabled>
            <PlayWhileConditionsAreOk>true</PlayWhileConditionsAreOk>
            <PlayWhileUnSuccess>true</PlayWhileUnSuccess>
            <AssociateMission />
            <Loop>false</Loop>
            <MaxRunningTime>0</MaxRunningTime>
            <OnlyOneConditionMustBeGood>false</OnlyOneConditionMustBeGood>
            <OnlyDoneByServer>false</OnlyDoneByServer>
            <Conditions>
              <Condition xsi:type="QuestInfo">
                <Locked>false</Locked>
                <QuestID>Special_Artifact_Level_60_Pm/Complete_Open_Mission</QuestID>
                <Tested>InProgress</Tested>
              </Condition>
            </Conditions>
            <HotSpots>
              <Vector3>
                <X>-6883.60547</X>
                <Y>1043.06848</Y>
                <Z>-7827.26855</Z>
              </Vector3>
              <Vector3>
                <X>-6902.64941</X>
                <Y>1072.87061</Y>
                <Z>-7827.26855</Z>
              </Vector3>
            </HotSpots>
          </Action>
          <Action xsi:type="GoToAction">
            <ActionID>253d8ad7-6cb8-48af-a96a-b70e02b32b9e</ActionID>
            <OverrideName />
            <Sound>
              <SoundName />
              <Trigger>OnActionCompleted</Trigger>
            </Sound>
            <Disabled>false</Disabled>
            <PlayWhileConditionsAreOk>true</PlayWhileConditionsAreOk>
            <PlayWhileUnSuccess>true</PlayWhileUnSuccess>
            <AssociateMission />
            <Loop>false</Loop>
            <MaxRunningTime>0</MaxRunningTime>
            <OnlyOneConditionMustBeGood>false</OnlyOneConditionMustBeGood>
            <OnlyDoneByServer>true</OnlyDoneByServer>
            <Conditions>
              <Condition xsi:type="QuestInfo">
                <Locked>false</Locked>
                <QuestID>Special_Artifact_Level_60_Om/Kill_Boss</QuestID>
                <Tested>InProgress</Tested>
              </Condition>
            </Conditions>
            <HotSpots />
            <ResetAllCompletedActions>false</ResetAllCompletedActions>
            <DestinationActionID>7f123bee-876e-4431-a944-acc7598de04b</DestinationActionID>
          </Action>
          <Action xsi:type="InteractSpecificNode">
            <ActionID>2afab587-1a97-420a-8a86-e7fb02c9ca6f</ActionID>
            <OverrideName />
            <Sound>
              <SoundName />
              <Trigger>OnActionCompleted</Trigger>
            </Sound>
            <Disabled>false</Disabled>
            <PlayWhileConditionsAreOk>false</PlayWhileConditionsAreOk>
            <PlayWhileUnSuccess>true</PlayWhileUnSuccess>
            <AssociateMission />
            <Loop>false</Loop>
            <MaxRunningTime>0</MaxRunningTime>
            <OnlyOneConditionMustBeGood>false</OnlyOneConditionMustBeGood>
            <OnlyDoneByServer>false</OnlyDoneByServer>
            <Conditions />
            <HotSpots />
            <NodeCategory>Loot</NodeCategory>
            <LocalizedName />
            <Dialogs />
            <InteractTime>1000</InteractTime>
            <Position>
              <X>-6904.415</X>
              <Y>1129.753</Y>
              <Z>-7824.66748</Z>
            </Position>
            <RewardItemChoose />
            <SkipTimeout>0</SkipTimeout>
          </Action>
          <Action xsi:type="InteractSpecificNode">
            <ActionID>448e3d3a-148d-47ca-995b-7b7405352260</ActionID>
            <OverrideName />
            <Sound>
              <SoundName />
              <Trigger>OnActionCompleted</Trigger>
            </Sound>
            <Disabled>false</Disabled>
            <PlayWhileConditionsAreOk>false</PlayWhileConditionsAreOk>
            <PlayWhileUnSuccess>true</PlayWhileUnSuccess>
            <AssociateMission />
            <Loop>false</Loop>
            <MaxRunningTime>0</MaxRunningTime>
            <OnlyOneConditionMustBeGood>false</OnlyOneConditionMustBeGood>
            <OnlyDoneByServer>false</OnlyDoneByServer>
            <Conditions />
            <HotSpots />
            <NodeCategory>Door</NodeCategory>
            <LocalizedName />
            <Dialogs />
            <InteractTime>1000</InteractTime>
            <Position>
              <X>-6933.39258</X>
              <Y>1106.40576</Y>
              <Z>-7819.781</Z>
            </Position>
            <RewardItemChoose />
            <SkipTimeout>0</SkipTimeout>
          </Action>
        </Actions>
        <SimultaneousActions>false</SimultaneousActions>
      </Action>
      <Action xsi:type="MoveTo">
        <ActionID>f390ca45-3356-4e37-9c8d-ef716f24cfe5</ActionID>
        <OverrideName />
        <Sound>
          <SoundName />
          <Trigger>OnActionCompleted</Trigger>
        </Sound>
        <Disabled>false</Disabled>
        <PlayWhileConditionsAreOk>false</PlayWhileConditionsAreOk>
        <PlayWhileUnSuccess>true</PlayWhileUnSuccess>
        <AssociateMission />
        <Loop>false</Loop>
        <MaxRunningTime>0</MaxRunningTime>
        <OnlyOneConditionMustBeGood>false</OnlyOneConditionMustBeGood>
        <OnlyDoneByServer>false</OnlyDoneByServer>
        <Conditions />
        <HotSpots />
        <Position>
          <X>955.5309</X>
          <Y>1322.623</Y>
          <Z>173.86969</Z>
        </Position>
        <Range>5</Range>
      </Action>
      <Action xsi:type="InteractSpecificNPC">
        <ActionID>3a8afcf0-8a19-46d4-97bb-bb9f94aad8ab</ActionID>
        <OverrideName />
        <Sound>
          <SoundName />
          <Trigger>OnActionCompleted</Trigger>
        </Sound>
        <Disabled>false</Disabled>
        <PlayWhileConditionsAreOk>false</PlayWhileConditionsAreOk>
        <PlayWhileUnSuccess>true</PlayWhileUnSuccess>
        <AssociateMission />
        <Loop>false</Loop>
        <MaxRunningTime>0</MaxRunningTime>
        <OnlyOneConditionMustBeGood>false</OnlyOneConditionMustBeGood>
        <OnlyDoneByServer>false</OnlyDoneByServer>
        <Conditions />
        <HotSpots />
        <NPCCostume />
        <Dialogs>
          <string>OptionsList.CompleteMission.Special_Artifact_Level_60_Pm_0</string>
          <string>ViewCompleteMission.Continue</string>
        </Dialogs>
        <DisplayName />
        <Position>
          <X>0</X>
          <Y>0</Y>
          <Z>0</Z>
        </Position>
        <InteractTime>2000</InteractTime>
        <Tolerance>1</Tolerance>
      </Action>
    </Actions>
    <SimultaneousActions>false</SimultaneousActions>
  </MainActionPack>
  <Saved>true</Saved>
</Profile>