<?xml version="1.0"?>
<Profile xmlns:xsi="http://www.w3.org/2001/XMLSchema-instance" xmlns:xsd="http://www.w3.org/2001/XMLSchema">
  <Vendors />
  <BlackList />
  <KillRadius>20</KillRadius>
  <CustomRegions />
  <UseExternalMeshFile>false</UseExternalMeshFile>
  <ExternalMeshFileName />
  <DisablePet>false</DisablePet>
  <FollowerDistance>10</FollowerDistance>
  <DisableFollow>false</DisableFollow>
  <MainActionPack>
    <ActionID>7465a39b-5bcd-44c4-8020-a60dd4257244</ActionID>
    <OverrideName />
    <Sound>
      <SoundName />
      <Trigger>OnActionCompleted</Trigger>
    </Sound>
    <Disabled>false</Disabled>
    <PlayWhileConditionsAreOk>false</PlayWhileConditionsAreOk>
    <PlayWhileUnSuccess>true</PlayWhileUnSuccess>
    <AssociateMission />
    <Loop>false</Loop>
    <MaxRunningTime>0</MaxRunningTime>
    <OnlyOneConditionMustBeGood>false</OnlyOneConditionMustBeGood>
    <OnlyDoneByServer>false</OnlyDoneByServer>
    <Conditions />
    <HotSpots />
    <Actions>
      <Action xsi:type="ActionPack">
        <ActionID>0924a93c-fe26-48a9-8067-dd2e747e5f4a</ActionID>
        <OverrideName>ActionPack (in Never)</OverrideName>
        <Sound>
          <SoundName />
          <Trigger>OnActionCompleted</Trigger>
        </Sound>
        <Disabled>false</Disabled>
        <PlayWhileConditionsAreOk>false</PlayWhileConditionsAreOk>
        <PlayWhileUnSuccess>true</PlayWhileUnSuccess>
        <AssociateMission />
        <Loop>false</Loop>
        <MaxRunningTime>0</MaxRunningTime>
        <OnlyOneConditionMustBeGood>false</OnlyOneConditionMustBeGood>
        <OnlyDoneByServer>false</OnlyDoneByServer>
        <Conditions />
        <HotSpots />
        <Actions>
          <Action xsi:type="JoinMatch">
            <ActionID>7bfd9f7c-79b6-44c0-aff2-f6dee4d70ff6</ActionID>
            <OverrideName />
            <Sound>
              <SoundName />
              <Trigger>OnActionCompleted</Trigger>
            </Sound>
            <Disabled>false</Disabled>
            <PlayWhileConditionsAreOk>true</PlayWhileConditionsAreOk>
            <PlayWhileUnSuccess>true</PlayWhileUnSuccess>
            <AssociateMission />
            <Loop>false</Loop>
            <MaxRunningTime>10</MaxRunningTime>
            <OnlyOneConditionMustBeGood>false</OnlyOneConditionMustBeGood>
            <OnlyDoneByServer>false</OnlyDoneByServer>
            <Conditions>
              <Condition xsi:type="CurrentMap">
                <Locked>false</Locked>
                <Tested>Equal</Tested>
                <MapName>Neverwinter_Protectors_Enclave</MapName>
              </Condition>
            </Conditions>
            <HotSpots />
            <MatchName>M8_Skirmish_Prophecy</MatchName>
            <AdditionnalMatchs />
            <TryToReturnBefore>false</TryToReturnBefore>
            <PrivateMatch>false</PrivateMatch>
          </Action>
        </Actions>
        <SimultaneousActions>false</SimultaneousActions>
      </Action>
      <Action xsi:type="InteractSpecificNode">
        <ActionID>bd7fb8d1-8401-4a63-9ded-e3bd97b02244</ActionID>
        <OverrideName>InteractSpecificNode(Enter)</OverrideName>
        <Sound>
          <SoundName />
          <Trigger>OnActionCompleted</Trigger>
        </Sound>
        <Disabled>false</Disabled>
        <PlayWhileConditionsAreOk>true</PlayWhileConditionsAreOk>
        <PlayWhileUnSuccess>true</PlayWhileUnSuccess>
        <AssociateMission />
        <Loop>false</Loop>
        <MaxRunningTime>0</MaxRunningTime>
        <OnlyOneConditionMustBeGood>false</OnlyOneConditionMustBeGood>
        <OnlyDoneByServer>false</OnlyDoneByServer>
        <Conditions>
          <Condition xsi:type="CurrentMap">
            <Locked>false</Locked>
            <Tested>Equal</Tested>
            <MapName>M8_Skirmish_Prophecy</MapName>
          </Condition>
        </Conditions>
        <HotSpots />
        <NodeCategory>Door</NodeCategory>
        <LocalizedName />
        <Dialogs />
        <InteractTime>10000</InteractTime>
        <Position>
          <X>2204.04883</X>
          <Y>-2081</Y>
          <Z>40.6452026</Z>
        </Position>
        <RewardItemChoose />
        <SkipTimeout>0</SkipTimeout>
      </Action>
      <Action xsi:type="ActionPack">
        <ActionID>b7341a93-dba7-4ed8-a0c8-19c170b3546b</ActionID>
        <OverrideName />
        <Sound>
          <SoundName />
          <Trigger>OnActionCompleted</Trigger>
        </Sound>
        <Disabled>false</Disabled>
        <PlayWhileConditionsAreOk>false</PlayWhileConditionsAreOk>
        <PlayWhileUnSuccess>true</PlayWhileUnSuccess>
        <AssociateMission />
        <Loop>false</Loop>
        <MaxRunningTime>0</MaxRunningTime>
        <OnlyOneConditionMustBeGood>false</OnlyOneConditionMustBeGood>
        <OnlyDoneByServer>false</OnlyDoneByServer>
        <Conditions>
          <Condition xsi:type="QuestInfo">
            <Locked>false</Locked>
            <QuestID>M8_Skirmish_Prophecy_Om/Variant_01_Chosen/01_Phase_01</QuestID>
            <Tested>InProgress</Tested>
          </Condition>
        </Conditions>
        <HotSpots />
        <Actions>
          <Action xsi:type="GenericInteraction">
            <ActionID>5ee144ec-f681-4f1f-8790-6791a380d8e1</ActionID>
            <OverrideName />
            <Sound>
              <SoundName />
              <Trigger>OnActionCompleted</Trigger>
            </Sound>
            <Disabled>false</Disabled>
            <PlayWhileConditionsAreOk>false</PlayWhileConditionsAreOk>
            <PlayWhileUnSuccess>true</PlayWhileUnSuccess>
            <AssociateMission />
            <Loop>false</Loop>
            <MaxRunningTime>0</MaxRunningTime>
            <OnlyOneConditionMustBeGood>false</OnlyOneConditionMustBeGood>
            <OnlyDoneByServer>false</OnlyDoneByServer>
            <Conditions />
            <HotSpots />
            <Position>
              <X>2164.41821</X>
              <Y>-2173.195</Y>
              <Z>47.0222473</Z>
            </Position>
            <Dialogs />
            <InteractTime>1000</InteractTime>
            <SkipTimeout>0</SkipTimeout>
          </Action>
          <Action xsi:type="GenericInteraction">
            <ActionID>98d5923f-6b9c-4130-83c2-835adfa95315</ActionID>
            <OverrideName />
            <Sound>
              <SoundName />
              <Trigger>OnActionCompleted</Trigger>
            </Sound>
            <Disabled>false</Disabled>
            <PlayWhileConditionsAreOk>false</PlayWhileConditionsAreOk>
            <PlayWhileUnSuccess>true</PlayWhileUnSuccess>
            <AssociateMission />
            <Loop>false</Loop>
            <MaxRunningTime>0</MaxRunningTime>
            <OnlyOneConditionMustBeGood>false</OnlyOneConditionMustBeGood>
            <OnlyDoneByServer>false</OnlyDoneByServer>
            <Conditions />
            <HotSpots />
            <Position>
              <X>2138.764</X>
              <Y>-2196.468</Y>
              <Z>47.0222473</Z>
            </Position>
            <Dialogs />
            <InteractTime>1000</InteractTime>
            <SkipTimeout>0</SkipTimeout>
          </Action>
          <Action xsi:type="GenericInteraction">
            <ActionID>5e2a6bbd-1e72-40a3-af91-05a95e8bb8a5</ActionID>
            <OverrideName />
            <Sound>
              <SoundName />
              <Trigger>OnActionCompleted</Trigger>
            </Sound>
            <Disabled>false</Disabled>
            <PlayWhileConditionsAreOk>false</PlayWhileConditionsAreOk>
            <PlayWhileUnSuccess>true</PlayWhileUnSuccess>
            <AssociateMission />
            <Loop>false</Loop>
            <MaxRunningTime>0</MaxRunningTime>
            <OnlyOneConditionMustBeGood>false</OnlyOneConditionMustBeGood>
            <OnlyDoneByServer>false</OnlyDoneByServer>
            <Conditions />
            <HotSpots />
            <Position>
              <X>2141.99731</X>
              <Y>-2224.75635</Y>
              <Z>47.0222473</Z>
            </Position>
            <Dialogs />
            <InteractTime>1000</InteractTime>
            <SkipTimeout>0</SkipTimeout>
          </Action>
          <Action xsi:type="GenericInteraction">
            <ActionID>9527b58e-1111-4424-8ade-354b4ea7fc3f</ActionID>
            <OverrideName />
            <Sound>
              <SoundName />
              <Trigger>OnActionCompleted</Trigger>
            </Sound>
            <Disabled>false</Disabled>
            <PlayWhileConditionsAreOk>false</PlayWhileConditionsAreOk>
            <PlayWhileUnSuccess>true</PlayWhileUnSuccess>
            <AssociateMission />
            <Loop>false</Loop>
            <MaxRunningTime>0</MaxRunningTime>
            <OnlyOneConditionMustBeGood>false</OnlyOneConditionMustBeGood>
            <OnlyDoneByServer>false</OnlyDoneByServer>
            <Conditions />
            <HotSpots />
            <Position>
              <X>2176.24829</X>
              <Y>-2257.77759</Y>
              <Z>47.0222473</Z>
            </Position>
            <Dialogs />
            <InteractTime>1000</InteractTime>
            <SkipTimeout>0</SkipTimeout>
          </Action>
          <Action xsi:type="GenericInteraction">
            <ActionID>78249eef-b1f3-4955-b70b-21c240eae35a</ActionID>
            <OverrideName />
            <Sound>
              <SoundName />
              <Trigger>OnActionCompleted</Trigger>
            </Sound>
            <Disabled>false</Disabled>
            <PlayWhileConditionsAreOk>false</PlayWhileConditionsAreOk>
            <PlayWhileUnSuccess>true</PlayWhileUnSuccess>
            <AssociateMission />
            <Loop>false</Loop>
            <MaxRunningTime>0</MaxRunningTime>
            <OnlyOneConditionMustBeGood>false</OnlyOneConditionMustBeGood>
            <OnlyDoneByServer>false</OnlyDoneByServer>
            <Conditions />
            <HotSpots />
            <Position>
              <X>2222.71973</X>
              <Y>-2261.97168</Y>
              <Z>47.0222473</Z>
            </Position>
            <Dialogs />
            <InteractTime>1000</InteractTime>
            <SkipTimeout>0</SkipTimeout>
          </Action>
          <Action xsi:type="GenericInteraction">
            <ActionID>f6bc2440-7218-4693-ad87-5244c637d58d</ActionID>
            <OverrideName />
            <Sound>
              <SoundName />
              <Trigger>OnActionCompleted</Trigger>
            </Sound>
            <Disabled>false</Disabled>
            <PlayWhileConditionsAreOk>false</PlayWhileConditionsAreOk>
            <PlayWhileUnSuccess>true</PlayWhileUnSuccess>
            <AssociateMission />
            <Loop>false</Loop>
            <MaxRunningTime>0</MaxRunningTime>
            <OnlyOneConditionMustBeGood>false</OnlyOneConditionMustBeGood>
            <OnlyDoneByServer>false</OnlyDoneByServer>
            <Conditions />
            <HotSpots />
            <Position>
              <X>2269.58228</X>
              <Y>-2266.35962</Y>
              <Z>47.0222473</Z>
            </Position>
            <Dialogs />
            <InteractTime>1000</InteractTime>
            <SkipTimeout>0</SkipTimeout>
          </Action>
        </Actions>
        <SimultaneousActions>false</SimultaneousActions>
      </Action>
      <Action xsi:type="ActionPack">
        <ActionID>d1bb31cb-ff84-49f1-b00c-9eaa8a36303f</ActionID>
        <OverrideName />
        <Sound>
          <SoundName />
          <Trigger>OnActionCompleted</Trigger>
        </Sound>
        <Disabled>false</Disabled>
        <PlayWhileConditionsAreOk>true</PlayWhileConditionsAreOk>
        <PlayWhileUnSuccess>true</PlayWhileUnSuccess>
        <AssociateMission>M8_Skirmish_Prophecy_Om/Variant_01_Chosen/01_Phase_02</AssociateMission>
        <Loop>false</Loop>
        <MaxRunningTime>0</MaxRunningTime>
        <OnlyOneConditionMustBeGood>false</OnlyOneConditionMustBeGood>
        <OnlyDoneByServer>false</OnlyDoneByServer>
        <Conditions>
          <Condition xsi:type="QuestInfo">
            <Locked>false</Locked>
            <QuestID>M8_Skirmish_Prophecy_Om/Variant_01_Chosen/01_Phase_02</QuestID>
            <Tested>InProgress</Tested>
          </Condition>
        </Conditions>
        <HotSpots />
        <Actions>
          <Action xsi:type="GenericInteraction">
            <ActionID>021f0021-30e8-4231-9fec-07886b75476a</ActionID>
            <OverrideName />
            <Sound>
              <SoundName />
              <Trigger>OnActionCompleted</Trigger>
            </Sound>
            <Disabled>false</Disabled>
            <PlayWhileConditionsAreOk>false</PlayWhileConditionsAreOk>
            <PlayWhileUnSuccess>true</PlayWhileUnSuccess>
            <AssociateMission />
            <Loop>false</Loop>
            <MaxRunningTime>0</MaxRunningTime>
            <OnlyOneConditionMustBeGood>false</OnlyOneConditionMustBeGood>
            <OnlyDoneByServer>false</OnlyDoneByServer>
            <Conditions />
            <HotSpots />
            <Position>
              <X>2281.714</X>
              <Y>-2196.78955</Y>
              <Z>47.0222473</Z>
            </Position>
            <Dialogs />
            <InteractTime>1000</InteractTime>
            <SkipTimeout>0</SkipTimeout>
          </Action>
          <Action xsi:type="GenericInteraction">
            <ActionID>06a3f81a-d1ea-429b-bfc3-a152470ef32c</ActionID>
            <OverrideName />
            <Sound>
              <SoundName />
              <Trigger>OnActionCompleted</Trigger>
            </Sound>
            <Disabled>false</Disabled>
            <PlayWhileConditionsAreOk>false</PlayWhileConditionsAreOk>
            <PlayWhileUnSuccess>true</PlayWhileUnSuccess>
            <AssociateMission />
            <Loop>false</Loop>
            <MaxRunningTime>0</MaxRunningTime>
            <OnlyOneConditionMustBeGood>false</OnlyOneConditionMustBeGood>
            <OnlyDoneByServer>false</OnlyDoneByServer>
            <Conditions />
            <HotSpots />
            <Position>
              <X>2168.955</X>
              <Y>-2297.90747</Y>
              <Z>47.0222473</Z>
            </Position>
            <Dialogs />
            <InteractTime>1000</InteractTime>
            <SkipTimeout>0</SkipTimeout>
          </Action>
          <Action xsi:type="GenericInteraction">
            <ActionID>8853f3be-01ad-4a55-ae3e-e09e14c87851</ActionID>
            <OverrideName />
            <Sound>
              <SoundName />
              <Trigger>OnActionCompleted</Trigger>
            </Sound>
            <Disabled>false</Disabled>
            <PlayWhileConditionsAreOk>false</PlayWhileConditionsAreOk>
            <PlayWhileUnSuccess>true</PlayWhileUnSuccess>
            <AssociateMission />
            <Loop>false</Loop>
            <MaxRunningTime>0</MaxRunningTime>
            <OnlyOneConditionMustBeGood>false</OnlyOneConditionMustBeGood>
            <OnlyDoneByServer>false</OnlyDoneByServer>
            <Conditions />
            <HotSpots />
            <Position>
              <X>2177.85742</X>
              <Y>-2264.31128</Y>
              <Z>47.0222473</Z>
            </Position>
            <Dialogs />
            <InteractTime>1000</InteractTime>
            <SkipTimeout>0</SkipTimeout>
          </Action>
          <Action xsi:type="GenericInteraction">
            <ActionID>29035236-fdfe-4152-81d1-967b11d49ff5</ActionID>
            <OverrideName />
            <Sound>
              <SoundName />
              <Trigger>OnActionCompleted</Trigger>
            </Sound>
            <Disabled>false</Disabled>
            <PlayWhileConditionsAreOk>false</PlayWhileConditionsAreOk>
            <PlayWhileUnSuccess>true</PlayWhileUnSuccess>
            <AssociateMission />
            <Loop>false</Loop>
            <MaxRunningTime>0</MaxRunningTime>
            <OnlyOneConditionMustBeGood>false</OnlyOneConditionMustBeGood>
            <OnlyDoneByServer>false</OnlyDoneByServer>
            <Conditions />
            <HotSpots />
            <Position>
              <X>2143.76831</X>
              <Y>-2229.867</Y>
              <Z>47.0222473</Z>
            </Position>
            <Dialogs />
            <InteractTime>1000</InteractTime>
            <SkipTimeout>0</SkipTimeout>
          </Action>
          <Action xsi:type="GenericInteraction">
            <ActionID>e5a46e0d-b6b4-465d-898d-d7c90226bbc6</ActionID>
            <OverrideName />
            <Sound>
              <SoundName />
              <Trigger>OnActionCompleted</Trigger>
            </Sound>
            <Disabled>false</Disabled>
            <PlayWhileConditionsAreOk>false</PlayWhileConditionsAreOk>
            <PlayWhileUnSuccess>true</PlayWhileUnSuccess>
            <AssociateMission />
            <Loop>false</Loop>
            <MaxRunningTime>0</MaxRunningTime>
            <OnlyOneConditionMustBeGood>false</OnlyOneConditionMustBeGood>
            <OnlyDoneByServer>false</OnlyDoneByServer>
            <Conditions />
            <HotSpots />
            <Position>
              <X>2166.663</X>
              <Y>-2170.74683</Y>
              <Z>47.0222473</Z>
            </Position>
            <Dialogs />
            <InteractTime>1000</InteractTime>
            <SkipTimeout>0</SkipTimeout>
          </Action>
        </Actions>
        <SimultaneousActions>false</SimultaneousActions>
      </Action>
      <Action xsi:type="ActionPack">
        <ActionID>47c8a0a5-782f-4bca-b8b8-7bc3a8fc387e</ActionID>
        <OverrideName />
        <Sound>
          <SoundName />
          <Trigger>OnActionCompleted</Trigger>
        </Sound>
        <Disabled>false</Disabled>
        <PlayWhileConditionsAreOk>false</PlayWhileConditionsAreOk>
        <PlayWhileUnSuccess>true</PlayWhileUnSuccess>
        <AssociateMission>M8_Skirmish_Prophecy_Om/Variant_01_Chosen/01_Phase_03</AssociateMission>
        <Loop>false</Loop>
        <MaxRunningTime>0</MaxRunningTime>
        <OnlyOneConditionMustBeGood>false</OnlyOneConditionMustBeGood>
        <OnlyDoneByServer>false</OnlyDoneByServer>
        <Conditions />
        <HotSpots />
        <Actions>
          <Action xsi:type="Grind">
            <ActionID>9d745a56-86ca-42f7-8a2a-fd6cfd4f46f4</ActionID>
            <OverrideName />
            <Sound>
              <SoundName />
              <Trigger>OnActionCompleted</Trigger>
            </Sound>
            <Disabled>false</Disabled>
            <PlayWhileConditionsAreOk>false</PlayWhileConditionsAreOk>
            <PlayWhileUnSuccess>true</PlayWhileUnSuccess>
            <AssociateMission />
            <Loop>false</Loop>
            <MaxRunningTime>0</MaxRunningTime>
            <OnlyOneConditionMustBeGood>false</OnlyOneConditionMustBeGood>
            <OnlyDoneByServer>false</OnlyDoneByServer>
            <Conditions />
            <HotSpots>
              <Vector3>
                <X>2240.358</X>
                <Y>-2173.65283</Y>
                <Z>47.0222473</Z>
              </Vector3>
              <Vector3>
                <X>2240.50537</X>
                <Y>-2242.40552</Y>
                <Z>47.5694351</Z>
              </Vector3>
              <Vector3>
                <X>2180.93457</X>
                <Y>-2255.995</Y>
                <Z>47.0222473</Z>
              </Vector3>
              <Vector3>
                <X>2166.185</X>
                <Y>-2182.763</Y>
                <Z>47.0222473</Z>
              </Vector3>
            </HotSpots>
          </Action>
        </Actions>
        <SimultaneousActions>false</SimultaneousActions>
      </Action>
      <Action xsi:type="InteractSpecificNode">
        <ActionID>91f8d85f-59df-4d98-bd43-c5c6848be135</ActionID>
        <OverrideName>InteractSpecificNode(Exit)</OverrideName>
        <Sound>
          <SoundName />
          <Trigger>OnActionCompleted</Trigger>
        </Sound>
        <Disabled>false</Disabled>
        <PlayWhileConditionsAreOk>false</PlayWhileConditionsAreOk>
        <PlayWhileUnSuccess>true</PlayWhileUnSuccess>
        <AssociateMission />
        <Loop>false</Loop>
        <MaxRunningTime>0</MaxRunningTime>
        <OnlyOneConditionMustBeGood>false</OnlyOneConditionMustBeGood>
        <OnlyDoneByServer>false</OnlyDoneByServer>
        <Conditions />
        <HotSpots />
        <NodeCategory>Door</NodeCategory>
        <LocalizedName />
        <Dialogs />
        <InteractTime>1000</InteractTime>
        <Position>
          <X>2204.50049</X>
          <Y>-2185.00024</Y>
          <Z>55.2599</Z>
        </Position>
        <RewardItemChoose />
        <SkipTimeout>0</SkipTimeout>
      </Action>
      <Action xsi:type="ActionPack">
        <ActionID>3d1da432-85a4-48a4-9fd8-75a11fd3681d</ActionID>
        <OverrideName />
        <Sound>
          <SoundName />
          <Trigger>OnActionCompleted</Trigger>
        </Sound>
        <Disabled>false</Disabled>
        <PlayWhileConditionsAreOk>false</PlayWhileConditionsAreOk>
        <PlayWhileUnSuccess>true</PlayWhileUnSuccess>
        <AssociateMission>M8_Skirmish_Prophecy_Om/Variant_02_Chosen/02_Phase_01</AssociateMission>
        <Loop>false</Loop>
        <MaxRunningTime>0</MaxRunningTime>
        <OnlyOneConditionMustBeGood>false</OnlyOneConditionMustBeGood>
        <OnlyDoneByServer>false</OnlyDoneByServer>
        <Conditions />
        <HotSpots />
        <Actions>
          <Action xsi:type="Grind">
            <ActionID>cce390d7-16a3-43db-95ea-50dd30df24ae</ActionID>
            <OverrideName />
            <Sound>
              <SoundName />
              <Trigger>OnActionCompleted</Trigger>
            </Sound>
            <Disabled>false</Disabled>
            <PlayWhileConditionsAreOk>true</PlayWhileConditionsAreOk>
            <PlayWhileUnSuccess>true</PlayWhileUnSuccess>
            <AssociateMission />
            <Loop>false</Loop>
            <MaxRunningTime>0</MaxRunningTime>
            <OnlyOneConditionMustBeGood>false</OnlyOneConditionMustBeGood>
            <OnlyDoneByServer>false</OnlyDoneByServer>
            <Conditions>
              <Condition xsi:type="QuestInfo">
                <Locked>false</Locked>
                <QuestID>M8_Skirmish_Prophecy_Om/Variant_02_Chosen/02_Phase_01</QuestID>
                <Tested>InProgress</Tested>
              </Condition>
            </Conditions>
            <HotSpots>
              <Vector3>
                <X>2266.34131</X>
                <Y>-2174.86182</Y>
                <Z>47.0222473</Z>
              </Vector3>
              <Vector3>
                <X>2265.28345</X>
                <Y>-2250.51221</Y>
                <Z>47.0222473</Z>
              </Vector3>
              <Vector3>
                <X>2205.64282</X>
                <Y>-2299.7478</Y>
                <Z>47.0222473</Z>
              </Vector3>
              <Vector3>
                <X>2149.23633</X>
                <Y>-2258.311</Y>
                <Z>47.0222473</Z>
              </Vector3>
              <Vector3>
                <X>2144.20825</X>
                <Y>-2171.29126</Y>
                <Z>47.0222473</Z>
              </Vector3>
            </HotSpots>
          </Action>
        </Actions>
        <SimultaneousActions>false</SimultaneousActions>
      </Action>
      <Action xsi:type="ActionPack">
        <ActionID>074b3787-c66d-480c-8ab5-0dbc671d9937</ActionID>
        <OverrideName />
        <Sound>
          <SoundName />
          <Trigger>OnActionCompleted</Trigger>
        </Sound>
        <Disabled>false</Disabled>
        <PlayWhileConditionsAreOk>false</PlayWhileConditionsAreOk>
        <PlayWhileUnSuccess>true</PlayWhileUnSuccess>
        <AssociateMission>M8_Skirmish_Prophecy_Om/Variant_02_Chosen/02_Phase_02</AssociateMission>
        <Loop>false</Loop>
        <MaxRunningTime>0</MaxRunningTime>
        <OnlyOneConditionMustBeGood>false</OnlyOneConditionMustBeGood>
        <OnlyDoneByServer>false</OnlyDoneByServer>
        <Conditions />
        <HotSpots />
        <Actions>
          <Action xsi:type="InteractNode">
            <ActionID>ee9e9366-8708-4b61-9b63-26f94a15a2b1</ActionID>
            <OverrideName />
            <Sound>
              <SoundName />
              <Trigger>OnActionCompleted</Trigger>
            </Sound>
            <Disabled>false</Disabled>
            <PlayWhileConditionsAreOk>false</PlayWhileConditionsAreOk>
            <PlayWhileUnSuccess>true</PlayWhileUnSuccess>
            <AssociateMission />
            <Loop>false</Loop>
            <MaxRunningTime>0</MaxRunningTime>
            <OnlyOneConditionMustBeGood>false</OnlyOneConditionMustBeGood>
            <OnlyDoneByServer>false</OnlyDoneByServer>
            <Conditions />
            <HotSpots>
              <Vector3>
                <X>2265.49976</X>
                <Y>-2166.49976</Y>
                <Z>55.7063</Z>
              </Vector3>
              <Vector3>
                <X>2264.74561</X>
                <Y>-2251.143</Y>
                <Z>47.0222473</Z>
              </Vector3>
              <Vector3>
                <X>2149.37256</X>
                <Y>-2256.2002</Y>
                <Z>47.0222473</Z>
              </Vector3>
              <Vector3>
                <X>2146.39819</X>
                <Y>-2169.84644</Y>
                <Z>47.0222473</Z>
              </Vector3>
            </HotSpots>
            <NodeCategory />
            <LocalizedName />
            <Dialogs />
            <OneInteractionByNode>false</OneInteractionByNode>
            <InteractTime>1000</InteractTime>
            <ReactionRange>35</ReactionRange>
            <WhiteList />
            <BlackList />
          </Action>
          <Action xsi:type="Grind">
            <ActionID>e12626a9-de77-4a93-bda8-2d4422e4c1cc</ActionID>
            <OverrideName />
            <Sound>
              <SoundName />
              <Trigger>OnActionCompleted</Trigger>
            </Sound>
            <Disabled>false</Disabled>
            <PlayWhileConditionsAreOk>false</PlayWhileConditionsAreOk>
            <PlayWhileUnSuccess>true</PlayWhileUnSuccess>
            <AssociateMission />
            <Loop>false</Loop>
            <MaxRunningTime>0</MaxRunningTime>
            <OnlyOneConditionMustBeGood>false</OnlyOneConditionMustBeGood>
            <OnlyDoneByServer>false</OnlyDoneByServer>
            <Conditions>
              <Condition xsi:type="QuestInfo">
                <Locked>false</Locked>
                <QuestID>M8_Skirmish_Prophecy_Om/Variant_02_Chosen/02_Phase_03</QuestID>
                <Tested>InProgress</Tested>
              </Condition>
            </Conditions>
            <HotSpots>
              <Vector3>
                <X>2241.42578</X>
                <Y>-2188.06274</Y>
                <Z>47.0222473</Z>
              </Vector3>
              <Vector3>
                <X>2240.32983</X>
                <Y>-2252.54</Y>
                <Z>47.0222473</Z>
              </Vector3>
              <Vector3>
                <X>2177.952</X>
                <Y>-2251.8645</Y>
                <Z>47.5693321</Z>
              </Vector3>
              <Vector3>
                <X>2168.92627</X>
                <Y>-2185.89575</Y>
                <Z>47.0222473</Z>
              </Vector3>
            </HotSpots>
          </Action>
        </Actions>
        <SimultaneousActions>false</SimultaneousActions>
      </Action>
      <Action xsi:type="ActionPack">
        <ActionID>89d98468-235b-4c95-b067-f7e4317fef4f</ActionID>
        <OverrideName />
        <Sound>
          <SoundName />
          <Trigger>OnActionCompleted</Trigger>
        </Sound>
        <Disabled>false</Disabled>
        <PlayWhileConditionsAreOk>false</PlayWhileConditionsAreOk>
        <PlayWhileUnSuccess>true</PlayWhileUnSuccess>
        <AssociateMission />
        <Loop>false</Loop>
        <MaxRunningTime>0</MaxRunningTime>
        <OnlyOneConditionMustBeGood>false</OnlyOneConditionMustBeGood>
        <OnlyDoneByServer>false</OnlyDoneByServer>
        <Conditions />
        <HotSpots />
        <Actions>
          <Action xsi:type="ChangeProfileValue">
            <ActionID>f797fa78-0627-49ca-960d-8a2a67768a2a</ActionID>
            <OverrideName />
            <Sound>
              <SoundName />
              <Trigger>OnActionCompleted</Trigger>
            </Sound>
            <Disabled>false</Disabled>
            <PlayWhileConditionsAreOk>false</PlayWhileConditionsAreOk>
            <PlayWhileUnSuccess>true</PlayWhileUnSuccess>
            <AssociateMission />
            <Loop>false</Loop>
            <MaxRunningTime>2</MaxRunningTime>
            <OnlyOneConditionMustBeGood>false</OnlyOneConditionMustBeGood>
            <OnlyDoneByServer>false</OnlyDoneByServer>
            <Conditions />
            <HotSpots />
            <ValueType>IgnoreCombat</ValueType>
            <Value>True</Value>
          </Action>
          <Action xsi:type="MoveTo">
            <ActionID>853e0467-b0b8-42fc-a361-13c5eaa041ec</ActionID>
            <OverrideName />
            <Sound>
              <SoundName />
              <Trigger>OnActionCompleted</Trigger>
            </Sound>
            <Disabled>false</Disabled>
            <PlayWhileConditionsAreOk>false</PlayWhileConditionsAreOk>
            <PlayWhileUnSuccess>true</PlayWhileUnSuccess>
            <AssociateMission />
            <Loop>false</Loop>
            <MaxRunningTime>0</MaxRunningTime>
            <OnlyOneConditionMustBeGood>false</OnlyOneConditionMustBeGood>
            <OnlyDoneByServer>false</OnlyDoneByServer>
            <Conditions />
            <HotSpots />
            <Position>
              <X>2149.253</X>
              <Y>-2258.246</Y>
              <Z>47.0222473</Z>
            </Position>
            <Range>5</Range>
          </Action>
        </Actions>
        <SimultaneousActions>false</SimultaneousActions>
      </Action>
    </Actions>
    <SimultaneousActions>false</SimultaneousActions>
  </MainActionPack>
  <Saved>true</Saved>
</Profile>