<?xml version="1.0"?>
<Profile xmlns:xsi="http://www.w3.org/2001/XMLSchema-instance" xmlns:xsd="http://www.w3.org/2001/XMLSchema">
  <Vendors />
  <BlackList />
  <KillRadius>20</KillRadius>
  <CustomRegions>
    <CustomRegion>
      <Name>boss_area</Name>
      <Position>
        <X>-910</X>
        <Y>102</Y>
        <Z>0</Z>
      </Position>
      <Width>278</Width>
      <Height>-202</Height>
    </CustomRegion>
  </CustomRegions>
  <UseExternalMeshFile>false</UseExternalMeshFile>
  <ExternalMeshFileName />
  <DisablePet>false</DisablePet>
  <FollowerDistance>10</FollowerDistance>
  <DisableFollow>false</DisableFollow>
  <MainActionPack>
    <ActionID>48243e0a-3c97-4e26-9d7f-f8c914c0cf57</ActionID>
    <OverrideName />
    <Sound>
      <SoundName />
      <Trigger>OnActionCompleted</Trigger>
    </Sound>
    <Disabled>false</Disabled>
    <PlayWhileConditionsAreOk>false</PlayWhileConditionsAreOk>
    <PlayWhileUnSuccess>true</PlayWhileUnSuccess>
    <AssociateMission />
    <Loop>false</Loop>
    <MaxRunningTime>0</MaxRunningTime>
    <OnlyOneConditionMustBeGood>false</OnlyOneConditionMustBeGood>
    <OnlyDoneByServer>false</OnlyDoneByServer>
    <Conditions />
    <HotSpots />
    <Actions>
      <Action xsi:type="PickUpMission">
        <ActionID>ce0081c7-219f-48b1-aba0-ea6eee37035d</ActionID>
        <OverrideName />
        <Sound>
          <SoundName />
          <Trigger>OnActionCompleted</Trigger>
        </Sound>
        <Disabled>false</Disabled>
        <PlayWhileConditionsAreOk>true</PlayWhileConditionsAreOk>
        <PlayWhileUnSuccess>true</PlayWhileUnSuccess>
        <AssociateMission />
        <Loop>false</Loop>
        <MaxRunningTime>0</MaxRunningTime>
        <OnlyOneConditionMustBeGood>false</OnlyOneConditionMustBeGood>
        <OnlyDoneByServer>false</OnlyDoneByServer>
        <Conditions />
        <HotSpots />
        <MissionId>Az_Dr_Ashen_Battlefield</MissionId>
        <SkipOnFail>false</SkipOnFail>
        <GiverId>Civilian_Nw_Pe</GiverId>
        <GiverPosition>
          <X>1083.85278</X>
          <Y>1314.66626</Y>
          <Z>176.958252</Z>
        </GiverPosition>
      </Action>
      <Action xsi:type="PickUpMission">
        <ActionID>b766c4a1-9910-4efc-9e34-e03b05643ed7</ActionID>
        <OverrideName />
        <Sound>
          <SoundName />
          <Trigger>OnActionCompleted</Trigger>
        </Sound>
        <Disabled>false</Disabled>
        <PlayWhileConditionsAreOk>true</PlayWhileConditionsAreOk>
        <PlayWhileUnSuccess>true</PlayWhileUnSuccess>
        <AssociateMission />
        <Loop>false</Loop>
        <MaxRunningTime>0</MaxRunningTime>
        <OnlyOneConditionMustBeGood>false</OnlyOneConditionMustBeGood>
        <OnlyDoneByServer>false</OnlyDoneByServer>
        <Conditions />
        <HotSpots />
        <MissionId>Az_Dr_Intro_My_Enemys_Enemy</MissionId>
        <SkipOnFail>false</SkipOnFail>
        <GiverId>Civilian_Nw_Pe</GiverId>
        <GiverPosition>
          <X>1083.85278</X>
          <Y>1314.66626</Y>
          <Z>176.958252</Z>
        </GiverPosition>
      </Action>
      <Action xsi:type="TurnInMission">
        <ActionID>e948ec5f-22c6-49a0-958e-4e0afb3ac030</ActionID>
        <OverrideName />
        <Sound>
          <SoundName />
          <Trigger>OnActionCompleted</Trigger>
        </Sound>
        <Disabled>false</Disabled>
        <PlayWhileConditionsAreOk>true</PlayWhileConditionsAreOk>
        <PlayWhileUnSuccess>true</PlayWhileUnSuccess>
        <AssociateMission />
        <Loop>false</Loop>
        <MaxRunningTime>0</MaxRunningTime>
        <OnlyOneConditionMustBeGood>false</OnlyOneConditionMustBeGood>
        <OnlyDoneByServer>false</OnlyDoneByServer>
        <Conditions />
        <HotSpots />
        <MissionId>Az_Dr_Intro_My_Enemys_Enemy</MissionId>
        <GiverId>Civilian_Nw_Pe</GiverId>
        <GiverPosition>
          <X>1102.3374</X>
          <Y>1314.77075</Y>
          <Z>176.928223</Z>
        </GiverPosition>
      </Action>
      <Action xsi:type="ChangeMap">
        <ActionID>4a356ed0-56a1-412f-b5be-b48251cd25be</ActionID>
        <OverrideName />
        <Sound>
          <SoundName />
          <Trigger>OnActionCompleted</Trigger>
        </Sound>
        <Disabled>false</Disabled>
        <PlayWhileConditionsAreOk>false</PlayWhileConditionsAreOk>
        <PlayWhileUnSuccess>true</PlayWhileUnSuccess>
        <AssociateMission />
        <Loop>false</Loop>
        <MaxRunningTime>0</MaxRunningTime>
        <OnlyOneConditionMustBeGood>false</OnlyOneConditionMustBeGood>
        <OnlyDoneByServer>false</OnlyDoneByServer>
        <Conditions />
        <HotSpots />
        <NodePosition>
          <X>1202.96436</X>
          <Y>478.092773</Y>
          <Z>25.3878021</Z>
        </NodePosition>
        <MapName>Az_Dr_Intro</MapName>
        <SecondMapName />
        <DisableVIPTravel>false</DisableVIPTravel>
        <NodeCategory>Door</NodeCategory>
      </Action>
      <Action xsi:type="ActionPack">
        <ActionID>15c6340e-e5ad-4eab-b3d3-ef0b6481dbf8</ActionID>
        <OverrideName>Travel_to_ring</OverrideName>
        <Sound>
          <SoundName />
          <Trigger>OnActionCompleted</Trigger>
        </Sound>
        <Disabled>false</Disabled>
        <PlayWhileConditionsAreOk>false</PlayWhileConditionsAreOk>
        <PlayWhileUnSuccess>true</PlayWhileUnSuccess>
        <AssociateMission />
        <Loop>false</Loop>
        <MaxRunningTime>0</MaxRunningTime>
        <OnlyOneConditionMustBeGood>false</OnlyOneConditionMustBeGood>
        <OnlyDoneByServer>false</OnlyDoneByServer>
        <Conditions />
        <HotSpots />
        <Actions>
          <Action xsi:type="InteractSpecificNPC">
            <ActionID>69af1b77-a436-4120-a48f-843f7c55cb5a</ActionID>
            <OverrideName />
            <Sound>
              <SoundName />
              <Trigger>OnActionCompleted</Trigger>
            </Sound>
            <Disabled>false</Disabled>
            <PlayWhileConditionsAreOk>false</PlayWhileConditionsAreOk>
            <PlayWhileUnSuccess>true</PlayWhileUnSuccess>
            <AssociateMission />
            <Loop>false</Loop>
            <MaxRunningTime>0</MaxRunningTime>
            <OnlyOneConditionMustBeGood>false</OnlyOneConditionMustBeGood>
            <OnlyDoneByServer>false</OnlyDoneByServer>
            <Conditions />
            <HotSpots />
            <NPCCostume />
            <Dialogs>
              <string>SpecialDialog.Continue</string>
            </Dialogs>
            <DisplayName>Стража Невервинтера</DisplayName>
            <Position>
              <X>663.522949</X>
              <Y>1663.63013</Y>
              <Z>44.76538</Z>
            </Position>
            <InteractTime>2000</InteractTime>
            <Tolerance>1</Tolerance>
          </Action>
          <Action xsi:type="MoveTo">
            <ActionID>0decf490-be45-46e0-bef0-4ba2941e758d</ActionID>
            <OverrideName />
            <Sound>
              <SoundName />
              <Trigger>OnActionCompleted</Trigger>
            </Sound>
            <Disabled>false</Disabled>
            <PlayWhileConditionsAreOk>false</PlayWhileConditionsAreOk>
            <PlayWhileUnSuccess>true</PlayWhileUnSuccess>
            <AssociateMission />
            <Loop>false</Loop>
            <MaxRunningTime>0</MaxRunningTime>
            <OnlyOneConditionMustBeGood>false</OnlyOneConditionMustBeGood>
            <OnlyDoneByServer>false</OnlyDoneByServer>
            <Conditions />
            <HotSpots />
            <Position>
              <X>1140.81934</X>
              <Y>778.729</Y>
              <Z>-28.4523525</Z>
            </Position>
            <Range>5</Range>
          </Action>
          <Action xsi:type="Grind">
            <ActionID>b28c48bd-b899-4f34-99dc-eb40f88c42bd</ActionID>
            <OverrideName />
            <Sound>
              <SoundName />
              <Trigger>OnActionCompleted</Trigger>
            </Sound>
            <Disabled>false</Disabled>
            <PlayWhileConditionsAreOk>true</PlayWhileConditionsAreOk>
            <PlayWhileUnSuccess>true</PlayWhileUnSuccess>
            <AssociateMission />
            <Loop>false</Loop>
            <MaxRunningTime>0</MaxRunningTime>
            <OnlyOneConditionMustBeGood>false</OnlyOneConditionMustBeGood>
            <OnlyDoneByServer>false</OnlyDoneByServer>
            <Conditions>
              <Condition xsi:type="QuestInfo">
                <Locked>false</Locked>
                <QuestID>Az_Dr_Ashen_Battlefield_Om/Kill_Dead_Guard</QuestID>
                <Tested>InProgress</Tested>
              </Condition>
            </Conditions>
            <HotSpots>
              <Vector3>
                <X>1133.013</X>
                <Y>797.664551</Y>
                <Z>-19.6477985</Z>
              </Vector3>
              <Vector3>
                <X>1127.56</X>
                <Y>765.6322</Y>
                <Z>-28.1279678</Z>
              </Vector3>
              <Vector3>
                <X>1154.84229</X>
                <Y>766.2068</Y>
                <Z>-26.7844887</Z>
              </Vector3>
            </HotSpots>
          </Action>
          <Action xsi:type="InteractSpecificNPC">
            <ActionID>3bfe1641-8914-4694-9770-a41676c09867</ActionID>
            <OverrideName />
            <Sound>
              <SoundName />
              <Trigger>OnActionCompleted</Trigger>
            </Sound>
            <Disabled>false</Disabled>
            <PlayWhileConditionsAreOk>false</PlayWhileConditionsAreOk>
            <PlayWhileUnSuccess>true</PlayWhileUnSuccess>
            <AssociateMission />
            <Loop>false</Loop>
            <MaxRunningTime>0</MaxRunningTime>
            <OnlyOneConditionMustBeGood>false</OnlyOneConditionMustBeGood>
            <OnlyDoneByServer>false</OnlyDoneByServer>
            <Conditions />
            <HotSpots />
            <NPCCostume>Dreadring_Npc_Cleric_Celeste_01</NPCCostume>
            <Dialogs>
              <string>SpecialDialog.Continue</string>
            </Dialogs>
            <DisplayName>Целеста</DisplayName>
            <Position>
              <X>1132.81567</X>
              <Y>778.7029</Y>
              <Z>-28.6286621</Z>
            </Position>
            <InteractTime>2000</InteractTime>
            <Tolerance>1</Tolerance>
          </Action>
          <Action xsi:type="InteractSpecificNPC">
            <ActionID>273d0e22-d707-4ddf-b081-f1f9c962372a</ActionID>
            <OverrideName />
            <Sound>
              <SoundName />
              <Trigger>OnActionCompleted</Trigger>
            </Sound>
            <Disabled>false</Disabled>
            <PlayWhileConditionsAreOk>false</PlayWhileConditionsAreOk>
            <PlayWhileUnSuccess>true</PlayWhileUnSuccess>
            <AssociateMission />
            <Loop>false</Loop>
            <MaxRunningTime>0</MaxRunningTime>
            <OnlyOneConditionMustBeGood>false</OnlyOneConditionMustBeGood>
            <OnlyDoneByServer>false</OnlyDoneByServer>
            <Conditions />
            <HotSpots />
            <NPCCostume>Dreadring_Npc_Wizard_Makos_01</NPCCostume>
            <Dialogs>
              <string>SpecialDialog.Continue</string>
            </Dialogs>
            <DisplayName>Макос</DisplayName>
            <Position>
              <X>1126.15942</X>
              <Y>458.415771</Y>
              <Z>-38.3005371</Z>
            </Position>
            <InteractTime>2000</InteractTime>
            <Tolerance>1</Tolerance>
          </Action>
          <Action xsi:type="Grind">
            <ActionID>811adeca-2541-483a-add0-9b4448bec0f5</ActionID>
            <OverrideName />
            <Sound>
              <SoundName />
              <Trigger>OnActionCompleted</Trigger>
            </Sound>
            <Disabled>false</Disabled>
            <PlayWhileConditionsAreOk>true</PlayWhileConditionsAreOk>
            <PlayWhileUnSuccess>true</PlayWhileUnSuccess>
            <AssociateMission />
            <Loop>false</Loop>
            <MaxRunningTime>0</MaxRunningTime>
            <OnlyOneConditionMustBeGood>false</OnlyOneConditionMustBeGood>
            <OnlyDoneByServer>false</OnlyDoneByServer>
            <Conditions>
              <Condition xsi:type="QuestInfo">
                <Locked>false</Locked>
                <QuestID>Az_Dr_Ashen_Battlefield_Om/Slay_The_Harbinger</QuestID>
                <Tested>InProgress</Tested>
              </Condition>
            </Conditions>
            <HotSpots>
              <Vector3>
                <X>787.3786</X>
                <Y>242.734268</Y>
                <Z>-41.97853</Z>
              </Vector3>
              <Vector3>
                <X>748.7961</X>
                <Y>183.993179</Y>
                <Z>-42.06499</Z>
              </Vector3>
            </HotSpots>
          </Action>
          <Action xsi:type="InteractSpecificNode">
            <ActionID>d4351bab-57cd-4c04-99a6-db1ab8d1d2d2</ActionID>
            <OverrideName />
            <Sound>
              <SoundName />
              <Trigger>OnActionCompleted</Trigger>
            </Sound>
            <Disabled>false</Disabled>
            <PlayWhileConditionsAreOk>false</PlayWhileConditionsAreOk>
            <PlayWhileUnSuccess>true</PlayWhileUnSuccess>
            <AssociateMission />
            <Loop>false</Loop>
            <MaxRunningTime>0</MaxRunningTime>
            <OnlyOneConditionMustBeGood>false</OnlyOneConditionMustBeGood>
            <OnlyDoneByServer>false</OnlyDoneByServer>
            <Conditions />
            <HotSpots />
            <NodeCategory />
            <LocalizedName />
            <Dialogs />
            <InteractTime>1000</InteractTime>
            <Position>
              <X>765.8737</X>
              <Y>106.883278</Y>
              <Z>-39.8646</Z>
            </Position>
            <RewardItemChoose />
            <SkipTimeout>0</SkipTimeout>
          </Action>
        </Actions>
        <SimultaneousActions>false</SimultaneousActions>
      </Action>
      <Action xsi:type="TurnInMission">
        <ActionID>42aa3b77-55eb-4c3f-b97b-8dba0aaf75fc</ActionID>
        <OverrideName />
        <Sound>
          <SoundName />
          <Trigger>OnActionCompleted</Trigger>
        </Sound>
        <Disabled>false</Disabled>
        <PlayWhileConditionsAreOk>true</PlayWhileConditionsAreOk>
        <PlayWhileUnSuccess>true</PlayWhileUnSuccess>
        <AssociateMission />
        <Loop>false</Loop>
        <MaxRunningTime>0</MaxRunningTime>
        <OnlyOneConditionMustBeGood>false</OnlyOneConditionMustBeGood>
        <OnlyDoneByServer>false</OnlyDoneByServer>
        <Conditions />
        <HotSpots />
        <MissionId>Az_Dr_Ashen_Battlefield</MissionId>
        <GiverId>Npc_Ally_Fighter_Knox_Mounted</GiverId>
        <GiverPosition>
          <X>2115.68848</X>
          <Y>1196.0459</Y>
          <Z>-102.896729</Z>
        </GiverPosition>
      </Action>
      <Action xsi:type="PickUpMission">
        <ActionID>03b8066e-4d0a-4f83-a181-c32c35d42eea</ActionID>
        <OverrideName />
        <Sound>
          <SoundName />
          <Trigger>OnActionCompleted</Trigger>
        </Sound>
        <Disabled>false</Disabled>
        <PlayWhileConditionsAreOk>true</PlayWhileConditionsAreOk>
        <PlayWhileUnSuccess>true</PlayWhileUnSuccess>
        <AssociateMission />
        <Loop>false</Loop>
        <MaxRunningTime>0</MaxRunningTime>
        <OnlyOneConditionMustBeGood>false</OnlyOneConditionMustBeGood>
        <OnlyDoneByServer>false</OnlyDoneByServer>
        <Conditions />
        <HotSpots />
        <MissionId>Az_Dr_Intro_Wages_Of_War</MissionId>
        <SkipOnFail>false</SkipOnFail>
        <GiverId>Npc_Ally_Fighter_Knox_Mounted</GiverId>
        <GiverPosition>
          <X>2115.68848</X>
          <Y>1196.0459</Y>
          <Z>-102.896729</Z>
        </GiverPosition>
      </Action>
      <Action xsi:type="PickUpMission">
        <ActionID>033b5633-65cb-4498-b843-247b37d700fe</ActionID>
        <OverrideName />
        <Sound>
          <SoundName />
          <Trigger>OnActionCompleted</Trigger>
        </Sound>
        <Disabled>false</Disabled>
        <PlayWhileConditionsAreOk>true</PlayWhileConditionsAreOk>
        <PlayWhileUnSuccess>true</PlayWhileUnSuccess>
        <AssociateMission />
        <Loop>false</Loop>
        <MaxRunningTime>0</MaxRunningTime>
        <OnlyOneConditionMustBeGood>false</OnlyOneConditionMustBeGood>
        <OnlyDoneByServer>false</OnlyDoneByServer>
        <Conditions />
        <HotSpots />
        <MissionId>Az_Dr_Thaymount_Citadel_Epic_Intro</MissionId>
        <SkipOnFail>false</SkipOnFail>
        <GiverId>Npc_Ally_Fighter_Knox_Mounted</GiverId>
        <GiverPosition>
          <X>2115.68848</X>
          <Y>1196.0459</Y>
          <Z>-102.896729</Z>
        </GiverPosition>
      </Action>
      <Action xsi:type="PickUpMission">
        <ActionID>98c70ae4-e7ca-4145-83cd-8666f250d584</ActionID>
        <OverrideName />
        <Sound>
          <SoundName />
          <Trigger>OnActionCompleted</Trigger>
        </Sound>
        <Disabled>false</Disabled>
        <PlayWhileConditionsAreOk>true</PlayWhileConditionsAreOk>
        <PlayWhileUnSuccess>true</PlayWhileUnSuccess>
        <AssociateMission />
        <Loop>false</Loop>
        <MaxRunningTime>0</MaxRunningTime>
        <OnlyOneConditionMustBeGood>false</OnlyOneConditionMustBeGood>
        <OnlyDoneByServer>false</OnlyDoneByServer>
        <Conditions />
        <HotSpots />
        <MissionId>M8_Dr_Demon_He_Complete_Pm</MissionId>
        <SkipOnFail>false</SkipOnFail>
        <GiverId>Civilian_Nw_Pe</GiverId>
        <GiverPosition>
          <X>2092.287</X>
          <Y>1210.28247</Y>
          <Z>-102.876953</Z>
        </GiverPosition>
      </Action>
      <Action xsi:type="ActionPack">
        <ActionID>7d4cf892-b6d6-47ac-96be-7247bdbcec7a</ActionID>
        <OverrideName>Process_wages_of_war</OverrideName>
        <Sound>
          <SoundName />
          <Trigger>OnActionCompleted</Trigger>
        </Sound>
        <Disabled>false</Disabled>
        <PlayWhileConditionsAreOk>false</PlayWhileConditionsAreOk>
        <PlayWhileUnSuccess>true</PlayWhileUnSuccess>
        <AssociateMission />
        <Loop>false</Loop>
        <MaxRunningTime>0</MaxRunningTime>
        <OnlyOneConditionMustBeGood>false</OnlyOneConditionMustBeGood>
        <OnlyDoneByServer>false</OnlyDoneByServer>
        <Conditions />
        <HotSpots />
        <Actions>
          <Action xsi:type="ActionPack">
            <ActionID>96a8f376-6c60-4396-ab29-22845d80dadd</ActionID>
            <OverrideName>talk_to_all</OverrideName>
            <Sound>
              <SoundName />
              <Trigger>OnActionCompleted</Trigger>
            </Sound>
            <Disabled>false</Disabled>
            <PlayWhileConditionsAreOk>false</PlayWhileConditionsAreOk>
            <PlayWhileUnSuccess>true</PlayWhileUnSuccess>
            <AssociateMission>Az_Dr_Intro_Wages_Of_War/Speak_To_All</AssociateMission>
            <Loop>false</Loop>
            <MaxRunningTime>0</MaxRunningTime>
            <OnlyOneConditionMustBeGood>false</OnlyOneConditionMustBeGood>
            <OnlyDoneByServer>false</OnlyDoneByServer>
            <Conditions />
            <HotSpots />
            <Actions>
              <Action xsi:type="InteractSpecificNPC">
                <ActionID>e768cfd0-eeec-480c-94eb-87307d349f6e</ActionID>
                <OverrideName />
                <Sound>
                  <SoundName />
                  <Trigger>OnActionCompleted</Trigger>
                </Sound>
                <Disabled>false</Disabled>
                <PlayWhileConditionsAreOk>true</PlayWhileConditionsAreOk>
                <PlayWhileUnSuccess>true</PlayWhileUnSuccess>
                <AssociateMission />
                <Loop>false</Loop>
                <MaxRunningTime>0</MaxRunningTime>
                <OnlyOneConditionMustBeGood>false</OnlyOneConditionMustBeGood>
                <OnlyDoneByServer>false</OnlyDoneByServer>
                <Conditions>
                  <Condition xsi:type="QuestInfo">
                    <Locked>false</Locked>
                    <QuestID>Az_Dr_Intro_Wages_Of_War/Speak_To_Celeste</QuestID>
                    <Tested>InProgress</Tested>
                  </Condition>
                </Conditions>
                <HotSpots />
                <NPCCostume />
                <Dialogs>
                  <string>OptionsList.SpecialDialog.Az_Dr_Intro_Wages_Of_War/Celeste_Talk</string>
                  <string>SpecialDialog.Continue</string>
                  <string>ViewOfferedMission.Accept</string>
                </Dialogs>
                <DisplayName>Целеста</DisplayName>
                <Position>
                  <X>2001.00024</X>
                  <Y>1170.49976</Y>
                  <Z>-116.687256</Z>
                </Position>
                <InteractTime>2000</InteractTime>
                <Tolerance>1</Tolerance>
              </Action>
              <Action xsi:type="InteractSpecificNPC">
                <ActionID>3cbe1d5f-7500-4b22-ba25-ff66c5c85dc5</ActionID>
                <OverrideName />
                <Sound>
                  <SoundName />
                  <Trigger>OnActionCompleted</Trigger>
                </Sound>
                <Disabled>false</Disabled>
                <PlayWhileConditionsAreOk>true</PlayWhileConditionsAreOk>
                <PlayWhileUnSuccess>true</PlayWhileUnSuccess>
                <AssociateMission />
                <Loop>false</Loop>
                <MaxRunningTime>0</MaxRunningTime>
                <OnlyOneConditionMustBeGood>false</OnlyOneConditionMustBeGood>
                <OnlyDoneByServer>false</OnlyDoneByServer>
                <Conditions>
                  <Condition xsi:type="QuestInfo">
                    <Locked>false</Locked>
                    <QuestID>Az_Dr_Intro_Wages_Of_War/Speak_To_Xuna</QuestID>
                    <Tested>InProgress</Tested>
                  </Condition>
                </Conditions>
                <HotSpots />
                <NPCCostume />
                <Dialogs>
                  <string>OptionsList.SpecialDialog.Az_Dr_Intro_Wages_Of_War/Xuna_Talk</string>
                  <string>SpecialDialog.Continue</string>
                  <string>ViewOfferedMission.Accept</string>
                </Dialogs>
                <DisplayName>Зуна</DisplayName>
                <Position>
                  <X>1959.29492</X>
                  <Y>1298.53882</Y>
                  <Z>-102.935547</Z>
                </Position>
                <InteractTime>2000</InteractTime>
                <Tolerance>1</Tolerance>
              </Action>
              <Action xsi:type="InteractSpecificNPC">
                <ActionID>1fb19fb6-72f2-460d-9f36-8c510b1554ae</ActionID>
                <OverrideName />
                <Sound>
                  <SoundName />
                  <Trigger>OnActionCompleted</Trigger>
                </Sound>
                <Disabled>false</Disabled>
                <PlayWhileConditionsAreOk>true</PlayWhileConditionsAreOk>
                <PlayWhileUnSuccess>true</PlayWhileUnSuccess>
                <AssociateMission />
                <Loop>false</Loop>
                <MaxRunningTime>0</MaxRunningTime>
                <OnlyOneConditionMustBeGood>false</OnlyOneConditionMustBeGood>
                <OnlyDoneByServer>false</OnlyDoneByServer>
                <Conditions>
                  <Condition xsi:type="QuestInfo">
                    <Locked>false</Locked>
                    <QuestID>Az_Dr_Intro_Wages_Of_War/Speak_To_Makos</QuestID>
                    <Tested>InProgress</Tested>
                  </Condition>
                </Conditions>
                <HotSpots />
                <NPCCostume />
                <Dialogs>
                  <string>OptionsList.SpecialDialog.Az_Dr_Intro_Wages_Of_War/Makos_Talk</string>
                  <string>SpecialDialog.Continue</string>
                  <string>ViewOfferedMission.Accept</string>
                </Dialogs>
                <DisplayName>Макос</DisplayName>
                <Position>
                  <X>2020.80029</X>
                  <Y>1315.44067</Y>
                  <Z>-111.071533</Z>
                </Position>
                <InteractTime>2000</InteractTime>
                <Tolerance>1</Tolerance>
              </Action>
            </Actions>
            <SimultaneousActions>false</SimultaneousActions>
          </Action>
          <Action xsi:type="ActionPack">
            <ActionID>3a22845f-cb29-4c5b-94b7-68471215b170</ActionID>
            <OverrideName>Предосторожность</OverrideName>
            <Sound>
              <SoundName />
              <Trigger>OnActionCompleted</Trigger>
            </Sound>
            <Disabled>false</Disabled>
            <PlayWhileConditionsAreOk>false</PlayWhileConditionsAreOk>
            <PlayWhileUnSuccess>true</PlayWhileUnSuccess>
            <AssociateMission>Az_Dr_N1_Contingency</AssociateMission>
            <Loop>false</Loop>
            <MaxRunningTime>0</MaxRunningTime>
            <OnlyOneConditionMustBeGood>false</OnlyOneConditionMustBeGood>
            <OnlyDoneByServer>false</OnlyDoneByServer>
            <Conditions />
            <HotSpots />
            <Actions>
              <Action xsi:type="InteractSpecificNode">
                <ActionID>ffdcc949-6c27-444d-a8bc-94e67c30881a</ActionID>
                <OverrideName />
                <Sound>
                  <SoundName />
                  <Trigger>OnActionCompleted</Trigger>
                </Sound>
                <Disabled>false</Disabled>
                <PlayWhileConditionsAreOk>true</PlayWhileConditionsAreOk>
                <PlayWhileUnSuccess>true</PlayWhileUnSuccess>
                <AssociateMission />
                <Loop>false</Loop>
                <MaxRunningTime>0</MaxRunningTime>
                <OnlyOneConditionMustBeGood>false</OnlyOneConditionMustBeGood>
                <OnlyDoneByServer>false</OnlyDoneByServer>
                <Conditions>
                  <Condition xsi:type="QuestInfo">
                    <Locked>false</Locked>
                    <QuestID>Az_Dr_N1_Contingency/Get_Item_3</QuestID>
                    <Tested>InProgress</Tested>
                  </Condition>
                </Conditions>
                <HotSpots />
                <NodeCategory />
                <LocalizedName />
                <Dialogs />
                <InteractTime>1000</InteractTime>
                <Position>
                  <X>1999.65173</X>
                  <Y>1659.86487</Y>
                  <Z>-179.612213</Z>
                </Position>
                <RewardItemChoose />
                <SkipTimeout>0</SkipTimeout>
              </Action>
              <Action xsi:type="InteractSpecificNode">
                <ActionID>91f6b245-6776-49eb-abc1-4b549752c2a0</ActionID>
                <OverrideName />
                <Sound>
                  <SoundName />
                  <Trigger>OnActionCompleted</Trigger>
                </Sound>
                <Disabled>false</Disabled>
                <PlayWhileConditionsAreOk>true</PlayWhileConditionsAreOk>
                <PlayWhileUnSuccess>true</PlayWhileUnSuccess>
                <AssociateMission />
                <Loop>false</Loop>
                <MaxRunningTime>0</MaxRunningTime>
                <OnlyOneConditionMustBeGood>false</OnlyOneConditionMustBeGood>
                <OnlyDoneByServer>false</OnlyDoneByServer>
                <Conditions>
                  <Condition xsi:type="QuestInfo">
                    <Locked>false</Locked>
                    <QuestID>Az_Dr_N1_Contingency/Get_Item_1</QuestID>
                    <Tested>InProgress</Tested>
                  </Condition>
                </Conditions>
                <HotSpots />
                <NodeCategory />
                <LocalizedName />
                <Dialogs />
                <InteractTime>1000</InteractTime>
                <Position>
                  <X>1773.324</X>
                  <Y>2095.99878</Y>
                  <Z>-152.298279</Z>
                </Position>
                <RewardItemChoose />
                <SkipTimeout>0</SkipTimeout>
              </Action>
              <Action xsi:type="InteractSpecificNode">
                <ActionID>9155086e-dc57-4cc5-8145-333906c77c6d</ActionID>
                <OverrideName />
                <Sound>
                  <SoundName />
                  <Trigger>OnActionCompleted</Trigger>
                </Sound>
                <Disabled>false</Disabled>
                <PlayWhileConditionsAreOk>true</PlayWhileConditionsAreOk>
                <PlayWhileUnSuccess>true</PlayWhileUnSuccess>
                <AssociateMission />
                <Loop>false</Loop>
                <MaxRunningTime>0</MaxRunningTime>
                <OnlyOneConditionMustBeGood>false</OnlyOneConditionMustBeGood>
                <OnlyDoneByServer>false</OnlyDoneByServer>
                <Conditions>
                  <Condition xsi:type="QuestInfo">
                    <Locked>false</Locked>
                    <QuestID>Az_Dr_N1_Contingency/Get_Item_2</QuestID>
                    <Tested>InProgress</Tested>
                  </Condition>
                </Conditions>
                <HotSpots />
                <NodeCategory />
                <LocalizedName />
                <Dialogs />
                <InteractTime>1000</InteractTime>
                <Position>
                  <X>2094.91333</X>
                  <Y>2002.92993</Y>
                  <Z>-180.785492</Z>
                </Position>
                <RewardItemChoose />
                <SkipTimeout>0</SkipTimeout>
              </Action>
              <Action xsi:type="InteractSpecificNode">
                <ActionID>7d0c0920-0f0e-4fdf-8fed-efa1ea6a3e6a</ActionID>
                <OverrideName />
                <Sound>
                  <SoundName />
                  <Trigger>OnActionCompleted</Trigger>
                </Sound>
                <Disabled>false</Disabled>
                <PlayWhileConditionsAreOk>true</PlayWhileConditionsAreOk>
                <PlayWhileUnSuccess>true</PlayWhileUnSuccess>
                <AssociateMission />
                <Loop>false</Loop>
                <MaxRunningTime>0</MaxRunningTime>
                <OnlyOneConditionMustBeGood>false</OnlyOneConditionMustBeGood>
                <OnlyDoneByServer>false</OnlyDoneByServer>
                <Conditions>
                  <Condition xsi:type="QuestInfo">
                    <Locked>false</Locked>
                    <QuestID>Az_Dr_N1_Contingency/Deliver_Item</QuestID>
                    <Tested>InProgress</Tested>
                  </Condition>
                </Conditions>
                <HotSpots />
                <NodeCategory />
                <LocalizedName />
                <Dialogs />
                <InteractTime>1000</InteractTime>
                <Position>
                  <X>1890.96655</X>
                  <Y>1904.61316</Y>
                  <Z>-145.320892</Z>
                </Position>
                <RewardItemChoose />
                <SkipTimeout>0</SkipTimeout>
              </Action>
            </Actions>
            <SimultaneousActions>false</SimultaneousActions>
          </Action>
          <Action xsi:type="ActionPack">
            <ActionID>d49d45e4-2caa-4236-8612-bc1a61165704</ActionID>
            <OverrideName>Планарные узы</OverrideName>
            <Sound>
              <SoundName />
              <Trigger>OnActionCompleted</Trigger>
            </Sound>
            <Disabled>false</Disabled>
            <PlayWhileConditionsAreOk>false</PlayWhileConditionsAreOk>
            <PlayWhileUnSuccess>true</PlayWhileUnSuccess>
            <AssociateMission>Az_Dr_Overlap_Planar_Binding</AssociateMission>
            <Loop>false</Loop>
            <MaxRunningTime>0</MaxRunningTime>
            <OnlyOneConditionMustBeGood>false</OnlyOneConditionMustBeGood>
            <OnlyDoneByServer>false</OnlyDoneByServer>
            <Conditions />
            <HotSpots />
            <Actions>
              <Action xsi:type="Grind">
                <ActionID>70d8f02d-b293-440a-9453-6744dab0ab6f</ActionID>
                <OverrideName />
                <Sound>
                  <SoundName />
                  <Trigger>OnActionCompleted</Trigger>
                </Sound>
                <Disabled>false</Disabled>
                <PlayWhileConditionsAreOk>true</PlayWhileConditionsAreOk>
                <PlayWhileUnSuccess>true</PlayWhileUnSuccess>
                <AssociateMission />
                <Loop>false</Loop>
                <MaxRunningTime>0</MaxRunningTime>
                <OnlyOneConditionMustBeGood>false</OnlyOneConditionMustBeGood>
                <OnlyDoneByServer>false</OnlyDoneByServer>
                <Conditions>
                  <Condition xsi:type="QuestInfo">
                    <Locked>false</Locked>
                    <QuestID>Az_Dr_Overlap_Planar_Binding/Gather_Items</QuestID>
                    <Tested>InProgress</Tested>
                  </Condition>
                </Conditions>
                <HotSpots>
                  <Vector3>
                    <X>1889.94519</X>
                    <Y>1744.68665</Y>
                    <Z>-168.17601</Z>
                  </Vector3>
                  <Vector3>
                    <X>1795.23633</X>
                    <Y>1839.95129</Y>
                    <Z>-161.212646</Z>
                  </Vector3>
                  <Vector3>
                    <X>2105.00366</X>
                    <Y>2079.36719</Y>
                    <Z>-185.395142</Z>
                  </Vector3>
                </HotSpots>
              </Action>
              <Action xsi:type="InteractSpecificNode">
                <ActionID>2f3f7541-1d84-4ccc-926c-238df918c91d</ActionID>
                <OverrideName />
                <Sound>
                  <SoundName />
                  <Trigger>OnActionCompleted</Trigger>
                </Sound>
                <Disabled>false</Disabled>
                <PlayWhileConditionsAreOk>true</PlayWhileConditionsAreOk>
                <PlayWhileUnSuccess>true</PlayWhileUnSuccess>
                <AssociateMission />
                <Loop>false</Loop>
                <MaxRunningTime>0</MaxRunningTime>
                <OnlyOneConditionMustBeGood>false</OnlyOneConditionMustBeGood>
                <OnlyDoneByServer>false</OnlyDoneByServer>
                <Conditions>
                  <Condition xsi:type="QuestInfo">
                    <Locked>false</Locked>
                    <QuestID>Az_Dr_Overlap_Planar_Binding/Summon_Devil</QuestID>
                    <Tested>InProgress</Tested>
                  </Condition>
                </Conditions>
                <HotSpots />
                <NodeCategory />
                <LocalizedName />
                <Dialogs />
                <InteractTime>1000</InteractTime>
                <Position>
                  <X>2300.57837</X>
                  <Y>1829.89087</Y>
                  <Z>-144.657</Z>
                </Position>
                <RewardItemChoose />
                <SkipTimeout>0</SkipTimeout>
              </Action>
              <Action xsi:type="Grind">
                <ActionID>33dc74f5-2af6-4a0a-8ee5-03dcedcb1636</ActionID>
                <OverrideName />
                <Sound>
                  <SoundName />
                  <Trigger>OnActionCompleted</Trigger>
                </Sound>
                <Disabled>false</Disabled>
                <PlayWhileConditionsAreOk>true</PlayWhileConditionsAreOk>
                <PlayWhileUnSuccess>true</PlayWhileUnSuccess>
                <AssociateMission />
                <Loop>false</Loop>
                <MaxRunningTime>0</MaxRunningTime>
                <OnlyOneConditionMustBeGood>false</OnlyOneConditionMustBeGood>
                <OnlyDoneByServer>false</OnlyDoneByServer>
                <Conditions>
                  <Condition xsi:type="QuestInfo">
                    <Locked>false</Locked>
                    <QuestID>Az_Dr_Overlap_Planar_Binding/Kill_Miniboss</QuestID>
                    <Tested>InProgress</Tested>
                  </Condition>
                </Conditions>
                <HotSpots>
                  <Vector3>
                    <X>2297.66138</X>
                    <Y>1826.20935</Y>
                    <Z>-148.876541</Z>
                  </Vector3>
                  <Vector3>
                    <X>2349.195</X>
                    <Y>1843.78491</Y>
                    <Z>-148.414932</Z>
                  </Vector3>
                </HotSpots>
              </Action>
            </Actions>
            <SimultaneousActions>false</SimultaneousActions>
          </Action>
          <Action xsi:type="ActionPack">
            <ActionID>c9651e3e-dbb5-416b-9457-54f7a4b54a41</ActionID>
            <OverrideName>Дребезги</OverrideName>
            <Sound>
              <SoundName />
              <Trigger>OnActionCompleted</Trigger>
            </Sound>
            <Disabled>false</Disabled>
            <PlayWhileConditionsAreOk>false</PlayWhileConditionsAreOk>
            <PlayWhileUnSuccess>true</PlayWhileUnSuccess>
            <AssociateMission>Az_Dr_N2_Shatter</AssociateMission>
            <Loop>false</Loop>
            <MaxRunningTime>0</MaxRunningTime>
            <OnlyOneConditionMustBeGood>false</OnlyOneConditionMustBeGood>
            <OnlyDoneByServer>false</OnlyDoneByServer>
            <Conditions />
            <HotSpots />
            <Actions>
              <Action xsi:type="Grind">
                <ActionID>faff365f-3758-464d-bab5-6ef8a35fe0df</ActionID>
                <OverrideName />
                <Sound>
                  <SoundName />
                  <Trigger>OnActionCompleted</Trigger>
                </Sound>
                <Disabled>false</Disabled>
                <PlayWhileConditionsAreOk>true</PlayWhileConditionsAreOk>
                <PlayWhileUnSuccess>true</PlayWhileUnSuccess>
                <AssociateMission />
                <Loop>false</Loop>
                <MaxRunningTime>0</MaxRunningTime>
                <OnlyOneConditionMustBeGood>false</OnlyOneConditionMustBeGood>
                <OnlyDoneByServer>false</OnlyDoneByServer>
                <Conditions>
                  <Condition xsi:type="QuestInfo">
                    <Locked>false</Locked>
                    <QuestID>Az_Dr_N2_Shatter/Gather_Shards</QuestID>
                    <Tested>InProgress</Tested>
                  </Condition>
                </Conditions>
                <HotSpots>
                  <Vector3>
                    <X>3183.829</X>
                    <Y>1689.97083</Y>
                    <Z>-144.262543</Z>
                  </Vector3>
                  <Vector3>
                    <X>3268.87476</X>
                    <Y>1789.91382</Y>
                    <Z>-146.691</Z>
                  </Vector3>
                  <Vector3>
                    <X>3285.18018</X>
                    <Y>1692.24976</Y>
                    <Z>-146.99823</Z>
                  </Vector3>
                  <Vector3>
                    <X>3203.06152</X>
                    <Y>1535.03149</Y>
                    <Z>-146.994339</Z>
                  </Vector3>
                </HotSpots>
              </Action>
              <Action xsi:type="InteractNode">
                <ActionID>b6b0c568-8c34-46e7-be27-185d3d9cb06f</ActionID>
                <OverrideName />
                <Sound>
                  <SoundName />
                  <Trigger>OnActionCompleted</Trigger>
                </Sound>
                <Disabled>false</Disabled>
                <PlayWhileConditionsAreOk>true</PlayWhileConditionsAreOk>
                <PlayWhileUnSuccess>true</PlayWhileUnSuccess>
                <AssociateMission />
                <Loop>false</Loop>
                <MaxRunningTime>0</MaxRunningTime>
                <OnlyOneConditionMustBeGood>false</OnlyOneConditionMustBeGood>
                <OnlyDoneByServer>false</OnlyDoneByServer>
                <Conditions>
                  <Condition xsi:type="QuestInfo">
                    <Locked>false</Locked>
                    <QuestID>Az_Dr_N2_Shatter/Shatter_Onyx</QuestID>
                    <Tested>InProgress</Tested>
                  </Condition>
                </Conditions>
                <HotSpots>
                  <Vector3>
                    <X>3293.58325</X>
                    <Y>1709.65723</Y>
                    <Z>-147.769958</Z>
                  </Vector3>
                  <Vector3>
                    <X>3305.92676</X>
                    <Y>1700.23486</Y>
                    <Z>-147.073669</Z>
                  </Vector3>
                  <Vector3>
                    <X>3256.432</X>
                    <Y>1530.74109</Y>
                    <Z>-143.675522</Z>
                  </Vector3>
                  <Vector3>
                    <X>3207.04517</X>
                    <Y>1515.16284</Y>
                    <Z>-145.941635</Z>
                  </Vector3>
                </HotSpots>
                <NodeCategory />
                <LocalizedName />
                <Dialogs />
                <OneInteractionByNode>false</OneInteractionByNode>
                <InteractTime>1000</InteractTime>
                <ReactionRange>35</ReactionRange>
                <WhiteList />
                <BlackList />
              </Action>
            </Actions>
            <SimultaneousActions>false</SimultaneousActions>
          </Action>
          <Action xsi:type="ActionPack">
            <ActionID>091db1f6-affb-49c9-9e45-f5cbdf522c64</ActionID>
            <OverrideName>Охота на демонов</OverrideName>
            <Sound>
              <SoundName />
              <Trigger>OnActionCompleted</Trigger>
            </Sound>
            <Disabled>false</Disabled>
            <PlayWhileConditionsAreOk>false</PlayWhileConditionsAreOk>
            <PlayWhileUnSuccess>true</PlayWhileUnSuccess>
            <AssociateMission />
            <Loop>false</Loop>
            <MaxRunningTime>0</MaxRunningTime>
            <OnlyOneConditionMustBeGood>false</OnlyOneConditionMustBeGood>
            <OnlyDoneByServer>false</OnlyDoneByServer>
            <Conditions />
            <HotSpots />
            <Actions>
              <Action xsi:type="ActionPack">
                <ActionID>fddd81f4-d326-4109-9bd0-fa20df61d93d</ActionID>
                <OverrideName>Демоническое бегство</OverrideName>
                <Sound>
                  <SoundName />
                  <Trigger>OnActionCompleted</Trigger>
                </Sound>
                <Disabled>false</Disabled>
                <PlayWhileConditionsAreOk>false</PlayWhileConditionsAreOk>
                <PlayWhileUnSuccess>true</PlayWhileUnSuccess>
                <AssociateMission />
                <Loop>false</Loop>
                <MaxRunningTime>0</MaxRunningTime>
                <OnlyOneConditionMustBeGood>false</OnlyOneConditionMustBeGood>
                <OnlyDoneByServer>false</OnlyDoneByServer>
                <Conditions />
                <HotSpots />
                <Actions>
                  <Action xsi:type="Grind">
                    <ActionID>01b629e0-a38a-45d5-814c-2991f1bb160c</ActionID>
                    <OverrideName />
                    <Sound>
                      <SoundName />
                      <Trigger>OnActionCompleted</Trigger>
                    </Sound>
                    <Disabled>false</Disabled>
                    <PlayWhileConditionsAreOk>true</PlayWhileConditionsAreOk>
                    <PlayWhileUnSuccess>true</PlayWhileUnSuccess>
                    <AssociateMission />
                    <Loop>false</Loop>
                    <MaxRunningTime>0</MaxRunningTime>
                    <OnlyOneConditionMustBeGood>false</OnlyOneConditionMustBeGood>
                    <OnlyDoneByServer>false</OnlyDoneByServer>
                    <Conditions>
                      <Condition xsi:type="QuestInfo">
                        <Locked>false</Locked>
                        <QuestID>M8_He_Demon_03/Main</QuestID>
                        <Tested>InProgress</Tested>
                      </Condition>
                    </Conditions>
                    <HotSpots>
                      <Vector3>
                        <X>1488.20349</X>
                        <Y>2672.64429</Y>
                        <Z>-14.3206511</Z>
                      </Vector3>
                      <Vector3>
                        <X>1519.12769</X>
                        <Y>2716.971</Y>
                        <Z>-15.3676577</Z>
                      </Vector3>
                      <Vector3>
                        <X>1567.24585</X>
                        <Y>2721.4353</Y>
                        <Z>-11.4740381</Z>
                      </Vector3>
                      <Vector3>
                        <X>1566.85242</X>
                        <Y>2670.02759</Y>
                        <Z>-10.4433813</Z>
                      </Vector3>
                    </HotSpots>
                  </Action>
                </Actions>
                <SimultaneousActions>false</SimultaneousActions>
              </Action>
              <Action xsi:type="ActionPack">
                <ActionID>b89fdd78-5605-4691-8770-e2e20c37116a</ActionID>
                <OverrideName>Демоническое закрытие</OverrideName>
                <Sound>
                  <SoundName />
                  <Trigger>OnActionCompleted</Trigger>
                </Sound>
                <Disabled>false</Disabled>
                <PlayWhileConditionsAreOk>false</PlayWhileConditionsAreOk>
                <PlayWhileUnSuccess>true</PlayWhileUnSuccess>
                <AssociateMission />
                <Loop>false</Loop>
                <MaxRunningTime>0</MaxRunningTime>
                <OnlyOneConditionMustBeGood>false</OnlyOneConditionMustBeGood>
                <OnlyDoneByServer>false</OnlyDoneByServer>
                <Conditions />
                <HotSpots />
                <Actions>
                  <Action xsi:type="Grind">
                    <ActionID>728accae-2d0e-4f1f-97e6-8424c53985ea</ActionID>
                    <OverrideName />
                    <Sound>
                      <SoundName />
                      <Trigger>OnActionCompleted</Trigger>
                    </Sound>
                    <Disabled>false</Disabled>
                    <PlayWhileConditionsAreOk>true</PlayWhileConditionsAreOk>
                    <PlayWhileUnSuccess>true</PlayWhileUnSuccess>
                    <AssociateMission />
                    <Loop>false</Loop>
                    <MaxRunningTime>0</MaxRunningTime>
                    <OnlyOneConditionMustBeGood>false</OnlyOneConditionMustBeGood>
                    <OnlyDoneByServer>false</OnlyDoneByServer>
                    <Conditions>
                      <Condition xsi:type="QuestInfo">
                        <Locked>false</Locked>
                        <QuestID>M8_He_Demon_02/Main</QuestID>
                        <Tested>InProgress</Tested>
                      </Condition>
                    </Conditions>
                    <HotSpots>
                      <Vector3>
                        <X>2853.269</X>
                        <Y>1759.61292</Y>
                        <Z>-89.94213</Z>
                      </Vector3>
                      <Vector3>
                        <X>2861.16528</X>
                        <Y>1704.91516</Y>
                        <Z>-89.8150253</Z>
                      </Vector3>
                      <Vector3>
                        <X>2898.556</X>
                        <Y>1724.58</Y>
                        <Z>-87.9986038</Z>
                      </Vector3>
                    </HotSpots>
                  </Action>
                </Actions>
                <SimultaneousActions>false</SimultaneousActions>
              </Action>
              <Action xsi:type="ActionPack">
                <ActionID>3b38d481-bc72-44ae-9149-540626533888</ActionID>
                <OverrideName>Демоническая резня</OverrideName>
                <Sound>
                  <SoundName />
                  <Trigger>OnActionCompleted</Trigger>
                </Sound>
                <Disabled>false</Disabled>
                <PlayWhileConditionsAreOk>false</PlayWhileConditionsAreOk>
                <PlayWhileUnSuccess>true</PlayWhileUnSuccess>
                <AssociateMission />
                <Loop>false</Loop>
                <MaxRunningTime>0</MaxRunningTime>
                <OnlyOneConditionMustBeGood>false</OnlyOneConditionMustBeGood>
                <OnlyDoneByServer>false</OnlyDoneByServer>
                <Conditions />
                <HotSpots />
                <Actions>
                  <Action xsi:type="Grind">
                    <ActionID>1f1f6455-97e8-4598-b053-cd3c7408524f</ActionID>
                    <OverrideName />
                    <Sound>
                      <SoundName />
                      <Trigger>OnActionCompleted</Trigger>
                    </Sound>
                    <Disabled>false</Disabled>
                    <PlayWhileConditionsAreOk>true</PlayWhileConditionsAreOk>
                    <PlayWhileUnSuccess>true</PlayWhileUnSuccess>
                    <AssociateMission />
                    <Loop>false</Loop>
                    <MaxRunningTime>0</MaxRunningTime>
                    <OnlyOneConditionMustBeGood>false</OnlyOneConditionMustBeGood>
                    <OnlyDoneByServer>false</OnlyDoneByServer>
                    <Conditions>
                      <Condition xsi:type="QuestInfo">
                        <Locked>false</Locked>
                        <QuestID>M8_He_Demon_01/Main</QuestID>
                        <Tested>InProgress</Tested>
                      </Condition>
                    </Conditions>
                    <HotSpots>
                      <Vector3>
                        <X>2080.463</X>
                        <Y>1588.49817</Y>
                        <Z>-195.822479</Z>
                      </Vector3>
                      <Vector3>
                        <X>2104.645</X>
                        <Y>1635.29285</Y>
                        <Z>-193.657745</Z>
                      </Vector3>
                      <Vector3>
                        <X>2062.361</X>
                        <Y>1644.93884</Y>
                        <Z>-192.880325</Z>
                      </Vector3>
                    </HotSpots>
                  </Action>
                  <Action xsi:type="WaitTimer">
                    <ActionID>6ca6ca54-c8ce-49a1-afba-6504dabdce26</ActionID>
                    <OverrideName />
                    <Sound>
                      <SoundName />
                      <Trigger>OnActionCompleted</Trigger>
                    </Sound>
                    <Disabled>false</Disabled>
                    <PlayWhileConditionsAreOk>false</PlayWhileConditionsAreOk>
                    <PlayWhileUnSuccess>true</PlayWhileUnSuccess>
                    <AssociateMission />
                    <Loop>false</Loop>
                    <MaxRunningTime>0</MaxRunningTime>
                    <OnlyOneConditionMustBeGood>false</OnlyOneConditionMustBeGood>
                    <OnlyDoneByServer>false</OnlyDoneByServer>
                    <Conditions />
                    <HotSpots />
                    <WaitTimeMs>10000</WaitTimeMs>
                  </Action>
                  <Action xsi:type="Grind">
                    <ActionID>d701726b-59a9-4686-aa69-f65f8671ba25</ActionID>
                    <OverrideName />
                    <Sound>
                      <SoundName />
                      <Trigger>OnActionCompleted</Trigger>
                    </Sound>
                    <Disabled>false</Disabled>
                    <PlayWhileConditionsAreOk>true</PlayWhileConditionsAreOk>
                    <PlayWhileUnSuccess>true</PlayWhileUnSuccess>
                    <AssociateMission />
                    <Loop>false</Loop>
                    <MaxRunningTime>0</MaxRunningTime>
                    <OnlyOneConditionMustBeGood>false</OnlyOneConditionMustBeGood>
                    <OnlyDoneByServer>false</OnlyDoneByServer>
                    <Conditions>
                      <Condition xsi:type="QuestInfo">
                        <Locked>false</Locked>
                        <QuestID>M8_He_Demon_Bonus_01/Main</QuestID>
                        <Tested>InProgress</Tested>
                      </Condition>
                    </Conditions>
                    <HotSpots>
                      <Vector3>
                        <X>2062.24463</X>
                        <Y>1641.177</Y>
                        <Z>-193.064056</Z>
                      </Vector3>
                      <Vector3>
                        <X>2082.17456</X>
                        <Y>1661.00879</Y>
                        <Z>-191.385117</Z>
                      </Vector3>
                      <Vector3>
                        <X>2061.9043</X>
                        <Y>1621.91443</Y>
                        <Z>-194.811218</Z>
                      </Vector3>
                      <Vector3>
                        <X>2073.88232</X>
                        <Y>1681.03662</Y>
                        <Z>-189.020844</Z>
                      </Vector3>
                      <Vector3>
                        <X>2096.15039</X>
                        <Y>1596.28308</Y>
                        <Z>-196.271255</Z>
                      </Vector3>
                    </HotSpots>
                  </Action>
                </Actions>
                <SimultaneousActions>false</SimultaneousActions>
              </Action>
              <Action xsi:type="WaitTimer">
                <ActionID>67078229-8916-4786-99c8-33cf476141e8</ActionID>
                <OverrideName />
                <Sound>
                  <SoundName />
                  <Trigger>OnActionCompleted</Trigger>
                </Sound>
                <Disabled>false</Disabled>
                <PlayWhileConditionsAreOk>false</PlayWhileConditionsAreOk>
                <PlayWhileUnSuccess>true</PlayWhileUnSuccess>
                <AssociateMission />
                <Loop>false</Loop>
                <MaxRunningTime>0</MaxRunningTime>
                <OnlyOneConditionMustBeGood>false</OnlyOneConditionMustBeGood>
                <OnlyDoneByServer>false</OnlyDoneByServer>
                <Conditions />
                <HotSpots />
                <WaitTimeMs>10000</WaitTimeMs>
              </Action>
              <Action xsi:type="GoToAction">
                <ActionID>cb9c004d-db09-42d2-a480-ea83ec7c550b</ActionID>
                <OverrideName />
                <Sound>
                  <SoundName />
                  <Trigger>OnActionCompleted</Trigger>
                </Sound>
                <Disabled>false</Disabled>
                <PlayWhileConditionsAreOk>true</PlayWhileConditionsAreOk>
                <PlayWhileUnSuccess>true</PlayWhileUnSuccess>
                <AssociateMission />
                <Loop>false</Loop>
                <MaxRunningTime>0</MaxRunningTime>
                <OnlyOneConditionMustBeGood>false</OnlyOneConditionMustBeGood>
                <OnlyDoneByServer>true</OnlyDoneByServer>
                <Conditions>
                  <Condition xsi:type="QuestInfo">
                    <Locked>false</Locked>
                    <QuestID>M8_Dr_Demon_He_Complete_Pm</QuestID>
                    <Tested>InProgress</Tested>
                  </Condition>
                </Conditions>
                <HotSpots />
                <ResetAllCompletedActions>false</ResetAllCompletedActions>
                <DestinationActionID>01b629e0-a38a-45d5-814c-2991f1bb160c</DestinationActionID>
              </Action>
            </Actions>
            <SimultaneousActions>false</SimultaneousActions>
          </Action>
          <Action xsi:type="ActionPack">
            <ActionID>e2365986-9a7e-4418-ac67-881ea2fcecb0</ActionID>
            <OverrideName>Complete daily</OverrideName>
            <Sound>
              <SoundName />
              <Trigger>OnActionCompleted</Trigger>
            </Sound>
            <Disabled>false</Disabled>
            <PlayWhileConditionsAreOk>false</PlayWhileConditionsAreOk>
            <PlayWhileUnSuccess>true</PlayWhileUnSuccess>
            <AssociateMission />
            <Loop>false</Loop>
            <MaxRunningTime>0</MaxRunningTime>
            <OnlyOneConditionMustBeGood>false</OnlyOneConditionMustBeGood>
            <OnlyDoneByServer>false</OnlyDoneByServer>
            <Conditions />
            <HotSpots />
            <Actions>
              <Action xsi:type="TurnInMission">
                <ActionID>fd01b475-6a3a-497e-b8dc-0d311f4170ee</ActionID>
                <OverrideName />
                <Sound>
                  <SoundName />
                  <Trigger>OnActionCompleted</Trigger>
                </Sound>
                <Disabled>false</Disabled>
                <PlayWhileConditionsAreOk>true</PlayWhileConditionsAreOk>
                <PlayWhileUnSuccess>true</PlayWhileUnSuccess>
                <AssociateMission />
                <Loop>false</Loop>
                <MaxRunningTime>0</MaxRunningTime>
                <OnlyOneConditionMustBeGood>false</OnlyOneConditionMustBeGood>
                <OnlyDoneByServer>false</OnlyDoneByServer>
                <Conditions />
                <HotSpots />
                <MissionId>Az_Dr_N1_Contingency</MissionId>
                <GiverId>Generic_Civilian</GiverId>
                <GiverPosition>
                  <X>2020.80029</X>
                  <Y>1315.44067</Y>
                  <Z>-111.071533</Z>
                </GiverPosition>
              </Action>
              <Action xsi:type="TurnInMission">
                <ActionID>56951782-da94-421b-9b7b-c1da10b6e96e</ActionID>
                <OverrideName />
                <Sound>
                  <SoundName />
                  <Trigger>OnActionCompleted</Trigger>
                </Sound>
                <Disabled>false</Disabled>
                <PlayWhileConditionsAreOk>true</PlayWhileConditionsAreOk>
                <PlayWhileUnSuccess>true</PlayWhileUnSuccess>
                <AssociateMission />
                <Loop>false</Loop>
                <MaxRunningTime>0</MaxRunningTime>
                <OnlyOneConditionMustBeGood>false</OnlyOneConditionMustBeGood>
                <OnlyDoneByServer>false</OnlyDoneByServer>
                <Conditions />
                <HotSpots />
                <MissionId>Az_Dr_N2_Shatter</MissionId>
                <GiverId>Generic_Civilian</GiverId>
                <GiverPosition>
                  <X>1959.29492</X>
                  <Y>1298.53882</Y>
                  <Z>-102.935547</Z>
                </GiverPosition>
              </Action>
              <Action xsi:type="TurnInMission">
                <ActionID>73b75006-64cf-411d-8f8d-14fe31e3479b</ActionID>
                <OverrideName />
                <Sound>
                  <SoundName />
                  <Trigger>OnActionCompleted</Trigger>
                </Sound>
                <Disabled>false</Disabled>
                <PlayWhileConditionsAreOk>true</PlayWhileConditionsAreOk>
                <PlayWhileUnSuccess>true</PlayWhileUnSuccess>
                <AssociateMission />
                <Loop>false</Loop>
                <MaxRunningTime>0</MaxRunningTime>
                <OnlyOneConditionMustBeGood>false</OnlyOneConditionMustBeGood>
                <OnlyDoneByServer>false</OnlyDoneByServer>
                <Conditions />
                <HotSpots />
                <MissionId>Az_Dr_Overlap_Planar_Binding</MissionId>
                <GiverId>Generic_Civilian</GiverId>
                <GiverPosition>
                  <X>2001.00024</X>
                  <Y>1170.49976</Y>
                  <Z>-116.687256</Z>
                </GiverPosition>
              </Action>
              <Action xsi:type="TurnInMission">
                <ActionID>6b12a357-68ed-4d4c-a87f-ea44b3890191</ActionID>
                <OverrideName />
                <Sound>
                  <SoundName />
                  <Trigger>OnActionCompleted</Trigger>
                </Sound>
                <Disabled>false</Disabled>
                <PlayWhileConditionsAreOk>true</PlayWhileConditionsAreOk>
                <PlayWhileUnSuccess>true</PlayWhileUnSuccess>
                <AssociateMission />
                <Loop>false</Loop>
                <MaxRunningTime>0</MaxRunningTime>
                <OnlyOneConditionMustBeGood>false</OnlyOneConditionMustBeGood>
                <OnlyDoneByServer>false</OnlyDoneByServer>
                <Conditions />
                <HotSpots />
                <MissionId>M8_Dr_Demon_He_Complete_Pm</MissionId>
                <GiverId>Civilian_Nw_Pe</GiverId>
                <GiverPosition>
                  <X>2092.287</X>
                  <Y>1210.28247</Y>
                  <Z>-102.876953</Z>
                </GiverPosition>
              </Action>
              <Action xsi:type="InteractSpecificNPC">
                <ActionID>9c218285-6c7b-4226-af87-a5e4c4ea5424</ActionID>
                <OverrideName />
                <Sound>
                  <SoundName />
                  <Trigger>OnActionCompleted</Trigger>
                </Sound>
                <Disabled>false</Disabled>
                <PlayWhileConditionsAreOk>true</PlayWhileConditionsAreOk>
                <PlayWhileUnSuccess>true</PlayWhileUnSuccess>
                <AssociateMission />
                <Loop>false</Loop>
                <MaxRunningTime>0</MaxRunningTime>
                <OnlyOneConditionMustBeGood>false</OnlyOneConditionMustBeGood>
                <OnlyDoneByServer>false</OnlyDoneByServer>
                <Conditions>
                  <Condition xsi:type="QuestInfo">
                    <Locked>false</Locked>
                    <QuestID>Az_Dr_Intro_Wages_Of_War/Speak_To_Knox</QuestID>
                    <Tested>InProgress</Tested>
                  </Condition>
                </Conditions>
                <HotSpots />
                <NPCCostume />
                <Dialogs>
                  <string>OptionsList.SpecialDialog.Az_Dr_Intro_Wages_Of_War/Talk_1</string>
                  <string>SpecialDialog.Continue</string>
                  <string>OptionList.Exit</string>
                </Dialogs>
                <DisplayName>Сержант Нокс</DisplayName>
                <Position>
                  <X>2115.68848</X>
                  <Y>1196.0459</Y>
                  <Z>-102.896729</Z>
                </Position>
                <InteractTime>2000</InteractTime>
                <Tolerance>1</Tolerance>
              </Action>
            </Actions>
            <SimultaneousActions>false</SimultaneousActions>
          </Action>
        </Actions>
        <SimultaneousActions>false</SimultaneousActions>
      </Action>
      <Action xsi:type="InteractSpecificNPC">
        <ActionID>eb420860-9454-4bec-9f23-27962497f49c</ActionID>
        <OverrideName />
        <Sound>
          <SoundName />
          <Trigger>OnActionCompleted</Trigger>
        </Sound>
        <Disabled>false</Disabled>
        <PlayWhileConditionsAreOk>true</PlayWhileConditionsAreOk>
        <PlayWhileUnSuccess>true</PlayWhileUnSuccess>
        <AssociateMission />
        <Loop>false</Loop>
        <MaxRunningTime>0</MaxRunningTime>
        <OnlyOneConditionMustBeGood>false</OnlyOneConditionMustBeGood>
        <OnlyDoneByServer>false</OnlyDoneByServer>
        <Conditions>
          <Condition xsi:type="QuestInfo">
            <Locked>false</Locked>
            <QuestID>Az_Dr_Intro_Wages_Of_War/Speak_To_Dell</QuestID>
            <Tested>InProgress</Tested>
          </Condition>
        </Conditions>
        <HotSpots />
        <NPCCostume />
        <Dialogs>
          <string>OptionsList.SpecialDialog.Az_Dr_Intro_Wages_Of_War/Talk_2</string>
          <string>SpecialDialog.Continue</string>
          <string>OptionList.Exit</string>
        </Dialogs>
        <DisplayName>Делл Мак-Корт</DisplayName>
        <Position>
          <X>2041.36719</X>
          <Y>1351.81689</Y>
          <Z>-111.067871</Z>
        </Position>
        <InteractTime>2000</InteractTime>
        <Tolerance>1</Tolerance>
      </Action>
      <Action xsi:type="TurnInMission">
        <ActionID>5b4ed084-dd48-4fbb-b538-d0b62a5d2408</ActionID>
        <OverrideName />
        <Sound>
          <SoundName />
          <Trigger>OnActionCompleted</Trigger>
        </Sound>
        <Disabled>false</Disabled>
        <PlayWhileConditionsAreOk>true</PlayWhileConditionsAreOk>
        <PlayWhileUnSuccess>true</PlayWhileUnSuccess>
        <AssociateMission />
        <Loop>false</Loop>
        <MaxRunningTime>0</MaxRunningTime>
        <OnlyOneConditionMustBeGood>false</OnlyOneConditionMustBeGood>
        <OnlyDoneByServer>false</OnlyDoneByServer>
        <Conditions />
        <HotSpots />
        <MissionId>Az_Dr_Intro_Wages_Of_War</MissionId>
        <GiverId>Npc_Ally_Fighter_Knox_Mounted</GiverId>
        <GiverPosition>
          <X>2115.68848</X>
          <Y>1196.0459</Y>
          <Z>-102.896729</Z>
        </GiverPosition>
      </Action>
      <Action xsi:type="PickUpMission">
        <ActionID>da81bcc4-5dfa-44a1-a713-d7ff1ec1c51b</ActionID>
        <OverrideName />
        <Sound>
          <SoundName />
          <Trigger>OnActionCompleted</Trigger>
        </Sound>
        <Disabled>false</Disabled>
        <PlayWhileConditionsAreOk>true</PlayWhileConditionsAreOk>
        <PlayWhileUnSuccess>true</PlayWhileUnSuccess>
        <AssociateMission />
        <Loop>false</Loop>
        <MaxRunningTime>0</MaxRunningTime>
        <OnlyOneConditionMustBeGood>false</OnlyOneConditionMustBeGood>
        <OnlyDoneByServer>false</OnlyDoneByServer>
        <Conditions />
        <HotSpots />
        <MissionId>Az_Dr_Intro_Heart_Of_Dread</MissionId>
        <SkipOnFail>false</SkipOnFail>
        <GiverId>Npc_Ally_Fighter_Knox_Mounted</GiverId>
        <GiverPosition>
          <X>2115.68848</X>
          <Y>1196.0459</Y>
          <Z>-102.896729</Z>
        </GiverPosition>
      </Action>
      <Action xsi:type="InteractSpecificNPC">
        <ActionID>59886018-79a0-4366-89bf-9ea49246a11d</ActionID>
        <OverrideName />
        <Sound>
          <SoundName />
          <Trigger>OnActionCompleted</Trigger>
        </Sound>
        <Disabled>false</Disabled>
        <PlayWhileConditionsAreOk>false</PlayWhileConditionsAreOk>
        <PlayWhileUnSuccess>true</PlayWhileUnSuccess>
        <AssociateMission />
        <Loop>false</Loop>
        <MaxRunningTime>0</MaxRunningTime>
        <OnlyOneConditionMustBeGood>false</OnlyOneConditionMustBeGood>
        <OnlyDoneByServer>false</OnlyDoneByServer>
        <Conditions />
        <HotSpots />
        <NPCCostume />
        <Dialogs>
          <string>OptionsList.SpecialDialog.Az_Dr_Intro_Heart_Of_Dread/Keys_Question</string>
          <string>SpecialDialog.Continue</string>
          <string>ViewOfferedMission.Accept</string>
        </Dialogs>
        <DisplayName>Рат Модар</DisplayName>
        <Position>
          <X>1977.74316</X>
          <Y>1316.09717</Y>
          <Z>-102.958008</Z>
        </Position>
        <InteractTime>2000</InteractTime>
        <Tolerance>1</Tolerance>
      </Action>
      <Action xsi:type="ActionPack">
        <ActionID>d2ca8933-22d4-4557-85f9-eedf19466a5d</ActionID>
        <OverrideName>Pick_of_Horror</OverrideName>
        <Sound>
          <SoundName />
          <Trigger>OnActionCompleted</Trigger>
        </Sound>
        <Disabled>false</Disabled>
        <PlayWhileConditionsAreOk>false</PlayWhileConditionsAreOk>
        <PlayWhileUnSuccess>true</PlayWhileUnSuccess>
        <AssociateMission />
        <Loop>false</Loop>
        <MaxRunningTime>0</MaxRunningTime>
        <OnlyOneConditionMustBeGood>false</OnlyOneConditionMustBeGood>
        <OnlyDoneByServer>false</OnlyDoneByServer>
        <Conditions />
        <HotSpots />
        <Actions>
          <Action xsi:type="InteractSpecificNode">
            <ActionID>5ea03874-ea51-49f2-b5bb-eae760121394</ActionID>
            <OverrideName>InteractSpecificNode (Вход)</OverrideName>
            <Sound>
              <SoundName />
              <Trigger>OnActionCompleted</Trigger>
            </Sound>
            <Disabled>false</Disabled>
            <PlayWhileConditionsAreOk>true</PlayWhileConditionsAreOk>
            <PlayWhileUnSuccess>true</PlayWhileUnSuccess>
            <AssociateMission />
            <Loop>false</Loop>
            <MaxRunningTime>0</MaxRunningTime>
            <OnlyOneConditionMustBeGood>false</OnlyOneConditionMustBeGood>
            <OnlyDoneByServer>false</OnlyDoneByServer>
            <Conditions>
              <Condition xsi:type="QuestInfo">
                <Locked>false</Locked>
                <QuestID>Az_Dr_Intro_Heart_Of_Dread/Complete_Open_Mission</QuestID>
                <Tested>InProgress</Tested>
              </Condition>
            </Conditions>
            <HotSpots />
            <NodeCategory />
            <LocalizedName />
            <Dialogs />
            <InteractTime>1000</InteractTime>
            <Position>
              <X>2156.63232</X>
              <Y>2768.98047</Y>
              <Z>-73.4274</Z>
            </Position>
            <RewardItemChoose />
            <SkipTimeout>0</SkipTimeout>
          </Action>
          <Action xsi:type="InteractSpecificNode">
            <ActionID>7265f848-ffda-4e55-a425-4ad16ae5f01e</ActionID>
            <OverrideName />
            <Sound>
              <SoundName />
              <Trigger>OnActionCompleted</Trigger>
            </Sound>
            <Disabled>false</Disabled>
            <PlayWhileConditionsAreOk>true</PlayWhileConditionsAreOk>
            <PlayWhileUnSuccess>true</PlayWhileUnSuccess>
            <AssociateMission />
            <Loop>false</Loop>
            <MaxRunningTime>60</MaxRunningTime>
            <OnlyOneConditionMustBeGood>false</OnlyOneConditionMustBeGood>
            <OnlyDoneByServer>false</OnlyDoneByServer>
            <Conditions>
              <Condition xsi:type="QuestInfo">
                <Locked>false</Locked>
                <QuestID>Az_Dr_Dread_Spire_Om/Research</QuestID>
                <Tested>InProgress</Tested>
              </Condition>
              <Condition xsi:type="CurrentMap">
                <Locked>false</Locked>
                <Tested>Equal</Tested>
                <MapName>Az_Dr_Dread_Spire</MapName>
              </Condition>
            </Conditions>
            <HotSpots />
            <NodeCategory />
            <LocalizedName />
            <Dialogs />
            <InteractTime>1000</InteractTime>
            <Position>
              <X>659.971069</X>
              <Y>3173.60034</Y>
              <Z>189</Z>
            </Position>
            <RewardItemChoose />
            <SkipTimeout>0</SkipTimeout>
          </Action>
          <Action xsi:type="MoveTo">
            <ActionID>6df43c33-02af-4e0f-b4e1-5d48d37dab39</ActionID>
            <OverrideName />
            <Sound>
              <SoundName />
              <Trigger>OnActionCompleted</Trigger>
            </Sound>
            <Disabled>false</Disabled>
            <PlayWhileConditionsAreOk>false</PlayWhileConditionsAreOk>
            <PlayWhileUnSuccess>true</PlayWhileUnSuccess>
            <AssociateMission />
            <Loop>false</Loop>
            <MaxRunningTime>0</MaxRunningTime>
            <OnlyOneConditionMustBeGood>false</OnlyOneConditionMustBeGood>
            <OnlyDoneByServer>false</OnlyDoneByServer>
            <Conditions />
            <HotSpots />
            <Position>
              <X>-1170.10669</X>
              <Y>-4.68099</Y>
              <Z>42.9806</Z>
            </Position>
            <Range>5</Range>
          </Action>
          <Action xsi:type="InteractNode">
            <ActionID>09119b94-fb7f-492d-839f-888f0e45e955</ActionID>
            <OverrideName />
            <Sound>
              <SoundName />
              <Trigger>OnActionCompleted</Trigger>
            </Sound>
            <Disabled>false</Disabled>
            <PlayWhileConditionsAreOk>true</PlayWhileConditionsAreOk>
            <PlayWhileUnSuccess>true</PlayWhileUnSuccess>
            <AssociateMission />
            <Loop>false</Loop>
            <MaxRunningTime>0</MaxRunningTime>
            <OnlyOneConditionMustBeGood>false</OnlyOneConditionMustBeGood>
            <OnlyDoneByServer>false</OnlyDoneByServer>
            <Conditions>
              <Condition xsi:type="QuestInfo">
                <Locked>false</Locked>
                <QuestID>Az_Dr_Dread_Spire_Om/Research</QuestID>
                <Tested>InProgress</Tested>
              </Condition>
            </Conditions>
            <HotSpots>
              <Vector3>
                <X>-1168.93518</X>
                <Y>45.8267021</Y>
                <Z>48.6854973</Z>
              </Vector3>
              <Vector3>
                <X>-1169.07471</X>
                <Y>-108.430283</Y>
                <Z>48.36896</Z>
              </Vector3>
              <Vector3>
                <X>-1232.74951</X>
                <Y>-63.21923</Y>
                <Z>42.9807968</Z>
              </Vector3>
              <Vector3>
                <X>-1104.61145</X>
                <Y>-64.65825</Y>
                <Z>43.92026</Z>
              </Vector3>
            </HotSpots>
            <NodeCategory />
            <LocalizedName />
            <Dialogs />
            <OneInteractionByNode>false</OneInteractionByNode>
            <InteractTime>1000</InteractTime>
            <ReactionRange>35</ReactionRange>
            <WhiteList />
            <BlackList />
          </Action>
          <Action xsi:type="MoveTo">
            <ActionID>0518beb7-b11b-4f59-8473-d6333eeebae9</ActionID>
            <OverrideName />
            <Sound>
              <SoundName />
              <Trigger>OnActionCompleted</Trigger>
            </Sound>
            <Disabled>false</Disabled>
            <PlayWhileConditionsAreOk>true</PlayWhileConditionsAreOk>
            <PlayWhileUnSuccess>true</PlayWhileUnSuccess>
            <AssociateMission />
            <Loop>false</Loop>
            <MaxRunningTime>0</MaxRunningTime>
            <OnlyOneConditionMustBeGood>false</OnlyOneConditionMustBeGood>
            <OnlyDoneByServer>false</OnlyDoneByServer>
            <Conditions>
              <Condition xsi:type="QuestInfo">
                <Locked>false</Locked>
                <QuestID>Az_Dr_Dread_Spire_Om/Top_Floor</QuestID>
                <Tested>InProgress</Tested>
              </Condition>
            </Conditions>
            <HotSpots />
            <Position>
              <X>-918.1075</X>
              <Y>2.628134</Y>
              <Z>85.86029</Z>
            </Position>
            <Range>5</Range>
          </Action>
          <Action xsi:type="InteractSpecificNode">
            <ActionID>2746eba1-be55-48a5-9d78-a07cc6fbffbe</ActionID>
            <OverrideName />
            <Sound>
              <SoundName />
              <Trigger>OnActionCompleted</Trigger>
            </Sound>
            <Disabled>false</Disabled>
            <PlayWhileConditionsAreOk>false</PlayWhileConditionsAreOk>
            <PlayWhileUnSuccess>true</PlayWhileUnSuccess>
            <AssociateMission>Az_Dr_Dread_Spire_Om/Zulkir</AssociateMission>
            <Loop>false</Loop>
            <MaxRunningTime>10</MaxRunningTime>
            <OnlyOneConditionMustBeGood>false</OnlyOneConditionMustBeGood>
            <OnlyDoneByServer>false</OnlyDoneByServer>
            <Conditions />
            <HotSpots />
            <NodeCategory />
            <LocalizedName />
            <Dialogs />
            <InteractTime>1000</InteractTime>
            <Position>
              <X>-917.721741</X>
              <Y>-9.000005</Y>
              <Z>91.02049</Z>
            </Position>
            <RewardItemChoose />
            <SkipTimeout>10</SkipTimeout>
          </Action>
          <Action xsi:type="Grind">
            <ActionID>55f4e900-fc2d-4ef8-bc99-1bf37438a7ad</ActionID>
            <OverrideName />
            <Sound>
              <SoundName />
              <Trigger>OnActionCompleted</Trigger>
            </Sound>
            <Disabled>false</Disabled>
            <PlayWhileConditionsAreOk>true</PlayWhileConditionsAreOk>
            <PlayWhileUnSuccess>true</PlayWhileUnSuccess>
            <AssociateMission />
            <Loop>false</Loop>
            <MaxRunningTime>0</MaxRunningTime>
            <OnlyOneConditionMustBeGood>false</OnlyOneConditionMustBeGood>
            <OnlyDoneByServer>false</OnlyDoneByServer>
            <Conditions>
              <Condition xsi:type="QuestInfo">
                <Locked>false</Locked>
                <QuestID>Az_Dr_Dread_Spire_Om/Zulkir</QuestID>
                <Tested>InProgress</Tested>
              </Condition>
              <Condition xsi:type="IsInCustomRegion">
                <Locked>false</Locked>
                <Tested>Equal</Tested>
                <CustomRegionName>boss_area</CustomRegionName>
              </Condition>
            </Conditions>
            <HotSpots>
              <Vector3>
                <X>-799.947449</X>
                <Y>2.10914135</Y>
                <Z>78.4301758</Z>
              </Vector3>
              <Vector3>
                <X>-743.7813</X>
                <Y>4.99580431</Y>
                <Z>78.4301758</Z>
              </Vector3>
            </HotSpots>
          </Action>
          <Action xsi:type="GoToAction">
            <ActionID>65c2a06a-fe95-4f5f-ad4f-735b28364849</ActionID>
            <OverrideName />
            <Sound>
              <SoundName />
              <Trigger>OnActionCompleted</Trigger>
            </Sound>
            <Disabled>false</Disabled>
            <PlayWhileConditionsAreOk>true</PlayWhileConditionsAreOk>
            <PlayWhileUnSuccess>true</PlayWhileUnSuccess>
            <AssociateMission />
            <Loop>false</Loop>
            <MaxRunningTime>0</MaxRunningTime>
            <OnlyOneConditionMustBeGood>false</OnlyOneConditionMustBeGood>
            <OnlyDoneByServer>true</OnlyDoneByServer>
            <Conditions>
              <Condition xsi:type="QuestInfo">
                <Locked>false</Locked>
                <QuestID>Az_Dr_Dread_Spire_Om/Zulkir</QuestID>
                <Tested>InProgress</Tested>
              </Condition>
            </Conditions>
            <HotSpots />
            <ResetAllCompletedActions>false</ResetAllCompletedActions>
            <DestinationActionID>0518beb7-b11b-4f59-8473-d6333eeebae9</DestinationActionID>
          </Action>
          <Action xsi:type="InteractSpecificNode">
            <ActionID>64271bfe-1801-4633-ad4a-f85332dbee28</ActionID>
            <OverrideName />
            <Sound>
              <SoundName />
              <Trigger>OnActionCompleted</Trigger>
            </Sound>
            <Disabled>false</Disabled>
            <PlayWhileConditionsAreOk>false</PlayWhileConditionsAreOk>
            <PlayWhileUnSuccess>true</PlayWhileUnSuccess>
            <AssociateMission />
            <Loop>false</Loop>
            <MaxRunningTime>0</MaxRunningTime>
            <OnlyOneConditionMustBeGood>false</OnlyOneConditionMustBeGood>
            <OnlyDoneByServer>false</OnlyDoneByServer>
            <Conditions />
            <HotSpots />
            <NodeCategory>Loot</NodeCategory>
            <LocalizedName />
            <Dialogs />
            <InteractTime>1000</InteractTime>
            <Position>
              <X>-668.8499</X>
              <Y>-7.342019</Y>
              <Z>81.6208</Z>
            </Position>
            <RewardItemChoose />
            <SkipTimeout>0</SkipTimeout>
          </Action>
          <Action xsi:type="InteractSpecificNode">
            <ActionID>0c84d41b-6897-4f69-a77b-e329e0f82b4d</ActionID>
            <OverrideName />
            <Sound>
              <SoundName />
              <Trigger>OnActionCompleted</Trigger>
            </Sound>
            <Disabled>false</Disabled>
            <PlayWhileConditionsAreOk>false</PlayWhileConditionsAreOk>
            <PlayWhileUnSuccess>true</PlayWhileUnSuccess>
            <AssociateMission />
            <Loop>false</Loop>
            <MaxRunningTime>0</MaxRunningTime>
            <OnlyOneConditionMustBeGood>false</OnlyOneConditionMustBeGood>
            <OnlyDoneByServer>false</OnlyDoneByServer>
            <Conditions />
            <HotSpots />
            <NodeCategory>Loot</NodeCategory>
            <LocalizedName>Сундук с сокровищами</LocalizedName>
            <Dialogs>
              <string>ViewSubMission.Continue</string>
            </Dialogs>
            <InteractTime>1000</InteractTime>
            <Position>
              <X>-668.852234</X>
              <Y>13.249835</Y>
              <Z>81.2777</Z>
            </Position>
            <RewardItemChoose />
            <SkipTimeout>0</SkipTimeout>
          </Action>
          <Action xsi:type="InteractSpecificNode">
            <ActionID>c954748e-a496-4b7f-af29-98dd0b5fa9b0</ActionID>
            <OverrideName />
            <Sound>
              <SoundName />
              <Trigger>OnActionCompleted</Trigger>
            </Sound>
            <Disabled>false</Disabled>
            <PlayWhileConditionsAreOk>false</PlayWhileConditionsAreOk>
            <PlayWhileUnSuccess>true</PlayWhileUnSuccess>
            <AssociateMission />
            <Loop>false</Loop>
            <MaxRunningTime>0</MaxRunningTime>
            <OnlyOneConditionMustBeGood>false</OnlyOneConditionMustBeGood>
            <OnlyDoneByServer>false</OnlyDoneByServer>
            <Conditions />
            <HotSpots />
            <NodeCategory />
            <LocalizedName />
            <Dialogs />
            <InteractTime>1000</InteractTime>
            <Position>
              <X>-656.6213</X>
              <Y>3.29</Y>
              <Z>88.6663</Z>
            </Position>
            <RewardItemChoose />
            <SkipTimeout>0</SkipTimeout>
          </Action>
        </Actions>
        <SimultaneousActions>false</SimultaneousActions>
      </Action>
      <Action xsi:type="TurnInMission">
        <ActionID>cb1f6e3b-7a88-4a13-b95b-2c533cc4bfbb</ActionID>
        <OverrideName />
        <Sound>
          <SoundName />
          <Trigger>OnActionCompleted</Trigger>
        </Sound>
        <Disabled>false</Disabled>
        <PlayWhileConditionsAreOk>true</PlayWhileConditionsAreOk>
        <PlayWhileUnSuccess>true</PlayWhileUnSuccess>
        <AssociateMission />
        <Loop>false</Loop>
        <MaxRunningTime>0</MaxRunningTime>
        <OnlyOneConditionMustBeGood>false</OnlyOneConditionMustBeGood>
        <OnlyDoneByServer>false</OnlyDoneByServer>
        <Conditions />
        <HotSpots />
        <MissionId>Az_Dr_Intro_Seizing_Power</MissionId>
        <GiverId>Generic_Civilian</GiverId>
        <GiverPosition>
          <X>1977.74316</X>
          <Y>1316.09717</Y>
          <Z>-102.958008</Z>
        </GiverPosition>
      </Action>
      <Action xsi:type="TurnInMission">
        <ActionID>ef4bc223-9fa3-43c9-9eaf-b0836c7cd9d6</ActionID>
        <OverrideName />
        <Sound>
          <SoundName />
          <Trigger>OnActionCompleted</Trigger>
        </Sound>
        <Disabled>false</Disabled>
        <PlayWhileConditionsAreOk>true</PlayWhileConditionsAreOk>
        <PlayWhileUnSuccess>true</PlayWhileUnSuccess>
        <AssociateMission />
        <Loop>false</Loop>
        <MaxRunningTime>0</MaxRunningTime>
        <OnlyOneConditionMustBeGood>false</OnlyOneConditionMustBeGood>
        <OnlyDoneByServer>false</OnlyDoneByServer>
        <Conditions />
        <HotSpots />
        <MissionId>Az_Dr_Intro_Heart_Of_Dread</MissionId>
        <GiverId>Npc_Ally_Fighter_Knox_Mounted</GiverId>
        <GiverPosition>
          <X>2115.68848</X>
          <Y>1196.0459</Y>
          <Z>-102.896729</Z>
        </GiverPosition>
      </Action>
      <Action xsi:type="PickUpMission">
        <ActionID>501e5d9b-dd1e-4d8b-9e18-3b5b0cdd8e6b</ActionID>
        <OverrideName />
        <Sound>
          <SoundName />
          <Trigger>OnActionCompleted</Trigger>
        </Sound>
        <Disabled>false</Disabled>
        <PlayWhileConditionsAreOk>true</PlayWhileConditionsAreOk>
        <PlayWhileUnSuccess>true</PlayWhileUnSuccess>
        <AssociateMission />
        <Loop>false</Loop>
        <MaxRunningTime>0</MaxRunningTime>
        <OnlyOneConditionMustBeGood>false</OnlyOneConditionMustBeGood>
        <OnlyDoneByServer>false</OnlyDoneByServer>
        <Conditions />
        <HotSpots />
        <MissionId>Az_Dr_Intro_A_New_Day</MissionId>
        <SkipOnFail>false</SkipOnFail>
        <GiverId>Npc_Ally_Fighter_Knox_Mounted</GiverId>
        <GiverPosition>
          <X>2115.68848</X>
          <Y>1196.0459</Y>
          <Z>-102.896729</Z>
        </GiverPosition>
      </Action>
    </Actions>
    <SimultaneousActions>false</SimultaneousActions>
  </MainActionPack>
  <Saved>true</Saved>
</Profile>