<?xml version="1.0"?>
<Profile xmlns:xsi="http://www.w3.org/2001/XMLSchema-instance" xmlns:xsd="http://www.w3.org/2001/XMLSchema">
  <Vendors />
  <BlackList />
  <KillRadius>20</KillRadius>
  <CustomRegions>
    <CustomRegion>
      <Name>Boss_Zone</Name>
      <Position>
        <X>-222</X>
        <Y>5090</Y>
        <Z>0</Z>
      </Position>
      <Width>230</Width>
      <Height>-204</Height>
    </CustomRegion>
    <CustomRegion>
      <Name>Second_Zone</Name>
      <Position>
        <X>-744</X>
        <Y>5142</Y>
        <Z>0</Z>
      </Position>
      <Width>780</Width>
      <Height>-647</Height>
    </CustomRegion>
  </CustomRegions>
  <UseExternalMeshFile>false</UseExternalMeshFile>
  <ExternalMeshFileName />
  <DisablePet>false</DisablePet>
  <FollowerDistance>10</FollowerDistance>
  <DisableFollow>false</DisableFollow>
  <MainActionPack>
    <ActionID>8e8a008e-c1ed-45bc-a3cc-4ac7c1f0b42b</ActionID>
    <OverrideName />
    <Sound>
      <SoundName />
      <Trigger>OnActionCompleted</Trigger>
    </Sound>
    <Disabled>false</Disabled>
    <PlayWhileConditionsAreOk>false</PlayWhileConditionsAreOk>
    <PlayWhileUnSuccess>true</PlayWhileUnSuccess>
    <AssociateMission />
    <Loop>false</Loop>
    <MaxRunningTime>0</MaxRunningTime>
    <OnlyOneConditionMustBeGood>false</OnlyOneConditionMustBeGood>
    <OnlyDoneByServer>false</OnlyDoneByServer>
    <Conditions />
    <HotSpots />
    <Actions>
      <Action xsi:type="ActionPack">
        <ActionID>fa02973d-ace6-4bca-be27-0409d6c719b0</ActionID>
        <OverrideName>Take a key</OverrideName>
        <Sound>
          <SoundName />
          <Trigger>OnActionCompleted</Trigger>
        </Sound>
        <Disabled>false</Disabled>
        <PlayWhileConditionsAreOk>true</PlayWhileConditionsAreOk>
        <PlayWhileUnSuccess>true</PlayWhileUnSuccess>
        <AssociateMission />
        <Loop>false</Loop>
        <MaxRunningTime>0</MaxRunningTime>
        <OnlyOneConditionMustBeGood>false</OnlyOneConditionMustBeGood>
        <OnlyDoneByServer>false</OnlyDoneByServer>
        <Conditions>
          <Condition xsi:type="CurrentMap">
            <Locked>false</Locked>
            <Tested>Equal</Tested>
            <MapName>Neverwinter_Protectors_Enclave</MapName>
          </Condition>
        </Conditions>
        <HotSpots />
        <Actions>
          <Action xsi:type="MoveTo">
            <ActionID>dc8586a7-f5ea-4647-8d5e-ec012a07d588</ActionID>
            <OverrideName>Go to Dungeon Chest Keymaster</OverrideName>
            <Sound>
              <SoundName />
              <Trigger>OnActionCompleted</Trigger>
            </Sound>
            <Disabled>false</Disabled>
            <PlayWhileConditionsAreOk>false</PlayWhileConditionsAreOk>
            <PlayWhileUnSuccess>true</PlayWhileUnSuccess>
            <AssociateMission />
            <Loop>false</Loop>
            <MaxRunningTime>0</MaxRunningTime>
            <OnlyOneConditionMustBeGood>false</OnlyOneConditionMustBeGood>
            <OnlyDoneByServer>false</OnlyDoneByServer>
            <Conditions>
              <Condition xsi:type="CurrentMap">
                <Locked>false</Locked>
                <Tested>Equal</Tested>
                <MapName>Neverwinter_Protectors_Enclave</MapName>
              </Condition>
            </Conditions>
            <HotSpots />
            <Position>
              <X>756.8451</X>
              <Y>490.420074</Y>
              <Z>36.02672</Z>
            </Position>
            <Range>5</Range>
          </Action>
          <Action xsi:type="InteractNPC">
            <ActionID>3f583f77-3a97-4fb6-9cbf-c6eb792c47dc</ActionID>
            <OverrideName>Take Daily Key</OverrideName>
            <Sound>
              <SoundName />
              <Trigger>OnActionCompleted</Trigger>
            </Sound>
            <Disabled>false</Disabled>
            <PlayWhileConditionsAreOk>false</PlayWhileConditionsAreOk>
            <PlayWhileUnSuccess>true</PlayWhileUnSuccess>
            <AssociateMission />
            <Loop>false</Loop>
            <MaxRunningTime>0</MaxRunningTime>
            <OnlyOneConditionMustBeGood>false</OnlyOneConditionMustBeGood>
            <OnlyDoneByServer>false</OnlyDoneByServer>
            <Conditions>
              <Condition xsi:type="CurrentMap">
                <Locked>false</Locked>
                <Tested>Equal</Tested>
                <MapName>Neverwinter_Protectors_Enclave</MapName>
              </Condition>
            </Conditions>
            <HotSpots>
              <Vector3>
                <X>754.2739</X>
                <Y>484.955078</Y>
                <Z>36.0542</Z>
              </Vector3>
            </HotSpots>
            <NPCCostume />
            <Dialogs>
              <string>OptionsList.MissionOffer.Nw_Pe_Dungeon_Key_1</string>
              <string>ViewOfferedMission.Accept</string>
              <string>OptionList.Exit</string>
            </Dialogs>
            <OneInteractionByNpc>false</OneInteractionByNpc>
            <DisplayName>Dungeon Chest Keymaster</DisplayName>
            <InteractTime>2000</InteractTime>
            <ReactionRange>60</ReactionRange>
          </Action>
          <Action xsi:type="BuyItems">
            <ActionID>76fc2146-b499-4871-8d1c-5426d58a149a</ActionID>
            <OverrideName>Buy Bag of Astral</OverrideName>
            <Sound>
              <SoundName />
              <Trigger>OnActionCompleted</Trigger>
            </Sound>
            <Disabled>false</Disabled>
            <PlayWhileConditionsAreOk>false</PlayWhileConditionsAreOk>
            <PlayWhileUnSuccess>true</PlayWhileUnSuccess>
            <AssociateMission />
            <Loop>false</Loop>
            <MaxRunningTime>0</MaxRunningTime>
            <OnlyOneConditionMustBeGood>false</OnlyOneConditionMustBeGood>
            <OnlyDoneByServer>false</OnlyDoneByServer>
            <Conditions>
              <Condition xsi:type="CurrentMap">
                <Locked>false</Locked>
                <Tested>Equal</Tested>
                <MapName>Neverwinter_Protectors_Enclave</MapName>
              </Condition>
            </Conditions>
            <HotSpots />
            <Vendor>
              <DisplayName>Adventurer Seal Trader</DisplayName>
              <Position>
                <X>715.7993</X>
                <Y>460.891846</Y>
                <Z>37.52173</Z>
              </Position>
              <CostumeName />
              <MapName>Neverwinter_Protectors_Enclave</MapName>
              <RegionName />
            </Vendor>
            <BuyOptions>
              <BuyItemsOption>
                <ItemId>Astral_Diamonds_Rough_Box_500</ItemId>
                <ItemDisplayName>Bag of Rough Astral Diamonds</ItemDisplayName>
                <Count>1</Count>
              </BuyItemsOption>
            </BuyOptions>
            <BuyMenu>SpecialDialog.action_0</BuyMenu>
          </Action>
          <Action xsi:type="JoinMatch">
            <ActionID>89b9c933-7870-4c7f-8428-23d7e1290b5a</ActionID>
            <OverrideName>Join CK</OverrideName>
            <Sound>
              <SoundName />
              <Trigger>OnActionCompleted</Trigger>
            </Sound>
            <Disabled>false</Disabled>
            <PlayWhileConditionsAreOk>false</PlayWhileConditionsAreOk>
            <PlayWhileUnSuccess>true</PlayWhileUnSuccess>
            <AssociateMission />
            <Loop>false</Loop>
            <MaxRunningTime>10</MaxRunningTime>
            <OnlyOneConditionMustBeGood>false</OnlyOneConditionMustBeGood>
            <OnlyDoneByServer>false</OnlyDoneByServer>
            <Conditions />
            <HotSpots />
            <MatchName>Az_Mh_Caverns_Of_Karrundax</MatchName>
            <AdditionnalMatchs />
            <TryToReturnBefore>false</TryToReturnBefore>
            <PrivateMatch>true</PrivateMatch>
          </Action>
        </Actions>
        <SimultaneousActions>false</SimultaneousActions>
      </Action>
      <Action xsi:type="ActionPack">
        <ActionID>642288d3-493b-4b98-956c-a5a1c43ada2b</ActionID>
        <OverrideName>Caverns of Karrundax</OverrideName>
        <Sound>
          <SoundName />
          <Trigger>OnActionCompleted</Trigger>
        </Sound>
        <Disabled>false</Disabled>
        <PlayWhileConditionsAreOk>true</PlayWhileConditionsAreOk>
        <PlayWhileUnSuccess>true</PlayWhileUnSuccess>
        <AssociateMission />
        <Loop>false</Loop>
        <MaxRunningTime>0</MaxRunningTime>
        <OnlyOneConditionMustBeGood>false</OnlyOneConditionMustBeGood>
        <OnlyDoneByServer>false</OnlyDoneByServer>
        <Conditions>
          <Condition xsi:type="CurrentMap">
            <Locked>false</Locked>
            <Tested>Equal</Tested>
            <MapName>Az_Mh_Caverns_Of_Karrundax</MapName>
          </Condition>
        </Conditions>
        <HotSpots />
        <Actions>
          <Action xsi:type="ActionPack">
            <ActionID>02d43e62-e7b1-47d9-8398-17f630d591fb</ActionID>
            <OverrideName>Slay Pyraphenia</OverrideName>
            <Sound>
              <SoundName />
              <Trigger>OnActionCompleted</Trigger>
            </Sound>
            <Disabled>false</Disabled>
            <PlayWhileConditionsAreOk>false</PlayWhileConditionsAreOk>
            <PlayWhileUnSuccess>true</PlayWhileUnSuccess>
            <AssociateMission>Az_Mh_Caverns_Of_Karrundax_Om/Defeat_Pyraphenia</AssociateMission>
            <Loop>false</Loop>
            <MaxRunningTime>0</MaxRunningTime>
            <OnlyOneConditionMustBeGood>false</OnlyOneConditionMustBeGood>
            <OnlyDoneByServer>false</OnlyDoneByServer>
            <Conditions />
            <HotSpots />
            <Actions>
              <Action xsi:type="InteractSpecificNode">
                <ActionID>7a5e75b8-903b-47dc-b067-75bc5d9b90f9</ActionID>
                <OverrideName>Break Flame Shard</OverrideName>
                <Sound>
                  <SoundName />
                  <Trigger>OnActionCompleted</Trigger>
                </Sound>
                <Disabled>false</Disabled>
                <PlayWhileConditionsAreOk>false</PlayWhileConditionsAreOk>
                <PlayWhileUnSuccess>true</PlayWhileUnSuccess>
                <AssociateMission />
                <Loop>false</Loop>
                <MaxRunningTime>0</MaxRunningTime>
                <OnlyOneConditionMustBeGood>false</OnlyOneConditionMustBeGood>
                <OnlyDoneByServer>false</OnlyDoneByServer>
                <Conditions />
                <HotSpots />
                <NodeCategory />
                <LocalizedName />
                <Dialogs />
                <InteractTime>3000</InteractTime>
                <Position>
                  <X>-1407.794</X>
                  <Y>143.965912</Y>
                  <Z>87.75398</Z>
                </Position>
                <RewardItemChoose />
                <SkipTimeout>50</SkipTimeout>
              </Action>
              <Action xsi:type="Grind">
                <ActionID>9b81d852-9e62-400b-b1f3-93c399439c20</ActionID>
                <OverrideName>Slay Pyraphenia</OverrideName>
                <Sound>
                  <SoundName />
                  <Trigger>OnActionCompleted</Trigger>
                </Sound>
                <Disabled>false</Disabled>
                <PlayWhileConditionsAreOk>false</PlayWhileConditionsAreOk>
                <PlayWhileUnSuccess>true</PlayWhileUnSuccess>
                <AssociateMission>Az_Mh_Caverns_Of_Karrundax_Om/Defeat_Pyraphenia</AssociateMission>
                <Loop>false</Loop>
                <MaxRunningTime>0</MaxRunningTime>
                <OnlyOneConditionMustBeGood>false</OnlyOneConditionMustBeGood>
                <OnlyDoneByServer>false</OnlyDoneByServer>
                <Conditions />
                <HotSpots>
                  <Vector3>
                    <X>-1501.58618</X>
                    <Y>299.672882</Y>
                    <Z>91.8801</Z>
                  </Vector3>
                  <Vector3>
                    <X>-1472.31641</X>
                    <Y>250.912231</Y>
                    <Z>90.56854</Z>
                  </Vector3>
                  <Vector3>
                    <X>-1461.134</X>
                    <Y>277.836731</Y>
                    <Z>90.57023</Z>
                  </Vector3>
                  <Vector3>
                    <X>-1530.253</X>
                    <Y>268.2137</Y>
                    <Z>91.62335</Z>
                  </Vector3>
                </HotSpots>
              </Action>
            </Actions>
            <SimultaneousActions>false</SimultaneousActions>
          </Action>
          <Action xsi:type="ActionPack">
            <ActionID>ddc0a087-4a02-400a-83d8-a8ba8f67f886</ActionID>
            <OverrideName>Slay Hand of Magera</OverrideName>
            <Sound>
              <SoundName />
              <Trigger>OnActionCompleted</Trigger>
            </Sound>
            <Disabled>false</Disabled>
            <PlayWhileConditionsAreOk>false</PlayWhileConditionsAreOk>
            <PlayWhileUnSuccess>true</PlayWhileUnSuccess>
            <AssociateMission />
            <Loop>false</Loop>
            <MaxRunningTime>0</MaxRunningTime>
            <OnlyOneConditionMustBeGood>false</OnlyOneConditionMustBeGood>
            <OnlyDoneByServer>false</OnlyDoneByServer>
            <Conditions />
            <HotSpots />
            <Actions>
              <Action xsi:type="InteractSpecificNode">
                <ActionID>ae13377e-3674-4d12-96d7-7331bf8083b5</ActionID>
                <OverrideName>Lower the Causeway</OverrideName>
                <Sound>
                  <SoundName />
                  <Trigger>OnActionCompleted</Trigger>
                </Sound>
                <Disabled>false</Disabled>
                <PlayWhileConditionsAreOk>false</PlayWhileConditionsAreOk>
                <PlayWhileUnSuccess>true</PlayWhileUnSuccess>
                <AssociateMission>Az_Mh_Caverns_Of_Karrundax_Om/Open_Causeway</AssociateMission>
                <Loop>false</Loop>
                <MaxRunningTime>0</MaxRunningTime>
                <OnlyOneConditionMustBeGood>false</OnlyOneConditionMustBeGood>
                <OnlyDoneByServer>false</OnlyDoneByServer>
                <Conditions />
                <HotSpots />
                <NodeCategory />
                <LocalizedName />
                <Dialogs />
                <InteractTime>1000</InteractTime>
                <Position>
                  <X>-1517.35718</X>
                  <Y>319.233948</Y>
                  <Z>98</Z>
                </Position>
                <RewardItemChoose />
                <SkipTimeout>0</SkipTimeout>
              </Action>
              <Action xsi:type="WaitTimer">
                <ActionID>7416fae3-5737-4ddd-9c66-24aeb236b909</ActionID>
                <OverrideName>Wait for Causeway</OverrideName>
                <Sound>
                  <SoundName />
                  <Trigger>OnActionCompleted</Trigger>
                </Sound>
                <Disabled>false</Disabled>
                <PlayWhileConditionsAreOk>false</PlayWhileConditionsAreOk>
                <PlayWhileUnSuccess>true</PlayWhileUnSuccess>
                <AssociateMission />
                <Loop>false</Loop>
                <MaxRunningTime>0</MaxRunningTime>
                <OnlyOneConditionMustBeGood>false</OnlyOneConditionMustBeGood>
                <OnlyDoneByServer>false</OnlyDoneByServer>
                <Conditions />
                <HotSpots />
                <WaitTimeMs>6000</WaitTimeMs>
              </Action>
              <Action xsi:type="InteractSpecificNode">
                <ActionID>7864e26b-6b8e-4f86-9ef0-31bcd0533468</ActionID>
                <OverrideName>Break Flame Shard</OverrideName>
                <Sound>
                  <SoundName />
                  <Trigger>OnActionCompleted</Trigger>
                </Sound>
                <Disabled>false</Disabled>
                <PlayWhileConditionsAreOk>false</PlayWhileConditionsAreOk>
                <PlayWhileUnSuccess>true</PlayWhileUnSuccess>
                <AssociateMission />
                <Loop>false</Loop>
                <MaxRunningTime>0</MaxRunningTime>
                <OnlyOneConditionMustBeGood>false</OnlyOneConditionMustBeGood>
                <OnlyDoneByServer>false</OnlyDoneByServer>
                <Conditions />
                <HotSpots />
                <NodeCategory />
                <LocalizedName />
                <Dialogs />
                <InteractTime>3000</InteractTime>
                <Position>
                  <X>-848.3124</X>
                  <Y>1739.768</Y>
                  <Z>383.8759</Z>
                </Position>
                <RewardItemChoose />
                <SkipTimeout>50</SkipTimeout>
              </Action>
              <Action xsi:type="Grind">
                <ActionID>fcc54f17-0e90-4bad-82ff-faee172f4f66</ActionID>
                <OverrideName>Slay Hand of Magera</OverrideName>
                <Sound>
                  <SoundName />
                  <Trigger>OnActionCompleted</Trigger>
                </Sound>
                <Disabled>false</Disabled>
                <PlayWhileConditionsAreOk>false</PlayWhileConditionsAreOk>
                <PlayWhileUnSuccess>true</PlayWhileUnSuccess>
                <AssociateMission>Az_Mh_Caverns_Of_Karrundax_Om/Destroy_Hand</AssociateMission>
                <Loop>false</Loop>
                <MaxRunningTime>0</MaxRunningTime>
                <OnlyOneConditionMustBeGood>false</OnlyOneConditionMustBeGood>
                <OnlyDoneByServer>false</OnlyDoneByServer>
                <Conditions />
                <HotSpots>
                  <Vector3>
                    <X>-911.094055</X>
                    <Y>1887.52844</Y>
                    <Z>383.181549</Z>
                  </Vector3>
                  <Vector3>
                    <X>-924.8834</X>
                    <Y>1937.446</Y>
                    <Z>382.791321</Z>
                  </Vector3>
                  <Vector3>
                    <X>-871.5158</X>
                    <Y>1914.84155</Y>
                    <Z>383.607574</Z>
                  </Vector3>
                  <Vector3>
                    <X>-889.642944</X>
                    <Y>1871.79517</Y>
                    <Z>383.245361</Z>
                  </Vector3>
                  <Vector3>
                    <X>-940.7759</X>
                    <Y>1893.073</Y>
                    <Z>382.8423</Z>
                  </Vector3>
                </HotSpots>
              </Action>
            </Actions>
            <SimultaneousActions>false</SimultaneousActions>
          </Action>
          <Action xsi:type="InteractSpecificNode">
            <ActionID>969a4b51-20d1-47ce-ba7d-c8e095d28bb6</ActionID>
            <OverrideName>Climb to the Dragon's Nest</OverrideName>
            <Sound>
              <SoundName />
              <Trigger>OnActionCompleted</Trigger>
            </Sound>
            <Disabled>false</Disabled>
            <PlayWhileConditionsAreOk>false</PlayWhileConditionsAreOk>
            <PlayWhileUnSuccess>true</PlayWhileUnSuccess>
            <AssociateMission />
            <Loop>false</Loop>
            <MaxRunningTime>0</MaxRunningTime>
            <OnlyOneConditionMustBeGood>false</OnlyOneConditionMustBeGood>
            <OnlyDoneByServer>false</OnlyDoneByServer>
            <Conditions>
              <Condition xsi:type="IsInCustomRegion">
                <Locked>false</Locked>
                <Tested>NotEquel</Tested>
                <CustomRegionName>Second_Zone</CustomRegionName>
              </Condition>
            </Conditions>
            <HotSpots />
            <NodeCategory>Door</NodeCategory>
            <LocalizedName />
            <Dialogs />
            <InteractTime>1000</InteractTime>
            <Position>
              <X>-1092.011</X>
              <Y>1858.20886</Y>
              <Z>412</Z>
            </Position>
            <RewardItemChoose />
            <SkipTimeout>0</SkipTimeout>
          </Action>
          <Action xsi:type="ActionPack">
            <ActionID>01d091ab-2693-4f05-b469-040e7a266b3d</ActionID>
            <OverrideName>Slay Karrundax</OverrideName>
            <Sound>
              <SoundName />
              <Trigger>OnActionCompleted</Trigger>
            </Sound>
            <Disabled>false</Disabled>
            <PlayWhileConditionsAreOk>false</PlayWhileConditionsAreOk>
            <PlayWhileUnSuccess>true</PlayWhileUnSuccess>
            <AssociateMission />
            <Loop>false</Loop>
            <MaxRunningTime>0</MaxRunningTime>
            <OnlyOneConditionMustBeGood>false</OnlyOneConditionMustBeGood>
            <OnlyDoneByServer>false</OnlyDoneByServer>
            <Conditions />
            <HotSpots />
            <Actions>
              <Action xsi:type="InteractSpecificNode">
                <ActionID>12242ec3-be2e-4869-898c-164f147c3613</ActionID>
                <OverrideName>Enter Lair</OverrideName>
                <Sound>
                  <SoundName />
                  <Trigger>OnActionCompleted</Trigger>
                </Sound>
                <Disabled>false</Disabled>
                <PlayWhileConditionsAreOk>true</PlayWhileConditionsAreOk>
                <PlayWhileUnSuccess>true</PlayWhileUnSuccess>
                <AssociateMission />
                <Loop>false</Loop>
                <MaxRunningTime>0</MaxRunningTime>
                <OnlyOneConditionMustBeGood>false</OnlyOneConditionMustBeGood>
                <OnlyDoneByServer>false</OnlyDoneByServer>
                <Conditions>
                  <Condition xsi:type="IsInCustomRegion">
                    <Locked>false</Locked>
                    <Tested>NotEquel</Tested>
                    <CustomRegionName>Boss_Zone</CustomRegionName>
                  </Condition>
                </Conditions>
                <HotSpots />
                <NodeCategory />
                <LocalizedName />
                <Dialogs />
                <InteractTime>3000</InteractTime>
                <Position>
                  <X>-226.592651</X>
                  <Y>4904.73535</Y>
                  <Z>1924.54163</Z>
                </Position>
                <RewardItemChoose />
                <SkipTimeout>0</SkipTimeout>
              </Action>
              <Action xsi:type="Grind">
                <ActionID>52969e96-4b4a-4e91-8076-dc44870f4a86</ActionID>
                <OverrideName>Slay Karrundax</OverrideName>
                <Sound>
                  <SoundName />
                  <Trigger>OnActionCompleted</Trigger>
                </Sound>
                <Disabled>false</Disabled>
                <PlayWhileConditionsAreOk>true</PlayWhileConditionsAreOk>
                <PlayWhileUnSuccess>true</PlayWhileUnSuccess>
                <AssociateMission>Az_Mh_Caverns_Of_Karrundax_Om/Defeat_Boss</AssociateMission>
                <Loop>false</Loop>
                <MaxRunningTime>0</MaxRunningTime>
                <OnlyOneConditionMustBeGood>false</OnlyOneConditionMustBeGood>
                <OnlyDoneByServer>false</OnlyDoneByServer>
                <Conditions>
                  <Condition xsi:type="IsInCustomRegion">
                    <Locked>false</Locked>
                    <Tested>Equal</Tested>
                    <CustomRegionName>Boss_Zone</CustomRegionName>
                  </Condition>
                </Conditions>
                <HotSpots>
                  <Vector3>
                    <X>-94.62318</X>
                    <Y>5021.528</Y>
                    <Z>1912.27991</Z>
                  </Vector3>
                  <Vector3>
                    <X>-147.37706</X>
                    <Y>4976.37256</Y>
                    <Z>1911.70764</Z>
                  </Vector3>
                  <Vector3>
                    <X>-167.84761</X>
                    <Y>4931.969</Y>
                    <Z>1914.44592</Z>
                  </Vector3>
                  <Vector3>
                    <X>-132.293869</X>
                    <Y>4945.473</Y>
                    <Z>1911.79419</Z>
                  </Vector3>
                  <Vector3>
                    <X>-106.656487</X>
                    <Y>4920.60742</Y>
                    <Z>1912.14929</Z>
                  </Vector3>
                  <Vector3>
                    <X>-54.4199</X>
                    <Y>4953.13867</Y>
                    <Z>1912.25574</Z>
                  </Vector3>
                  <Vector3>
                    <X>-95.09108</X>
                    <Y>4962.8667</Y>
                    <Z>1911.96289</Z>
                  </Vector3>
                  <Vector3>
                    <X>-144.569458</X>
                    <Y>5017.10938</Y>
                    <Z>1912.35254</Z>
                  </Vector3>
                  <Vector3>
                    <X>-27.219265</X>
                    <Y>4984.284</Y>
                    <Z>1911.88293</Z>
                  </Vector3>
                </HotSpots>
              </Action>
            </Actions>
            <SimultaneousActions>false</SimultaneousActions>
          </Action>
          <Action xsi:type="ActionPack">
            <ActionID>bfb5556d-33b4-4bee-be99-c12cae23ba1e</ActionID>
            <OverrideName>Take Reward &amp; Exit</OverrideName>
            <Sound>
              <SoundName />
              <Trigger>OnActionCompleted</Trigger>
            </Sound>
            <Disabled>false</Disabled>
            <PlayWhileConditionsAreOk>true</PlayWhileConditionsAreOk>
            <PlayWhileUnSuccess>true</PlayWhileUnSuccess>
            <AssociateMission />
            <Loop>false</Loop>
            <MaxRunningTime>0</MaxRunningTime>
            <OnlyOneConditionMustBeGood>false</OnlyOneConditionMustBeGood>
            <OnlyDoneByServer>false</OnlyDoneByServer>
            <Conditions>
              <Condition xsi:type="IsInCustomRegion">
                <Locked>false</Locked>
                <Tested>Equal</Tested>
                <CustomRegionName>Boss_Zone</CustomRegionName>
              </Condition>
            </Conditions>
            <HotSpots />
            <Actions>
              <Action xsi:type="InteractSpecificNode">
                <ActionID>854ffa84-6b0b-4886-bcce-a5958377fa4b</ActionID>
                <OverrideName>Take Reward</OverrideName>
                <Sound>
                  <SoundName />
                  <Trigger>OnActionCompleted</Trigger>
                </Sound>
                <Disabled>false</Disabled>
                <PlayWhileConditionsAreOk>true</PlayWhileConditionsAreOk>
                <PlayWhileUnSuccess>true</PlayWhileUnSuccess>
                <AssociateMission>Az_Mh_Caverns_Of_Karrundax/Get_Reward_Green_Key</AssociateMission>
                <Loop>false</Loop>
                <MaxRunningTime>0</MaxRunningTime>
                <OnlyOneConditionMustBeGood>false</OnlyOneConditionMustBeGood>
                <OnlyDoneByServer>false</OnlyDoneByServer>
                <Conditions>
                  <Condition xsi:type="ItemCount">
                    <Locked>false</Locked>
                    <ItemId>Dungeon_Delve_Key_Green</ItemId>
                    <Sign>Equal</Sign>
                    <Value>1</Value>
                    <Type>AllInventories</Type>
                    <SpecificBag>None</SpecificBag>
                  </Condition>
                </Conditions>
                <HotSpots />
                <NodeCategory>Loot</NodeCategory>
                <LocalizedName />
                <Dialogs>
                  <string>ViewSubMission.Continue</string>
                </Dialogs>
                <InteractTime>3000</InteractTime>
                <Position>
                  <X>-7.991909</X>
                  <Y>5009.39</Y>
                  <Z>1914.52637</Z>
                </Position>
                <RewardItemChoose />
                <SkipTimeout>0</SkipTimeout>
              </Action>
              <Action xsi:type="SpecialAction">
                <ActionID>cd2a1681-44b7-4ee2-975b-efb49c0d1a1b</ActionID>
                <OverrideName>Leave Team</OverrideName>
                <Sound>
                  <SoundName />
                  <Trigger>OnActionCompleted</Trigger>
                </Sound>
                <Disabled>false</Disabled>
                <PlayWhileConditionsAreOk>false</PlayWhileConditionsAreOk>
                <PlayWhileUnSuccess>true</PlayWhileUnSuccess>
                <AssociateMission />
                <Loop>false</Loop>
                <MaxRunningTime>0</MaxRunningTime>
                <OnlyOneConditionMustBeGood>false</OnlyOneConditionMustBeGood>
                <OnlyDoneByServer>false</OnlyDoneByServer>
                <Conditions />
                <HotSpots />
                <Action>LeaveTeam</Action>
              </Action>
              <Action xsi:type="InteractSpecificNode">
                <ActionID>a9764ff8-0a61-413a-887c-4e2590966085</ActionID>
                <OverrideName>Exit</OverrideName>
                <Sound>
                  <SoundName />
                  <Trigger>OnActionCompleted</Trigger>
                </Sound>
                <Disabled>false</Disabled>
                <PlayWhileConditionsAreOk>false</PlayWhileConditionsAreOk>
                <PlayWhileUnSuccess>true</PlayWhileUnSuccess>
                <AssociateMission />
                <Loop>false</Loop>
                <MaxRunningTime>0</MaxRunningTime>
                <OnlyOneConditionMustBeGood>false</OnlyOneConditionMustBeGood>
                <OnlyDoneByServer>false</OnlyDoneByServer>
                <Conditions />
                <HotSpots />
                <NodeCategory>Door</NodeCategory>
                <LocalizedName />
                <Dialogs />
                <InteractTime>1000</InteractTime>
                <Position>
                  <X>9.50762</X>
                  <Y>4998.011</Y>
                  <Z>1918.5</Z>
                </Position>
                <RewardItemChoose />
                <SkipTimeout>0</SkipTimeout>
              </Action>
            </Actions>
            <SimultaneousActions>false</SimultaneousActions>
          </Action>
        </Actions>
        <SimultaneousActions>false</SimultaneousActions>
      </Action>
      <Action xsi:type="GoToAction">
        <ActionID>4eda8b5f-c112-43b8-b94b-4827c739dc8d</ActionID>
        <OverrideName />
        <Sound>
          <SoundName />
          <Trigger>OnActionCompleted</Trigger>
        </Sound>
        <Disabled>false</Disabled>
        <PlayWhileConditionsAreOk>false</PlayWhileConditionsAreOk>
        <PlayWhileUnSuccess>true</PlayWhileUnSuccess>
        <AssociateMission />
        <Loop>true</Loop>
        <MaxRunningTime>0</MaxRunningTime>
        <OnlyOneConditionMustBeGood>false</OnlyOneConditionMustBeGood>
        <OnlyDoneByServer>true</OnlyDoneByServer>
        <Conditions />
        <HotSpots />
        <ResetAllCompletedActions>true</ResetAllCompletedActions>
        <DestinationActionID>76fc2146-b499-4871-8d1c-5426d58a149a</DestinationActionID>
      </Action>
    </Actions>
    <SimultaneousActions>false</SimultaneousActions>
  </MainActionPack>
  <Saved>true</Saved>
</Profile>