<?xml version="1.0"?>
<Profile xmlns:xsi="http://www.w3.org/2001/XMLSchema-instance" xmlns:xsd="http://www.w3.org/2001/XMLSchema">
  <Vendors />
  <BlackList />
  <KillRadius>40</KillRadius>
  <CustomRegions />
  <UseExternalMeshFile>false</UseExternalMeshFile>
  <ExternalMeshFileName />
  <DisablePet>false</DisablePet>
  <FollowerDistance>30</FollowerDistance>
  <DisableFollow>false</DisableFollow>
  <MainActionPack>
    <ActionID>ea1bf717-554d-46f8-a565-4177e4006268</ActionID>
    <OverrideName />
    <Sound>
      <SoundName />
      <Trigger>OnActionCompleted</Trigger>
    </Sound>
    <Disabled>false</Disabled>
    <PlayWhileConditionsAreOk>false</PlayWhileConditionsAreOk>
    <PlayWhileUnSuccess>true</PlayWhileUnSuccess>
    <AssociateMission />
    <Loop>true</Loop>
    <MaxRunningTime>0</MaxRunningTime>
    <OnlyOneConditionMustBeGood>true</OnlyOneConditionMustBeGood>
    <OnlyDoneByServer>false</OnlyDoneByServer>
    <Conditions />
    <HotSpots />
    <Actions>
      <Action xsi:type="ChangeMap">
        <ActionID>65d8fc95-e93e-4df9-9f1b-ec33ff8379ab</ActionID>
        <OverrideName />
        <Sound>
          <SoundName />
          <Trigger>OnActionCompleted</Trigger>
        </Sound>
        <Disabled>false</Disabled>
        <PlayWhileConditionsAreOk>true</PlayWhileConditionsAreOk>
        <PlayWhileUnSuccess>true</PlayWhileUnSuccess>
        <AssociateMission />
        <Loop>false</Loop>
        <MaxRunningTime>0</MaxRunningTime>
        <OnlyOneConditionMustBeGood>false</OnlyOneConditionMustBeGood>
        <OnlyDoneByServer>false</OnlyDoneByServer>
        <Conditions>
          <Condition xsi:type="CurrentMap">
            <Locked>false</Locked>
            <Tested>Equal</Tested>
            <MapName>Neverwinter_Protectors_Enclave</MapName>
          </Condition>
        </Conditions>
        <HotSpots />
        <NodePosition>
          <X>1202.96436</X>
          <Y>478.092773</Y>
          <Z>25.3878021</Z>
        </NodePosition>
        <MapName>Sh_Pve</MapName>
        <SecondMapName />
        <DisableVIPTravel>false</DisableVIPTravel>
        <NodeCategory>Door</NodeCategory>
      </Action>
      <Action xsi:type="ActionPack">
        <ActionID>04600009-0620-44fb-afdb-8c82d88a793a</ActionID>
        <OverrideName>ActionPack (PickUp/TurnIn_DailyQuests)</OverrideName>
        <Sound>
          <SoundName />
          <Trigger>OnActionCompleted</Trigger>
        </Sound>
        <Disabled>false</Disabled>
        <PlayWhileConditionsAreOk>false</PlayWhileConditionsAreOk>
        <PlayWhileUnSuccess>true</PlayWhileUnSuccess>
        <AssociateMission />
        <Loop>false</Loop>
        <MaxRunningTime>0</MaxRunningTime>
        <OnlyOneConditionMustBeGood>false</OnlyOneConditionMustBeGood>
        <OnlyDoneByServer>false</OnlyDoneByServer>
        <Conditions />
        <HotSpots />
        <Actions>
          <Action xsi:type="MoveTo">
            <ActionID>fb3abcc3-53a1-4cc0-a40d-99aeaa87bed5</ActionID>
            <OverrideName />
            <Sound>
              <SoundName />
              <Trigger>OnActionCompleted</Trigger>
            </Sound>
            <Disabled>false</Disabled>
            <PlayWhileConditionsAreOk>false</PlayWhileConditionsAreOk>
            <PlayWhileUnSuccess>true</PlayWhileUnSuccess>
            <AssociateMission />
            <Loop>false</Loop>
            <MaxRunningTime>0</MaxRunningTime>
            <OnlyOneConditionMustBeGood>false</OnlyOneConditionMustBeGood>
            <OnlyDoneByServer>false</OnlyDoneByServer>
            <Conditions />
            <HotSpots />
            <Position>
              <X>2236.07666</X>
              <Y>4167.664</Y>
              <Z>20.2038517</Z>
            </Position>
            <Range>5</Range>
          </Action>
          <Action xsi:type="TurnInMission">
            <ActionID>de0c06e1-70e7-4f43-9b3f-6c06c12c3380</ActionID>
            <OverrideName />
            <Sound>
              <SoundName />
              <Trigger>OnActionCompleted</Trigger>
            </Sound>
            <Disabled>false</Disabled>
            <PlayWhileConditionsAreOk>true</PlayWhileConditionsAreOk>
            <PlayWhileUnSuccess>true</PlayWhileUnSuccess>
            <AssociateMission />
            <Loop>false</Loop>
            <MaxRunningTime>10</MaxRunningTime>
            <OnlyOneConditionMustBeGood>false</OnlyOneConditionMustBeGood>
            <OnlyDoneByServer>false</OnlyDoneByServer>
            <Conditions />
            <HotSpots />
            <MissionId>Str_Pve_Stronghold_Solo_Ranked_Challenge_01</MissionId>
            <GiverId>Generic_Civilian</GiverId>
            <GiverPosition>
              <X>2237.48047</X>
              <Y>4170.80469</Y>
              <Z>20.3005371</Z>
            </GiverPosition>
          </Action>
          <Action xsi:type="TurnInMission">
            <ActionID>859deb99-7cbc-4c7f-8850-218894b3c673</ActionID>
            <OverrideName />
            <Sound>
              <SoundName />
              <Trigger>OnActionCompleted</Trigger>
            </Sound>
            <Disabled>false</Disabled>
            <PlayWhileConditionsAreOk>true</PlayWhileConditionsAreOk>
            <PlayWhileUnSuccess>true</PlayWhileUnSuccess>
            <AssociateMission />
            <Loop>false</Loop>
            <MaxRunningTime>10</MaxRunningTime>
            <OnlyOneConditionMustBeGood>false</OnlyOneConditionMustBeGood>
            <OnlyDoneByServer>false</OnlyDoneByServer>
            <Conditions />
            <HotSpots />
            <MissionId>Str_Pve_Stronghold_Solo_Challenge_01</MissionId>
            <GiverId>Generic_Civilian</GiverId>
            <GiverPosition>
              <X>2237.48047</X>
              <Y>4170.80469</Y>
              <Z>20.3005371</Z>
            </GiverPosition>
          </Action>
          <Action xsi:type="TurnInMission">
            <ActionID>1ef51fe3-5c5b-4ef6-9d6f-580665cd3be0</ActionID>
            <OverrideName />
            <Sound>
              <SoundName />
              <Trigger>OnActionCompleted</Trigger>
            </Sound>
            <Disabled>false</Disabled>
            <PlayWhileConditionsAreOk>true</PlayWhileConditionsAreOk>
            <PlayWhileUnSuccess>true</PlayWhileUnSuccess>
            <AssociateMission />
            <Loop>false</Loop>
            <MaxRunningTime>10</MaxRunningTime>
            <OnlyOneConditionMustBeGood>false</OnlyOneConditionMustBeGood>
            <OnlyDoneByServer>false</OnlyDoneByServer>
            <Conditions />
            <HotSpots />
            <MissionId>Str_Pve_Stronghold_Solo_Challenge_02</MissionId>
            <GiverId>Generic_Civilian</GiverId>
            <GiverPosition>
              <X>2237.48047</X>
              <Y>4170.80469</Y>
              <Z>20.3005371</Z>
            </GiverPosition>
          </Action>
          <Action xsi:type="TurnInMission">
            <ActionID>4a7e94ad-94ed-4e83-b94e-0c8daff305f1</ActionID>
            <OverrideName />
            <Sound>
              <SoundName />
              <Trigger>OnActionCompleted</Trigger>
            </Sound>
            <Disabled>false</Disabled>
            <PlayWhileConditionsAreOk>true</PlayWhileConditionsAreOk>
            <PlayWhileUnSuccess>true</PlayWhileUnSuccess>
            <AssociateMission />
            <Loop>false</Loop>
            <MaxRunningTime>10</MaxRunningTime>
            <OnlyOneConditionMustBeGood>false</OnlyOneConditionMustBeGood>
            <OnlyDoneByServer>false</OnlyDoneByServer>
            <Conditions />
            <HotSpots />
            <MissionId>Str_Pve_Stronghold_Solo_Challenge_03</MissionId>
            <GiverId>Generic_Civilian</GiverId>
            <GiverPosition>
              <X>2237.48047</X>
              <Y>4170.80469</Y>
              <Z>20.3005371</Z>
            </GiverPosition>
          </Action>
          <Action xsi:type="PickUpMission">
            <ActionID>f99d9b8d-89f5-45e1-9a3b-a93745cde7b7</ActionID>
            <OverrideName />
            <Sound>
              <SoundName />
              <Trigger>OnActionCompleted</Trigger>
            </Sound>
            <Disabled>false</Disabled>
            <PlayWhileConditionsAreOk>true</PlayWhileConditionsAreOk>
            <PlayWhileUnSuccess>true</PlayWhileUnSuccess>
            <AssociateMission />
            <Loop>false</Loop>
            <MaxRunningTime>10</MaxRunningTime>
            <OnlyOneConditionMustBeGood>false</OnlyOneConditionMustBeGood>
            <OnlyDoneByServer>false</OnlyDoneByServer>
            <Conditions />
            <HotSpots />
            <MissionId>Str_Pve_Stronghold_Solo_Ranked_Challenge_01</MissionId>
            <SkipOnFail>true</SkipOnFail>
            <GiverId>Generic_Civilian</GiverId>
            <GiverPosition>
              <X>2237.48047</X>
              <Y>4170.80469</Y>
              <Z>20.3005371</Z>
            </GiverPosition>
          </Action>
          <Action xsi:type="PickUpMission">
            <ActionID>5239197d-aa79-4942-b687-59e9cc8f0cfd</ActionID>
            <OverrideName />
            <Sound>
              <SoundName />
              <Trigger>OnActionCompleted</Trigger>
            </Sound>
            <Disabled>false</Disabled>
            <PlayWhileConditionsAreOk>true</PlayWhileConditionsAreOk>
            <PlayWhileUnSuccess>true</PlayWhileUnSuccess>
            <AssociateMission />
            <Loop>false</Loop>
            <MaxRunningTime>10</MaxRunningTime>
            <OnlyOneConditionMustBeGood>false</OnlyOneConditionMustBeGood>
            <OnlyDoneByServer>false</OnlyDoneByServer>
            <Conditions />
            <HotSpots />
            <MissionId>Str_Pve_Stronghold_Solo_Challenge_01</MissionId>
            <SkipOnFail>false</SkipOnFail>
            <GiverId>Generic_Civilian</GiverId>
            <GiverPosition>
              <X>2237.48047</X>
              <Y>4170.80469</Y>
              <Z>20.3005371</Z>
            </GiverPosition>
          </Action>
          <Action xsi:type="PickUpMission">
            <ActionID>04f96b8b-632c-4119-9a60-cd4e9dab53ea</ActionID>
            <OverrideName />
            <Sound>
              <SoundName />
              <Trigger>OnActionCompleted</Trigger>
            </Sound>
            <Disabled>false</Disabled>
            <PlayWhileConditionsAreOk>true</PlayWhileConditionsAreOk>
            <PlayWhileUnSuccess>true</PlayWhileUnSuccess>
            <AssociateMission />
            <Loop>false</Loop>
            <MaxRunningTime>10</MaxRunningTime>
            <OnlyOneConditionMustBeGood>false</OnlyOneConditionMustBeGood>
            <OnlyDoneByServer>false</OnlyDoneByServer>
            <Conditions />
            <HotSpots />
            <MissionId>Str_Pve_Stronghold_Solo_Challenge_02</MissionId>
            <SkipOnFail>false</SkipOnFail>
            <GiverId>Generic_Civilian</GiverId>
            <GiverPosition>
              <X>2237.48047</X>
              <Y>4170.80469</Y>
              <Z>20.3005371</Z>
            </GiverPosition>
          </Action>
          <Action xsi:type="PickUpMission">
            <ActionID>31e7cf42-e678-4d54-9e04-3ae1d7ed61e7</ActionID>
            <OverrideName />
            <Sound>
              <SoundName />
              <Trigger>OnActionCompleted</Trigger>
            </Sound>
            <Disabled>false</Disabled>
            <PlayWhileConditionsAreOk>true</PlayWhileConditionsAreOk>
            <PlayWhileUnSuccess>true</PlayWhileUnSuccess>
            <AssociateMission />
            <Loop>false</Loop>
            <MaxRunningTime>10</MaxRunningTime>
            <OnlyOneConditionMustBeGood>false</OnlyOneConditionMustBeGood>
            <OnlyDoneByServer>false</OnlyDoneByServer>
            <Conditions />
            <HotSpots />
            <MissionId>Str_Pve_Stronghold_Solo_Challenge_03</MissionId>
            <SkipOnFail>false</SkipOnFail>
            <GiverId>Generic_Civilian</GiverId>
            <GiverPosition>
              <X>2237.48047</X>
              <Y>4170.80469</Y>
              <Z>20.3005371</Z>
            </GiverPosition>
          </Action>
          <Action xsi:type="PickUpMission">
            <ActionID>e8677f0c-4918-431b-9b04-42daff36e3e7</ActionID>
            <OverrideName />
            <Sound>
              <SoundName />
              <Trigger>OnActionCompleted</Trigger>
            </Sound>
            <Disabled>false</Disabled>
            <PlayWhileConditionsAreOk>true</PlayWhileConditionsAreOk>
            <PlayWhileUnSuccess>true</PlayWhileUnSuccess>
            <AssociateMission />
            <Loop>false</Loop>
            <MaxRunningTime>0</MaxRunningTime>
            <OnlyOneConditionMustBeGood>false</OnlyOneConditionMustBeGood>
            <OnlyDoneByServer>false</OnlyDoneByServer>
            <Conditions />
            <HotSpots />
            <MissionId>Str_Pve_Stronghold_Solo_Race_01</MissionId>
            <SkipOnFail>false</SkipOnFail>
            <GiverId>Generic_Civilian</GiverId>
            <GiverPosition>
              <X>2237.48047</X>
              <Y>4170.80469</Y>
              <Z>20.3005371</Z>
            </GiverPosition>
          </Action>
          <Action xsi:type="MoveTo">
            <ActionID>f38f7f83-830b-4bf4-bad9-22a08a24cfeb</ActionID>
            <OverrideName />
            <Sound>
              <SoundName />
              <Trigger>OnActionCompleted</Trigger>
            </Sound>
            <Disabled>false</Disabled>
            <PlayWhileConditionsAreOk>false</PlayWhileConditionsAreOk>
            <PlayWhileUnSuccess>true</PlayWhileUnSuccess>
            <AssociateMission />
            <Loop>false</Loop>
            <MaxRunningTime>0</MaxRunningTime>
            <OnlyOneConditionMustBeGood>false</OnlyOneConditionMustBeGood>
            <OnlyDoneByServer>false</OnlyDoneByServer>
            <Conditions />
            <HotSpots />
            <Position>
              <X>2208.62</X>
              <Y>4090.5647</Y>
              <Z>20.4647064</Z>
            </Position>
            <Range>5</Range>
          </Action>
          <Action xsi:type="TurnInMission">
            <ActionID>45a3f31a-1356-4928-8a97-77ae742e3712</ActionID>
            <OverrideName />
            <Sound>
              <SoundName />
              <Trigger>OnActionCompleted</Trigger>
            </Sound>
            <Disabled>false</Disabled>
            <PlayWhileConditionsAreOk>true</PlayWhileConditionsAreOk>
            <PlayWhileUnSuccess>true</PlayWhileUnSuccess>
            <AssociateMission />
            <Loop>false</Loop>
            <MaxRunningTime>10</MaxRunningTime>
            <OnlyOneConditionMustBeGood>false</OnlyOneConditionMustBeGood>
            <OnlyDoneByServer>false</OnlyDoneByServer>
            <Conditions />
            <HotSpots />
            <MissionId>Str_Pve_Mass_Kill_Hourly</MissionId>
            <GiverId>Generic_Civilian</GiverId>
            <GiverPosition>
              <X>2209.19824</X>
              <Y>4093.47949</Y>
              <Z>20.5922852</Z>
            </GiverPosition>
          </Action>
          <Action xsi:type="TurnInMission">
            <ActionID>a24dc1cd-3886-4f3e-b0e6-fe02adae26dd</ActionID>
            <OverrideName />
            <Sound>
              <SoundName />
              <Trigger>OnActionCompleted</Trigger>
            </Sound>
            <Disabled>false</Disabled>
            <PlayWhileConditionsAreOk>true</PlayWhileConditionsAreOk>
            <PlayWhileUnSuccess>true</PlayWhileUnSuccess>
            <AssociateMission />
            <Loop>false</Loop>
            <MaxRunningTime>10</MaxRunningTime>
            <OnlyOneConditionMustBeGood>false</OnlyOneConditionMustBeGood>
            <OnlyDoneByServer>false</OnlyDoneByServer>
            <Conditions />
            <HotSpots />
            <MissionId>Str_Pve_Heroic_Encounter_Daily</MissionId>
            <GiverId>Generic_Civilian</GiverId>
            <GiverPosition>
              <X>2209.19824</X>
              <Y>4093.47949</Y>
              <Z>20.5922852</Z>
            </GiverPosition>
          </Action>
          <Action xsi:type="PickUpMission">
            <ActionID>49ca4b07-404b-499a-99c5-83ed523da880</ActionID>
            <OverrideName />
            <Sound>
              <SoundName />
              <Trigger>OnActionCompleted</Trigger>
            </Sound>
            <Disabled>false</Disabled>
            <PlayWhileConditionsAreOk>true</PlayWhileConditionsAreOk>
            <PlayWhileUnSuccess>true</PlayWhileUnSuccess>
            <AssociateMission />
            <Loop>false</Loop>
            <MaxRunningTime>10</MaxRunningTime>
            <OnlyOneConditionMustBeGood>false</OnlyOneConditionMustBeGood>
            <OnlyDoneByServer>false</OnlyDoneByServer>
            <Conditions />
            <HotSpots />
            <MissionId>Str_Pve_Mass_Kill_Hourly</MissionId>
            <SkipOnFail>false</SkipOnFail>
            <GiverId>Generic_Civilian</GiverId>
            <GiverPosition>
              <X>2209.19824</X>
              <Y>4093.47949</Y>
              <Z>20.5922852</Z>
            </GiverPosition>
          </Action>
          <Action xsi:type="PickUpMission">
            <ActionID>0e9d821b-b263-4341-9e23-c4ff58ac2b9c</ActionID>
            <OverrideName />
            <Sound>
              <SoundName />
              <Trigger>OnActionCompleted</Trigger>
            </Sound>
            <Disabled>false</Disabled>
            <PlayWhileConditionsAreOk>true</PlayWhileConditionsAreOk>
            <PlayWhileUnSuccess>true</PlayWhileUnSuccess>
            <AssociateMission />
            <Loop>false</Loop>
            <MaxRunningTime>10</MaxRunningTime>
            <OnlyOneConditionMustBeGood>false</OnlyOneConditionMustBeGood>
            <OnlyDoneByServer>false</OnlyDoneByServer>
            <Conditions />
            <HotSpots />
            <MissionId>Str_Pve_Heroic_Encounter_Daily</MissionId>
            <SkipOnFail>false</SkipOnFail>
            <GiverId>Generic_Civilian</GiverId>
            <GiverPosition>
              <X>2209.19824</X>
              <Y>4093.47949</Y>
              <Z>20.5922852</Z>
            </GiverPosition>
          </Action>
        </Actions>
        <SimultaneousActions>false</SimultaneousActions>
      </Action>
      <Action xsi:type="ActionPack">
        <ActionID>aeadffc3-10b2-40e7-ad8e-8ee9900785c3</ActionID>
        <OverrideName>ActionPack (Process_DailyQuests)</OverrideName>
        <Sound>
          <SoundName />
          <Trigger>OnActionCompleted</Trigger>
        </Sound>
        <Disabled>false</Disabled>
        <PlayWhileConditionsAreOk>false</PlayWhileConditionsAreOk>
        <PlayWhileUnSuccess>true</PlayWhileUnSuccess>
        <AssociateMission />
        <Loop>false</Loop>
        <MaxRunningTime>0</MaxRunningTime>
        <OnlyOneConditionMustBeGood>false</OnlyOneConditionMustBeGood>
        <OnlyDoneByServer>false</OnlyDoneByServer>
        <Conditions />
        <HotSpots />
        <Actions>
          <Action xsi:type="ActionPack">
            <ActionID>b1cc1410-9728-4eff-8d04-29a3d360e012</ActionID>
            <OverrideName>Соведи</OverrideName>
            <Sound>
              <SoundName />
              <Trigger>OnActionCompleted</Trigger>
            </Sound>
            <Disabled>false</Disabled>
            <PlayWhileConditionsAreOk>false</PlayWhileConditionsAreOk>
            <PlayWhileUnSuccess>true</PlayWhileUnSuccess>
            <AssociateMission />
            <Loop>false</Loop>
            <MaxRunningTime>0</MaxRunningTime>
            <OnlyOneConditionMustBeGood>false</OnlyOneConditionMustBeGood>
            <OnlyDoneByServer>false</OnlyDoneByServer>
            <Conditions />
            <HotSpots />
            <Actions>
              <Action xsi:type="InteractSpecificNode">
                <ActionID>43cf1d71-07b1-4338-b716-44179d42f67d</ActionID>
                <OverrideName />
                <Sound>
                  <SoundName />
                  <Trigger>OnActionCompleted</Trigger>
                </Sound>
                <Disabled>false</Disabled>
                <PlayWhileConditionsAreOk>true</PlayWhileConditionsAreOk>
                <PlayWhileUnSuccess>true</PlayWhileUnSuccess>
                <AssociateMission>aw</AssociateMission>
                <Loop>false</Loop>
                <MaxRunningTime>0</MaxRunningTime>
                <OnlyOneConditionMustBeGood>false</OnlyOneConditionMustBeGood>
                <OnlyDoneByServer>false</OnlyDoneByServer>
                <Conditions>
                  <Condition xsi:type="QuestInfo">
                    <Locked>false</Locked>
                    <QuestID>Str_Pve_Stronghold_Solo_Challenge_01</QuestID>
                    <Tested>InProgress</Tested>
                  </Condition>
                </Conditions>
                <HotSpots />
                <NodeCategory />
                <LocalizedName />
                <Dialogs />
                <InteractTime>1000</InteractTime>
                <Position>
                  <X>3746.98682</X>
                  <Y>4362.065</Y>
                  <Z>21.8735</Z>
                </Position>
                <RewardItemChoose />
                <SkipTimeout>0</SkipTimeout>
              </Action>
              <Action xsi:type="Grind">
                <ActionID>8ec03968-4462-405c-aec4-de7343688f04</ActionID>
                <OverrideName />
                <Sound>
                  <SoundName />
                  <Trigger>OnActionCompleted</Trigger>
                </Sound>
                <Disabled>false</Disabled>
                <PlayWhileConditionsAreOk>true</PlayWhileConditionsAreOk>
                <PlayWhileUnSuccess>true</PlayWhileUnSuccess>
                <AssociateMission>Str_Pve_Stronghold_Solo_Challenge_01</AssociateMission>
                <Loop>false</Loop>
                <MaxRunningTime>0</MaxRunningTime>
                <OnlyOneConditionMustBeGood>false</OnlyOneConditionMustBeGood>
                <OnlyDoneByServer>false</OnlyDoneByServer>
                <Conditions>
                  <Condition xsi:type="QuestInfo">
                    <Locked>false</Locked>
                    <QuestID>Str_Pve_Stronghold_Solo_Challenge_01</QuestID>
                    <Tested>InProgress</Tested>
                  </Condition>
                </Conditions>
                <HotSpots>
                  <Vector3>
                    <X>3755.17432</X>
                    <Y>4348.34766</Y>
                    <Z>24.2295418</Z>
                  </Vector3>
                  <Vector3>
                    <X>3722.93</X>
                    <Y>4348.965</Y>
                    <Z>21.0210037</Z>
                  </Vector3>
                </HotSpots>
              </Action>
            </Actions>
            <SimultaneousActions>false</SimultaneousActions>
          </Action>
          <Action xsi:type="ActionPack">
            <ActionID>ad5cf006-d305-4cde-a4c6-98493b897026</ActionID>
            <OverrideName>Горгона</OverrideName>
            <Sound>
              <SoundName />
              <Trigger>OnActionCompleted</Trigger>
            </Sound>
            <Disabled>false</Disabled>
            <PlayWhileConditionsAreOk>false</PlayWhileConditionsAreOk>
            <PlayWhileUnSuccess>true</PlayWhileUnSuccess>
            <AssociateMission />
            <Loop>false</Loop>
            <MaxRunningTime>0</MaxRunningTime>
            <OnlyOneConditionMustBeGood>false</OnlyOneConditionMustBeGood>
            <OnlyDoneByServer>false</OnlyDoneByServer>
            <Conditions />
            <HotSpots />
            <Actions>
              <Action xsi:type="InteractSpecificNode">
                <ActionID>1d27ea51-84d2-4cce-9eaa-21a67ae19a24</ActionID>
                <OverrideName />
                <Sound>
                  <SoundName />
                  <Trigger>OnActionCompleted</Trigger>
                </Sound>
                <Disabled>false</Disabled>
                <PlayWhileConditionsAreOk>true</PlayWhileConditionsAreOk>
                <PlayWhileUnSuccess>true</PlayWhileUnSuccess>
                <AssociateMission>Str_Pve_Stronghold_Solo_Challenge_02</AssociateMission>
                <Loop>false</Loop>
                <MaxRunningTime>0</MaxRunningTime>
                <OnlyOneConditionMustBeGood>false</OnlyOneConditionMustBeGood>
                <OnlyDoneByServer>false</OnlyDoneByServer>
                <Conditions>
                  <Condition xsi:type="QuestInfo">
                    <Locked>false</Locked>
                    <QuestID>Str_Pve_Stronghold_Solo_Challenge_02</QuestID>
                    <Tested>InProgress</Tested>
                  </Condition>
                </Conditions>
                <HotSpots />
                <NodeCategory />
                <LocalizedName />
                <Dialogs />
                <InteractTime>1000</InteractTime>
                <Position>
                  <X>3951.30566</X>
                  <Y>3253.43</Y>
                  <Z>150.525513</Z>
                </Position>
                <RewardItemChoose />
                <SkipTimeout>0</SkipTimeout>
              </Action>
              <Action xsi:type="Grind">
                <ActionID>328b0f7e-555d-4a54-b4e3-ae4fb6ca2ade</ActionID>
                <OverrideName />
                <Sound>
                  <SoundName />
                  <Trigger>OnActionCompleted</Trigger>
                </Sound>
                <Disabled>false</Disabled>
                <PlayWhileConditionsAreOk>true</PlayWhileConditionsAreOk>
                <PlayWhileUnSuccess>true</PlayWhileUnSuccess>
                <AssociateMission>Str_Pve_Stronghold_Solo_Challenge_02</AssociateMission>
                <Loop>false</Loop>
                <MaxRunningTime>0</MaxRunningTime>
                <OnlyOneConditionMustBeGood>false</OnlyOneConditionMustBeGood>
                <OnlyDoneByServer>false</OnlyDoneByServer>
                <Conditions>
                  <Condition xsi:type="QuestInfo">
                    <Locked>false</Locked>
                    <QuestID>Str_Pve_Stronghold_Solo_Challenge_02</QuestID>
                    <Tested>InProgress</Tested>
                  </Condition>
                </Conditions>
                <HotSpots>
                  <Vector3>
                    <X>3959.384</X>
                    <Y>3254.235</Y>
                    <Z>150.502609</Z>
                  </Vector3>
                  <Vector3>
                    <X>3932.852</X>
                    <Y>3267.77979</Y>
                    <Z>150.241409</Z>
                  </Vector3>
                </HotSpots>
              </Action>
            </Actions>
            <SimultaneousActions>false</SimultaneousActions>
          </Action>
          <Action xsi:type="ActionPack">
            <ActionID>816cf27f-1f3e-40b1-a837-7731ff52e867</ActionID>
            <OverrideName>Мувен</OverrideName>
            <Sound>
              <SoundName />
              <Trigger>OnActionCompleted</Trigger>
            </Sound>
            <Disabled>false</Disabled>
            <PlayWhileConditionsAreOk>false</PlayWhileConditionsAreOk>
            <PlayWhileUnSuccess>true</PlayWhileUnSuccess>
            <AssociateMission />
            <Loop>false</Loop>
            <MaxRunningTime>0</MaxRunningTime>
            <OnlyOneConditionMustBeGood>false</OnlyOneConditionMustBeGood>
            <OnlyDoneByServer>false</OnlyDoneByServer>
            <Conditions />
            <HotSpots />
            <Actions>
              <Action xsi:type="InteractSpecificNode">
                <ActionID>dbe20e6e-2369-46f2-b0b2-6eaec4892729</ActionID>
                <OverrideName />
                <Sound>
                  <SoundName />
                  <Trigger>OnActionCompleted</Trigger>
                </Sound>
                <Disabled>false</Disabled>
                <PlayWhileConditionsAreOk>true</PlayWhileConditionsAreOk>
                <PlayWhileUnSuccess>true</PlayWhileUnSuccess>
                <AssociateMission>Str_Pve_Stronghold_Solo_Ranked_Challenge_01</AssociateMission>
                <Loop>false</Loop>
                <MaxRunningTime>0</MaxRunningTime>
                <OnlyOneConditionMustBeGood>false</OnlyOneConditionMustBeGood>
                <OnlyDoneByServer>false</OnlyDoneByServer>
                <Conditions>
                  <Condition xsi:type="QuestInfo">
                    <Locked>false</Locked>
                    <QuestID>Str_Pve_Stronghold_Solo_Ranked_Challenge_01</QuestID>
                    <Tested>InProgress</Tested>
                  </Condition>
                </Conditions>
                <HotSpots />
                <NodeCategory />
                <LocalizedName />
                <Dialogs />
                <InteractTime>1000</InteractTime>
                <Position>
                  <X>3419.16528</X>
                  <Y>2111.26685</Y>
                  <Z>-22.9803982</Z>
                </Position>
                <RewardItemChoose />
                <SkipTimeout>0</SkipTimeout>
              </Action>
              <Action xsi:type="Grind">
                <ActionID>6733bcba-21e1-4b9e-9a35-330c0185864f</ActionID>
                <OverrideName />
                <Sound>
                  <SoundName />
                  <Trigger>OnActionCompleted</Trigger>
                </Sound>
                <Disabled>false</Disabled>
                <PlayWhileConditionsAreOk>true</PlayWhileConditionsAreOk>
                <PlayWhileUnSuccess>true</PlayWhileUnSuccess>
                <AssociateMission />
                <Loop>false</Loop>
                <MaxRunningTime>0</MaxRunningTime>
                <OnlyOneConditionMustBeGood>false</OnlyOneConditionMustBeGood>
                <OnlyDoneByServer>false</OnlyDoneByServer>
                <Conditions>
                  <Condition xsi:type="QuestInfo">
                    <Locked>false</Locked>
                    <QuestID>Str_Pve_Stronghold_Solo_Ranked_Challenge_01</QuestID>
                    <Tested>InProgress</Tested>
                  </Condition>
                </Conditions>
                <HotSpots>
                  <Vector3>
                    <X>3424.267</X>
                    <Y>2107.31128</Y>
                    <Z>-23.90413</Z>
                  </Vector3>
                  <Vector3>
                    <X>3449.837</X>
                    <Y>2124.54224</Y>
                    <Z>-28.1709385</Z>
                  </Vector3>
                </HotSpots>
              </Action>
            </Actions>
            <SimultaneousActions>false</SimultaneousActions>
          </Action>
          <Action xsi:type="ActionPack">
            <ActionID>24cb6c81-6634-4c4d-aa28-34e6ab2c6e45</ActionID>
            <OverrideName>Панцерница</OverrideName>
            <Sound>
              <SoundName />
              <Trigger>OnActionCompleted</Trigger>
            </Sound>
            <Disabled>false</Disabled>
            <PlayWhileConditionsAreOk>false</PlayWhileConditionsAreOk>
            <PlayWhileUnSuccess>true</PlayWhileUnSuccess>
            <AssociateMission />
            <Loop>false</Loop>
            <MaxRunningTime>0</MaxRunningTime>
            <OnlyOneConditionMustBeGood>false</OnlyOneConditionMustBeGood>
            <OnlyDoneByServer>false</OnlyDoneByServer>
            <Conditions />
            <HotSpots />
            <Actions>
              <Action xsi:type="InteractSpecificNode">
                <ActionID>0a4303c9-6665-45bc-9674-b2fe6297b226</ActionID>
                <OverrideName />
                <Sound>
                  <SoundName />
                  <Trigger>OnActionCompleted</Trigger>
                </Sound>
                <Disabled>false</Disabled>
                <PlayWhileConditionsAreOk>true</PlayWhileConditionsAreOk>
                <PlayWhileUnSuccess>true</PlayWhileUnSuccess>
                <AssociateMission />
                <Loop>false</Loop>
                <MaxRunningTime>0</MaxRunningTime>
                <OnlyOneConditionMustBeGood>false</OnlyOneConditionMustBeGood>
                <OnlyDoneByServer>false</OnlyDoneByServer>
                <Conditions>
                  <Condition xsi:type="QuestInfo">
                    <Locked>false</Locked>
                    <QuestID>Str_Pve_Stronghold_Solo_Challenge_03</QuestID>
                    <Tested>InProgress</Tested>
                  </Condition>
                </Conditions>
                <HotSpots />
                <NodeCategory />
                <LocalizedName />
                <Dialogs />
                <InteractTime>1000</InteractTime>
                <Position>
                  <X>2263.64478</X>
                  <Y>2463.108</Y>
                  <Z>8.936098</Z>
                </Position>
                <RewardItemChoose />
                <SkipTimeout>0</SkipTimeout>
              </Action>
              <Action xsi:type="Grind">
                <ActionID>472b1ba5-48ab-4324-bb27-d44196a774b0</ActionID>
                <OverrideName />
                <Sound>
                  <SoundName />
                  <Trigger>OnActionCompleted</Trigger>
                </Sound>
                <Disabled>false</Disabled>
                <PlayWhileConditionsAreOk>true</PlayWhileConditionsAreOk>
                <PlayWhileUnSuccess>true</PlayWhileUnSuccess>
                <AssociateMission />
                <Loop>false</Loop>
                <MaxRunningTime>0</MaxRunningTime>
                <OnlyOneConditionMustBeGood>false</OnlyOneConditionMustBeGood>
                <OnlyDoneByServer>false</OnlyDoneByServer>
                <Conditions>
                  <Condition xsi:type="QuestInfo">
                    <Locked>false</Locked>
                    <QuestID>Str_Pve_Stronghold_Solo_Challenge_03</QuestID>
                    <Tested>InProgress</Tested>
                  </Condition>
                </Conditions>
                <HotSpots>
                  <Vector3>
                    <X>2272.3938</X>
                    <Y>2436.79834</Y>
                    <Z>12.9507427</Z>
                  </Vector3>
                  <Vector3>
                    <X>2237.18433</X>
                    <Y>2439.286</Y>
                    <Z>16.0766869</Z>
                  </Vector3>
                  <Vector3>
                    <X>2264.419</X>
                    <Y>2490.32324</Y>
                    <Z>9.935851</Z>
                  </Vector3>
                </HotSpots>
              </Action>
            </Actions>
            <SimultaneousActions>false</SimultaneousActions>
          </Action>
          <Action xsi:type="ActionPack">
            <ActionID>07c76ebd-7a55-4c87-a415-c0e52473519d</ActionID>
            <OverrideName>Испытание скорости</OverrideName>
            <Sound>
              <SoundName />
              <Trigger>OnActionCompleted</Trigger>
            </Sound>
            <Disabled>false</Disabled>
            <PlayWhileConditionsAreOk>false</PlayWhileConditionsAreOk>
            <PlayWhileUnSuccess>true</PlayWhileUnSuccess>
            <AssociateMission>Str_Pve_Stronghold_Solo_Race_01</AssociateMission>
            <Loop>false</Loop>
            <MaxRunningTime>0</MaxRunningTime>
            <OnlyOneConditionMustBeGood>false</OnlyOneConditionMustBeGood>
            <OnlyDoneByServer>false</OnlyDoneByServer>
            <Conditions />
            <HotSpots />
            <Actions>
              <Action xsi:type="ChangeProfileValue">
                <ActionID>5c3882a9-ec23-4574-8eb4-e14109240d09</ActionID>
                <OverrideName />
                <Sound>
                  <SoundName />
                  <Trigger>OnActionCompleted</Trigger>
                </Sound>
                <Disabled>false</Disabled>
                <PlayWhileConditionsAreOk>false</PlayWhileConditionsAreOk>
                <PlayWhileUnSuccess>true</PlayWhileUnSuccess>
                <AssociateMission />
                <Loop>false</Loop>
                <MaxRunningTime>0</MaxRunningTime>
                <OnlyOneConditionMustBeGood>false</OnlyOneConditionMustBeGood>
                <OnlyDoneByServer>false</OnlyDoneByServer>
                <Conditions />
                <HotSpots />
                <ValueType>IgnoreCombat</ValueType>
                <Value>True</Value>
              </Action>
              <Action xsi:type="InteractSpecificNPC">
                <ActionID>cd3cef4c-6722-487b-b901-16ef418e8233</ActionID>
                <OverrideName />
                <Sound>
                  <SoundName />
                  <Trigger>OnActionCompleted</Trigger>
                </Sound>
                <Disabled>false</Disabled>
                <PlayWhileConditionsAreOk>false</PlayWhileConditionsAreOk>
                <PlayWhileUnSuccess>true</PlayWhileUnSuccess>
                <AssociateMission>Str_Pve_Stronghold_Solo_Race_01/Start</AssociateMission>
                <Loop>false</Loop>
                <MaxRunningTime>0</MaxRunningTime>
                <OnlyOneConditionMustBeGood>false</OnlyOneConditionMustBeGood>
                <OnlyDoneByServer>false</OnlyDoneByServer>
                <Conditions />
                <HotSpots />
                <NPCCostume />
                <Dialogs />
                <DisplayName>Координатор испытания на время</DisplayName>
                <Position>
                  <X>2523.36816</X>
                  <Y>4012.74414</Y>
                  <Z>-1.96337891</Z>
                </Position>
                <InteractTime>2000</InteractTime>
                <Tolerance>1</Tolerance>
              </Action>
              <Action xsi:type="MoveTo">
                <ActionID>13a6762e-b676-4bfd-92a8-1a4e08305909</ActionID>
                <OverrideName />
                <Sound>
                  <SoundName />
                  <Trigger>OnActionCompleted</Trigger>
                </Sound>
                <Disabled>false</Disabled>
                <PlayWhileConditionsAreOk>false</PlayWhileConditionsAreOk>
                <PlayWhileUnSuccess>true</PlayWhileUnSuccess>
                <AssociateMission>Str_Pve_Stronghold_Solo_Race_01/Waypoint_02</AssociateMission>
                <Loop>false</Loop>
                <MaxRunningTime>0</MaxRunningTime>
                <OnlyOneConditionMustBeGood>false</OnlyOneConditionMustBeGood>
                <OnlyDoneByServer>false</OnlyDoneByServer>
                <Conditions />
                <HotSpots />
                <Position>
                  <X>2492.15576</X>
                  <Y>3850.60474</Y>
                  <Z>2.38497639</Z>
                </Position>
                <Range>5</Range>
              </Action>
              <Action xsi:type="MoveTo">
                <ActionID>5b059964-fed1-49cc-bc15-90ac40d13fa7</ActionID>
                <OverrideName />
                <Sound>
                  <SoundName />
                  <Trigger>OnActionCompleted</Trigger>
                </Sound>
                <Disabled>false</Disabled>
                <PlayWhileConditionsAreOk>false</PlayWhileConditionsAreOk>
                <PlayWhileUnSuccess>true</PlayWhileUnSuccess>
                <AssociateMission />
                <Loop>false</Loop>
                <MaxRunningTime>0</MaxRunningTime>
                <OnlyOneConditionMustBeGood>false</OnlyOneConditionMustBeGood>
                <OnlyDoneByServer>false</OnlyDoneByServer>
                <Conditions />
                <HotSpots />
                <Position>
                  <X>1863.80933</X>
                  <Y>3670.59375</Y>
                  <Z>26.7797489</Z>
                </Position>
                <Range>5</Range>
              </Action>
              <Action xsi:type="MoveTo">
                <ActionID>42326e63-34b8-4aea-8591-b508225717f4</ActionID>
                <OverrideName />
                <Sound>
                  <SoundName />
                  <Trigger>OnActionCompleted</Trigger>
                </Sound>
                <Disabled>false</Disabled>
                <PlayWhileConditionsAreOk>false</PlayWhileConditionsAreOk>
                <PlayWhileUnSuccess>true</PlayWhileUnSuccess>
                <AssociateMission />
                <Loop>false</Loop>
                <MaxRunningTime>0</MaxRunningTime>
                <OnlyOneConditionMustBeGood>false</OnlyOneConditionMustBeGood>
                <OnlyDoneByServer>false</OnlyDoneByServer>
                <Conditions />
                <HotSpots />
                <Position>
                  <X>1767.10767</X>
                  <Y>3508.636</Y>
                  <Z>37.2381058</Z>
                </Position>
                <Range>5</Range>
              </Action>
              <Action xsi:type="MoveTo">
                <ActionID>c58b754f-7da0-4e45-9a69-09777a1d1ec5</ActionID>
                <OverrideName />
                <Sound>
                  <SoundName />
                  <Trigger>OnActionCompleted</Trigger>
                </Sound>
                <Disabled>false</Disabled>
                <PlayWhileConditionsAreOk>false</PlayWhileConditionsAreOk>
                <PlayWhileUnSuccess>true</PlayWhileUnSuccess>
                <AssociateMission />
                <Loop>false</Loop>
                <MaxRunningTime>0</MaxRunningTime>
                <OnlyOneConditionMustBeGood>false</OnlyOneConditionMustBeGood>
                <OnlyDoneByServer>false</OnlyDoneByServer>
                <Conditions />
                <HotSpots />
                <Position>
                  <X>1812.43542</X>
                  <Y>3266.455</Y>
                  <Z>136.03479</Z>
                </Position>
                <Range>5</Range>
              </Action>
              <Action xsi:type="MoveTo">
                <ActionID>1742b579-750c-40e6-af7b-7dac8a168b42</ActionID>
                <OverrideName />
                <Sound>
                  <SoundName />
                  <Trigger>OnActionCompleted</Trigger>
                </Sound>
                <Disabled>false</Disabled>
                <PlayWhileConditionsAreOk>false</PlayWhileConditionsAreOk>
                <PlayWhileUnSuccess>true</PlayWhileUnSuccess>
                <AssociateMission />
                <Loop>false</Loop>
                <MaxRunningTime>0</MaxRunningTime>
                <OnlyOneConditionMustBeGood>false</OnlyOneConditionMustBeGood>
                <OnlyDoneByServer>false</OnlyDoneByServer>
                <Conditions />
                <HotSpots />
                <Position>
                  <X>1991.24377</X>
                  <Y>3326.46777</Y>
                  <Z>78.05992</Z>
                </Position>
                <Range>5</Range>
              </Action>
              <Action xsi:type="MoveTo">
                <ActionID>de5bc756-49d9-42c5-9589-010dbc8662a9</ActionID>
                <OverrideName />
                <Sound>
                  <SoundName />
                  <Trigger>OnActionCompleted</Trigger>
                </Sound>
                <Disabled>false</Disabled>
                <PlayWhileConditionsAreOk>false</PlayWhileConditionsAreOk>
                <PlayWhileUnSuccess>true</PlayWhileUnSuccess>
                <AssociateMission />
                <Loop>false</Loop>
                <MaxRunningTime>0</MaxRunningTime>
                <OnlyOneConditionMustBeGood>false</OnlyOneConditionMustBeGood>
                <OnlyDoneByServer>false</OnlyDoneByServer>
                <Conditions />
                <HotSpots />
                <Position>
                  <X>1915.24878</X>
                  <Y>3437.54468</Y>
                  <Z>63.5535126</Z>
                </Position>
                <Range>5</Range>
              </Action>
              <Action xsi:type="MoveTo">
                <ActionID>0fa85f91-7cd3-4ef7-8fe5-d86857789cb2</ActionID>
                <OverrideName />
                <Sound>
                  <SoundName />
                  <Trigger>OnActionCompleted</Trigger>
                </Sound>
                <Disabled>false</Disabled>
                <PlayWhileConditionsAreOk>false</PlayWhileConditionsAreOk>
                <PlayWhileUnSuccess>true</PlayWhileUnSuccess>
                <AssociateMission />
                <Loop>false</Loop>
                <MaxRunningTime>0</MaxRunningTime>
                <OnlyOneConditionMustBeGood>false</OnlyOneConditionMustBeGood>
                <OnlyDoneByServer>false</OnlyDoneByServer>
                <Conditions />
                <HotSpots />
                <Position>
                  <X>1548.78357</X>
                  <Y>3366.56421</Y>
                  <Z>83.44852</Z>
                </Position>
                <Range>5</Range>
              </Action>
              <Action xsi:type="MoveTo">
                <ActionID>c3999461-8cd9-4779-a661-5b882c862af0</ActionID>
                <OverrideName />
                <Sound>
                  <SoundName />
                  <Trigger>OnActionCompleted</Trigger>
                </Sound>
                <Disabled>false</Disabled>
                <PlayWhileConditionsAreOk>false</PlayWhileConditionsAreOk>
                <PlayWhileUnSuccess>true</PlayWhileUnSuccess>
                <AssociateMission />
                <Loop>false</Loop>
                <MaxRunningTime>0</MaxRunningTime>
                <OnlyOneConditionMustBeGood>false</OnlyOneConditionMustBeGood>
                <OnlyDoneByServer>false</OnlyDoneByServer>
                <Conditions />
                <HotSpots />
                <Position>
                  <X>1213.54456</X>
                  <Y>3673.476</Y>
                  <Z>72.9837</Z>
                </Position>
                <Range>5</Range>
              </Action>
              <Action xsi:type="MoveTo">
                <ActionID>5acf9421-d676-4e2e-8a63-6293883b6ae9</ActionID>
                <OverrideName />
                <Sound>
                  <SoundName />
                  <Trigger>OnActionCompleted</Trigger>
                </Sound>
                <Disabled>false</Disabled>
                <PlayWhileConditionsAreOk>false</PlayWhileConditionsAreOk>
                <PlayWhileUnSuccess>true</PlayWhileUnSuccess>
                <AssociateMission />
                <Loop>false</Loop>
                <MaxRunningTime>0</MaxRunningTime>
                <OnlyOneConditionMustBeGood>false</OnlyOneConditionMustBeGood>
                <OnlyDoneByServer>false</OnlyDoneByServer>
                <Conditions />
                <HotSpots />
                <Position>
                  <X>646.8384</X>
                  <Y>3922.40063</Y>
                  <Z>92.96535</Z>
                </Position>
                <Range>5</Range>
              </Action>
              <Action xsi:type="MoveTo">
                <ActionID>5f2fb9ee-573e-4b67-a8dc-91587df03af6</ActionID>
                <OverrideName />
                <Sound>
                  <SoundName />
                  <Trigger>OnActionCompleted</Trigger>
                </Sound>
                <Disabled>false</Disabled>
                <PlayWhileConditionsAreOk>false</PlayWhileConditionsAreOk>
                <PlayWhileUnSuccess>true</PlayWhileUnSuccess>
                <AssociateMission />
                <Loop>false</Loop>
                <MaxRunningTime>0</MaxRunningTime>
                <OnlyOneConditionMustBeGood>false</OnlyOneConditionMustBeGood>
                <OnlyDoneByServer>false</OnlyDoneByServer>
                <Conditions />
                <HotSpots />
                <Position>
                  <X>899.375061</X>
                  <Y>4412.79</Y>
                  <Z>51.61432</Z>
                </Position>
                <Range>5</Range>
              </Action>
              <Action xsi:type="ChangeProfileValue">
                <ActionID>1e10020b-285c-4b05-b2a1-4dc451f7f249</ActionID>
                <OverrideName />
                <Sound>
                  <SoundName />
                  <Trigger>OnActionCompleted</Trigger>
                </Sound>
                <Disabled>false</Disabled>
                <PlayWhileConditionsAreOk>false</PlayWhileConditionsAreOk>
                <PlayWhileUnSuccess>true</PlayWhileUnSuccess>
                <AssociateMission />
                <Loop>false</Loop>
                <MaxRunningTime>0</MaxRunningTime>
                <OnlyOneConditionMustBeGood>false</OnlyOneConditionMustBeGood>
                <OnlyDoneByServer>false</OnlyDoneByServer>
                <Conditions />
                <HotSpots />
                <ValueType>IgnoreCombat</ValueType>
                <Value>False</Value>
              </Action>
              <Action xsi:type="InteractSpecificNode">
                <ActionID>d251f31a-a510-462d-8e5e-eb1fe13c04fc</ActionID>
                <OverrideName />
                <Sound>
                  <SoundName />
                  <Trigger>OnActionCompleted</Trigger>
                </Sound>
                <Disabled>false</Disabled>
                <PlayWhileConditionsAreOk>false</PlayWhileConditionsAreOk>
                <PlayWhileUnSuccess>true</PlayWhileUnSuccess>
                <AssociateMission />
                <Loop>false</Loop>
                <MaxRunningTime>0</MaxRunningTime>
                <OnlyOneConditionMustBeGood>false</OnlyOneConditionMustBeGood>
                <OnlyDoneByServer>false</OnlyDoneByServer>
                <Conditions />
                <HotSpots />
                <NodeCategory>Loot</NodeCategory>
                <LocalizedName>Сундук с сокровищами</LocalizedName>
                <Dialogs>
                  <string>ViewSubMission.Continue</string>
                </Dialogs>
                <InteractTime>1000</InteractTime>
                <Position>
                  <X>2242.69067</X>
                  <Y>4163.913</Y>
                  <Z>22.49</Z>
                </Position>
                <RewardItemChoose />
                <SkipTimeout>0</SkipTimeout>
              </Action>
            </Actions>
            <SimultaneousActions>false</SimultaneousActions>
          </Action>
        </Actions>
        <SimultaneousActions>false</SimultaneousActions>
      </Action>
    </Actions>
    <SimultaneousActions>false</SimultaneousActions>
  </MainActionPack>
  <Saved>true</Saved>
</Profile>