<?xml version="1.0"?>
<Profile xmlns:xsi="http://www.w3.org/2001/XMLSchema-instance" xmlns:xsd="http://www.w3.org/2001/XMLSchema">
  <Vendors>
    <NPCInfos>
      <DisplayName>Consumables Merchant</DisplayName>
      <Position>
        <X>827.6533</X>
        <Y>371.790527</Y>
        <Z>33.30664</Z>
      </Position>
      <CostumeName />
      <MapName>Neverwinter_Protectors_Enclave</MapName>
      <RegionName />
    </NPCInfos>
  </Vendors>
  <BlackList />
  <KillRadius>0</KillRadius>
  <CustomRegions>
    <CustomRegion>
      <Name>Boss</Name>
      <Position>
        <X>852</X>
        <Y>27</Y>
        <Z>0</Z>
      </Position>
      <Width>163</Width>
      <Height>-196</Height>
    </CustomRegion>
    <CustomRegion>
      <Name>1Part</Name>
      <Position>
        <X>57</X>
        <Y>773</Y>
        <Z>0</Z>
      </Position>
      <Width>338</Width>
      <Height>-626</Height>
    </CustomRegion>
    <CustomRegion>
      <Name>2Part</Name>
      <Position>
        <X>-59</X>
        <Y>181</Y>
        <Z>0</Z>
      </Position>
      <Width>454</Width>
      <Height>-294</Height>
    </CustomRegion>
    <CustomRegion>
      <Name>3Part</Name>
      <Position>
        <X>-383</X>
        <Y>-45</Y>
        <Z>0</Z>
      </Position>
      <Width>434</Width>
      <Height>-482</Height>
    </CustomRegion>
    <CustomRegion>
      <Name>4Part</Name>
      <Position>
        <X>-5</X>
        <Y>-339</Y>
        <Z>0</Z>
      </Position>
      <Width>218</Width>
      <Height>-232</Height>
    </CustomRegion>
    <CustomRegion>
      <Name>5Part</Name>
      <Position>
        <X>185</X>
        <Y>43</Y>
        <Z>0</Z>
      </Position>
      <Width>674</Width>
      <Height>-620</Height>
    </CustomRegion>
    <CustomRegion>
      <Name>1_part</Name>
      <Position>
        <X>47</X>
        <Y>790</Y>
        <Z>0</Z>
      </Position>
      <Width>368</Width>
      <Height>-679</Height>
    </CustomRegion>
    <CustomRegion>
      <Name>2_part</Name>
      <Position>
        <X>-68</X>
        <Y>825</Y>
        <Z>0</Z>
      </Position>
      <Width>496</Width>
      <Height>-946</Height>
    </CustomRegion>
    <CustomRegion>
      <Name>4_part</Name>
      <Position>
        <X>-470</X>
        <Y>219</Y>
        <Z>0</Z>
      </Position>
      <Width>690</Width>
      <Height>-806</Height>
    </CustomRegion>
    <CustomRegion>
      <Name>3_part</Name>
      <Position>
        <X>-411</X>
        <Y>160</Y>
        <Z>0</Z>
      </Position>
      <Width>512</Width>
      <Height>-744</Height>
    </CustomRegion>
    <CustomRegion>
      <Name>SafePillar</Name>
      <Position>
        <X>1</X>
        <Y>-446</Y>
        <Z>0</Z>
      </Position>
      <Width>67</Width>
      <Height>-19</Height>
    </CustomRegion>
  </CustomRegions>
  <UseExternalMeshFile>false</UseExternalMeshFile>
  <ExternalMeshFileName />
  <DisablePet>false</DisablePet>
  <FollowerDistance>40</FollowerDistance>
  <DisableFollow>false</DisableFollow>
  <MainActionPack>
    <ActionID>ef28f768-c062-4802-b2a2-b1f39302d8ac</ActionID>
    <OverrideName />
    <Sound>
      <SoundName />
      <Trigger>OnActionCompleted</Trigger>
    </Sound>
    <Disabled>false</Disabled>
    <PlayWhileConditionsAreOk>false</PlayWhileConditionsAreOk>
    <PlayWhileUnSuccess>true</PlayWhileUnSuccess>
    <AssociateMission />
    <Loop>false</Loop>
    <MaxRunningTime>0</MaxRunningTime>
    <OnlyOneConditionMustBeGood>false</OnlyOneConditionMustBeGood>
    <OnlyDoneByServer>false</OnlyDoneByServer>
    <Conditions />
    <HotSpots />
    <Actions>
      <Action xsi:type="ActionPack">
        <ActionID>69f52eb8-8652-4d70-a873-7e7c472d3f3d</ActionID>
        <OverrideName />
        <Sound>
          <SoundName />
          <Trigger>OnActionCompleted</Trigger>
        </Sound>
        <Disabled>false</Disabled>
        <PlayWhileConditionsAreOk>true</PlayWhileConditionsAreOk>
        <PlayWhileUnSuccess>true</PlayWhileUnSuccess>
        <AssociateMission />
        <Loop>false</Loop>
        <MaxRunningTime>0</MaxRunningTime>
        <OnlyOneConditionMustBeGood>false</OnlyOneConditionMustBeGood>
        <OnlyDoneByServer>false</OnlyDoneByServer>
        <Conditions>
          <Condition xsi:type="CurrentMap">
            <Locked>false</Locked>
            <Tested>Equal</Tested>
            <MapName>Neverwinter_Protectors_Enclave</MapName>
          </Condition>
        </Conditions>
        <HotSpots />
        <Actions>
          <Action xsi:type="ForceVendor">
            <ActionID>993a7aad-5885-440e-b5e2-602306fd4e4e</ActionID>
            <OverrideName />
            <Sound>
              <SoundName />
              <Trigger>OnActionCompleted</Trigger>
            </Sound>
            <Disabled>false</Disabled>
            <PlayWhileConditionsAreOk>false</PlayWhileConditionsAreOk>
            <PlayWhileUnSuccess>true</PlayWhileUnSuccess>
            <AssociateMission />
            <Loop>false</Loop>
            <MaxRunningTime>60</MaxRunningTime>
            <OnlyOneConditionMustBeGood>false</OnlyOneConditionMustBeGood>
            <OnlyDoneByServer>false</OnlyDoneByServer>
            <Conditions />
            <HotSpots />
            <SpecificVendor>
              <DisplayName />
              <Position>
                <X>0</X>
                <Y>0</Y>
                <Z>0</Z>
              </Position>
              <CostumeName />
              <MapName />
              <RegionName />
            </SpecificVendor>
          </Action>
          <Action xsi:type="BuyItems">
            <ActionID>76fc2146-b499-4871-8d1c-5426d58a149a</ActionID>
            <OverrideName>Buy Bag of Astral</OverrideName>
            <Sound>
              <SoundName />
              <Trigger>OnActionCompleted</Trigger>
            </Sound>
            <Disabled>false</Disabled>
            <PlayWhileConditionsAreOk>false</PlayWhileConditionsAreOk>
            <PlayWhileUnSuccess>true</PlayWhileUnSuccess>
            <AssociateMission />
            <Loop>false</Loop>
            <MaxRunningTime>15</MaxRunningTime>
            <OnlyOneConditionMustBeGood>false</OnlyOneConditionMustBeGood>
            <OnlyDoneByServer>false</OnlyDoneByServer>
            <Conditions>
              <Condition xsi:type="CurrentMap">
                <Locked>false</Locked>
                <Tested>Equal</Tested>
                <MapName>Neverwinter_Protectors_Enclave</MapName>
              </Condition>
            </Conditions>
            <HotSpots />
            <Vendor>
              <DisplayName>Adventurer Seal Trader</DisplayName>
              <Position>
                <X>715.7993</X>
                <Y>460.891846</Y>
                <Z>37.52173</Z>
              </Position>
              <CostumeName />
              <MapName>Neverwinter_Protectors_Enclave</MapName>
              <RegionName />
            </Vendor>
            <BuyOptions>
              <BuyItemsOption>
                <ItemId>Astral_Diamonds_Rough_Box_500</ItemId>
                <ItemDisplayName>Bag of Rough Astral Diamonds</ItemDisplayName>
                <Count>1</Count>
              </BuyItemsOption>
            </BuyOptions>
            <BuyMenu>SpecialDialog.action_0</BuyMenu>
          </Action>
          <Action xsi:type="BuyItems">
            <ActionID>8d57355b-dbb6-4f93-963b-a4789d7564b1</ActionID>
            <OverrideName>BuyItems (Сундук с экипировкой)</OverrideName>
            <Sound>
              <SoundName />
              <Trigger>OnActionCompleted</Trigger>
            </Sound>
            <Disabled>true</Disabled>
            <PlayWhileConditionsAreOk>false</PlayWhileConditionsAreOk>
            <PlayWhileUnSuccess>true</PlayWhileUnSuccess>
            <AssociateMission />
            <Loop>false</Loop>
            <MaxRunningTime>10</MaxRunningTime>
            <OnlyOneConditionMustBeGood>false</OnlyOneConditionMustBeGood>
            <OnlyDoneByServer>false</OnlyDoneByServer>
            <Conditions />
            <HotSpots />
            <Vendor>
              <DisplayName>Скупщик печатей странника</DisplayName>
              <Position>
                <X>715.7993</X>
                <Y>460.891846</Y>
                <Z>37.52173</Z>
              </Position>
              <CostumeName />
              <MapName>Neverwinter_Protectors_Enclave</MapName>
              <RegionName />
            </Vendor>
            <BuyOptions>
              <BuyItemsOption>
                <ItemId>Campaign_Tyrannyofdragons_Gear_Pack_M6</ItemId>
                <ItemDisplayName>Вечный сундук с экипировкой</ItemDisplayName>
                <Count>1</Count>
              </BuyItemsOption>
            </BuyOptions>
            <BuyMenu>SpecialDialog.action_0</BuyMenu>
          </Action>
          <Action xsi:type="JoinMatch">
            <ActionID>6a67dab8-59a9-40f9-8b45-a0f8b142f2dd</ActionID>
            <OverrideName>Join ToS</OverrideName>
            <Sound>
              <SoundName />
              <Trigger>OnActionCompleted</Trigger>
            </Sound>
            <Disabled>false</Disabled>
            <PlayWhileConditionsAreOk>true</PlayWhileConditionsAreOk>
            <PlayWhileUnSuccess>false</PlayWhileUnSuccess>
            <AssociateMission />
            <Loop>false</Loop>
            <MaxRunningTime>5</MaxRunningTime>
            <OnlyOneConditionMustBeGood>false</OnlyOneConditionMustBeGood>
            <OnlyDoneByServer>true</OnlyDoneByServer>
            <Conditions>
              <Condition xsi:type="IsInCustomRegion">
                <Locked>false</Locked>
                <Tested>NotEquel</Tested>
                <CustomRegionName>1Part</CustomRegionName>
              </Condition>
              <Condition xsi:type="IsInCustomRegion">
                <Locked>false</Locked>
                <Tested>NotEquel</Tested>
                <CustomRegionName>1_part</CustomRegionName>
              </Condition>
              <Condition xsi:type="CurrentMap">
                <Locked>false</Locked>
                <Tested>Equal</Tested>
                <MapName>Neverwinter_Protectors_Enclave</MapName>
              </Condition>
            </Conditions>
            <HotSpots />
            <MatchName>Az_Tos_Temple_Of_The_Spider</MatchName>
            <AdditionnalMatchs />
            <TryToReturnBefore>false</TryToReturnBefore>
            <PrivateMatch>true</PrivateMatch>
          </Action>
        </Actions>
        <SimultaneousActions>false</SimultaneousActions>
      </Action>
      <Action xsi:type="ActionPack">
        <ActionID>057d97f6-8524-40ea-930f-425f61fb2f99</ActionID>
        <OverrideName>Dungeon</OverrideName>
        <Sound>
          <SoundName />
          <Trigger>OnActionCompleted</Trigger>
        </Sound>
        <Disabled>false</Disabled>
        <PlayWhileConditionsAreOk>true</PlayWhileConditionsAreOk>
        <PlayWhileUnSuccess>true</PlayWhileUnSuccess>
        <AssociateMission />
        <Loop>false</Loop>
        <MaxRunningTime>1800</MaxRunningTime>
        <OnlyOneConditionMustBeGood>false</OnlyOneConditionMustBeGood>
        <OnlyDoneByServer>false</OnlyDoneByServer>
        <Conditions>
          <Condition xsi:type="CurrentMap">
            <Locked>false</Locked>
            <Tested>Equal</Tested>
            <MapName>Az_Tos_Temple_Of_The_Spider</MapName>
          </Condition>
        </Conditions>
        <HotSpots />
        <Actions>
          <Action xsi:type="ActionPack">
            <ActionID>b83d6444-61ef-4c33-8ea0-8e556e637be5</ActionID>
            <OverrideName>1_part</OverrideName>
            <Sound>
              <SoundName />
              <Trigger>OnActionCompleted</Trigger>
            </Sound>
            <Disabled>false</Disabled>
            <PlayWhileConditionsAreOk>true</PlayWhileConditionsAreOk>
            <PlayWhileUnSuccess>true</PlayWhileUnSuccess>
            <AssociateMission />
            <Loop>true</Loop>
            <MaxRunningTime>0</MaxRunningTime>
            <OnlyOneConditionMustBeGood>false</OnlyOneConditionMustBeGood>
            <OnlyDoneByServer>false</OnlyDoneByServer>
            <Conditions>
              <Condition xsi:type="IsInCustomRegion">
                <Locked>false</Locked>
                <Tested>Equal</Tested>
                <CustomRegionName>1_part</CustomRegionName>
              </Condition>
            </Conditions>
            <HotSpots />
            <Actions>
              <Action xsi:type="MoveTo">
                <ActionID>fda18cdd-f816-4a16-860f-a81c25014f7b</ActionID>
                <OverrideName />
                <Sound>
                  <SoundName />
                  <Trigger>OnActionCompleted</Trigger>
                </Sound>
                <Disabled>false</Disabled>
                <PlayWhileConditionsAreOk>false</PlayWhileConditionsAreOk>
                <PlayWhileUnSuccess>true</PlayWhileUnSuccess>
                <AssociateMission />
                <Loop>false</Loop>
                <MaxRunningTime>0</MaxRunningTime>
                <OnlyOneConditionMustBeGood>false</OnlyOneConditionMustBeGood>
                <OnlyDoneByServer>false</OnlyDoneByServer>
                <Conditions>
                  <Condition xsi:type="IsInCustomRegion">
                    <Locked>false</Locked>
                    <Tested>Equal</Tested>
                    <CustomRegionName>1Part</CustomRegionName>
                  </Condition>
                </Conditions>
                <HotSpots />
                <Position>
                  <X>240.3468</X>
                  <Y>173.301147</Y>
                  <Z>-486.5285</Z>
                </Position>
                <Range>5</Range>
              </Action>
              <Action xsi:type="InteractSpecificNode">
                <ActionID>218a9104-2989-4478-acfc-357fd5c548e5</ActionID>
                <OverrideName>Lever 01</OverrideName>
                <Sound>
                  <SoundName />
                  <Trigger>OnActionCompleted</Trigger>
                </Sound>
                <Disabled>false</Disabled>
                <PlayWhileConditionsAreOk>false</PlayWhileConditionsAreOk>
                <PlayWhileUnSuccess>true</PlayWhileUnSuccess>
                <AssociateMission />
                <Loop>false</Loop>
                <MaxRunningTime>5</MaxRunningTime>
                <OnlyOneConditionMustBeGood>false</OnlyOneConditionMustBeGood>
                <OnlyDoneByServer>false</OnlyDoneByServer>
                <Conditions>
                  <Condition xsi:type="IsInCustomRegion">
                    <Locked>false</Locked>
                    <Tested>Equal</Tested>
                    <CustomRegionName>1Part</CustomRegionName>
                  </Condition>
                </Conditions>
                <HotSpots />
                <NodeCategory>Inspect</NodeCategory>
                <LocalizedName />
                <Dialogs />
                <InteractTime>3000</InteractTime>
                <Position>
                  <X>237.114136</X>
                  <Y>174.199982</Y>
                  <Z>-481.2197</Z>
                </Position>
                <RewardItemChoose />
                <SkipTimeout>50</SkipTimeout>
              </Action>
              <Action xsi:type="MoveTo">
                <ActionID>8d3c2ad8-3de9-446e-b1ed-8130d451ddbc</ActionID>
                <OverrideName />
                <Sound>
                  <SoundName />
                  <Trigger>OnActionCompleted</Trigger>
                </Sound>
                <Disabled>false</Disabled>
                <PlayWhileConditionsAreOk>false</PlayWhileConditionsAreOk>
                <PlayWhileUnSuccess>true</PlayWhileUnSuccess>
                <AssociateMission />
                <Loop>false</Loop>
                <MaxRunningTime>60</MaxRunningTime>
                <OnlyOneConditionMustBeGood>false</OnlyOneConditionMustBeGood>
                <OnlyDoneByServer>false</OnlyDoneByServer>
                <Conditions />
                <HotSpots />
                <Position>
                  <X>177.457016</X>
                  <Y>85.21343</Y>
                  <Z>-502.6092</Z>
                </Position>
                <Range>5</Range>
              </Action>
            </Actions>
            <SimultaneousActions>false</SimultaneousActions>
          </Action>
          <Action xsi:type="ActionPack">
            <ActionID>7d44f361-2745-4d9a-bc37-25cf6b977459</ActionID>
            <OverrideName>2_part</OverrideName>
            <Sound>
              <SoundName />
              <Trigger>OnActionCompleted</Trigger>
            </Sound>
            <Disabled>false</Disabled>
            <PlayWhileConditionsAreOk>true</PlayWhileConditionsAreOk>
            <PlayWhileUnSuccess>true</PlayWhileUnSuccess>
            <AssociateMission />
            <Loop>true</Loop>
            <MaxRunningTime>0</MaxRunningTime>
            <OnlyOneConditionMustBeGood>false</OnlyOneConditionMustBeGood>
            <OnlyDoneByServer>false</OnlyDoneByServer>
            <Conditions>
              <Condition xsi:type="IsInCustomRegion">
                <Locked>false</Locked>
                <Tested>Equal</Tested>
                <CustomRegionName>2_part</CustomRegionName>
              </Condition>
            </Conditions>
            <HotSpots />
            <Actions>
              <Action xsi:type="MoveTo">
                <ActionID>59fba925-4258-4606-a63d-7687d473ec99</ActionID>
                <OverrideName>First MiniBoss</OverrideName>
                <Sound>
                  <SoundName />
                  <Trigger>OnActionCompleted</Trigger>
                </Sound>
                <Disabled>false</Disabled>
                <PlayWhileConditionsAreOk>false</PlayWhileConditionsAreOk>
                <PlayWhileUnSuccess>true</PlayWhileUnSuccess>
                <AssociateMission />
                <Loop>false</Loop>
                <MaxRunningTime>0</MaxRunningTime>
                <OnlyOneConditionMustBeGood>false</OnlyOneConditionMustBeGood>
                <OnlyDoneByServer>false</OnlyDoneByServer>
                <Conditions>
                  <Condition xsi:type="IsInCustomRegion">
                    <Locked>false</Locked>
                    <Tested>Equal</Tested>
                    <CustomRegionName>2Part</CustomRegionName>
                  </Condition>
                </Conditions>
                <HotSpots />
                <Position>
                  <X>9.422457</X>
                  <Y>-89.91974</Y>
                  <Z>-514.746765</Z>
                </Position>
                <Range>8</Range>
              </Action>
              <Action xsi:type="ChangeProfileValue">
                <ActionID>9cf9be66-9af7-4506-bb0f-ba7d1b4012c0</ActionID>
                <OverrideName>Ignore_Combat_False</OverrideName>
                <Sound>
                  <SoundName />
                  <Trigger>OnActionCompleted</Trigger>
                </Sound>
                <Disabled>false</Disabled>
                <PlayWhileConditionsAreOk>false</PlayWhileConditionsAreOk>
                <PlayWhileUnSuccess>true</PlayWhileUnSuccess>
                <AssociateMission />
                <Loop>false</Loop>
                <MaxRunningTime>0</MaxRunningTime>
                <OnlyOneConditionMustBeGood>false</OnlyOneConditionMustBeGood>
                <OnlyDoneByServer>false</OnlyDoneByServer>
                <Conditions />
                <HotSpots />
                <ValueType>IgnoreCombat</ValueType>
                <Value>False</Value>
              </Action>
              <Action xsi:type="ChangeProfileValue">
                <ActionID>d68091f7-e17d-44fd-ba26-98244d4b783b</ActionID>
                <OverrideName>Kill_Radius_30</OverrideName>
                <Sound>
                  <SoundName />
                  <Trigger>OnActionCompleted</Trigger>
                </Sound>
                <Disabled>false</Disabled>
                <PlayWhileConditionsAreOk>false</PlayWhileConditionsAreOk>
                <PlayWhileUnSuccess>true</PlayWhileUnSuccess>
                <AssociateMission />
                <Loop>false</Loop>
                <MaxRunningTime>2</MaxRunningTime>
                <OnlyOneConditionMustBeGood>false</OnlyOneConditionMustBeGood>
                <OnlyDoneByServer>false</OnlyDoneByServer>
                <Conditions />
                <HotSpots />
                <ValueType>KillRadius</ValueType>
                <Value>30</Value>
              </Action>
              <Action xsi:type="InteractSpecificNode">
                <ActionID>8215885d-f499-441b-9a43-f6b7130a2af3</ActionID>
                <OverrideName>Lever 02</OverrideName>
                <Sound>
                  <SoundName />
                  <Trigger>OnActionCompleted</Trigger>
                </Sound>
                <Disabled>false</Disabled>
                <PlayWhileConditionsAreOk>false</PlayWhileConditionsAreOk>
                <PlayWhileUnSuccess>true</PlayWhileUnSuccess>
                <AssociateMission />
                <Loop>false</Loop>
                <MaxRunningTime>0</MaxRunningTime>
                <OnlyOneConditionMustBeGood>false</OnlyOneConditionMustBeGood>
                <OnlyDoneByServer>false</OnlyDoneByServer>
                <Conditions>
                  <Condition xsi:type="IsInCustomRegion">
                    <Locked>false</Locked>
                    <Tested>Equal</Tested>
                    <CustomRegionName>2Part</CustomRegionName>
                  </Condition>
                </Conditions>
                <HotSpots />
                <NodeCategory>Inspect</NodeCategory>
                <LocalizedName>Lever</LocalizedName>
                <Dialogs />
                <InteractTime>3000</InteractTime>
                <Position>
                  <X>-12.0313063</X>
                  <Y>-89.25829</Y>
                  <Z>-508.5274</Z>
                </Position>
                <RewardItemChoose />
                <SkipTimeout>50</SkipTimeout>
              </Action>
              <Action xsi:type="MoveTo">
                <ActionID>118ca73a-5559-4986-bd27-2373a65e4f48</ActionID>
                <OverrideName />
                <Sound>
                  <SoundName />
                  <Trigger>OnActionCompleted</Trigger>
                </Sound>
                <Disabled>false</Disabled>
                <PlayWhileConditionsAreOk>false</PlayWhileConditionsAreOk>
                <PlayWhileUnSuccess>true</PlayWhileUnSuccess>
                <AssociateMission />
                <Loop>false</Loop>
                <MaxRunningTime>30</MaxRunningTime>
                <OnlyOneConditionMustBeGood>false</OnlyOneConditionMustBeGood>
                <OnlyDoneByServer>false</OnlyDoneByServer>
                <Conditions />
                <HotSpots />
                <Position>
                  <X>-37.8635941</X>
                  <Y>-150.278</Y>
                  <Z>-510.892883</Z>
                </Position>
                <Range>10</Range>
              </Action>
            </Actions>
            <SimultaneousActions>false</SimultaneousActions>
          </Action>
          <Action xsi:type="ActionPack">
            <ActionID>2de75b1d-113f-4510-885a-0db1aa1ba70a</ActionID>
            <OverrideName>3_part</OverrideName>
            <Sound>
              <SoundName />
              <Trigger>OnActionCompleted</Trigger>
            </Sound>
            <Disabled>false</Disabled>
            <PlayWhileConditionsAreOk>true</PlayWhileConditionsAreOk>
            <PlayWhileUnSuccess>true</PlayWhileUnSuccess>
            <AssociateMission />
            <Loop>true</Loop>
            <MaxRunningTime>0</MaxRunningTime>
            <OnlyOneConditionMustBeGood>false</OnlyOneConditionMustBeGood>
            <OnlyDoneByServer>false</OnlyDoneByServer>
            <Conditions>
              <Condition xsi:type="IsInCustomRegion">
                <Locked>false</Locked>
                <Tested>Equal</Tested>
                <CustomRegionName>3_part</CustomRegionName>
              </Condition>
            </Conditions>
            <HotSpots />
            <Actions>
              <Action xsi:type="InteractSpecificNode">
                <ActionID>36ec312e-fcc0-484e-83f2-e18337e127cc</ActionID>
                <OverrideName />
                <Sound>
                  <SoundName />
                  <Trigger>OnActionCompleted</Trigger>
                </Sound>
                <Disabled>true</Disabled>
                <PlayWhileConditionsAreOk>false</PlayWhileConditionsAreOk>
                <PlayWhileUnSuccess>true</PlayWhileUnSuccess>
                <AssociateMission />
                <Loop>false</Loop>
                <MaxRunningTime>0</MaxRunningTime>
                <OnlyOneConditionMustBeGood>false</OnlyOneConditionMustBeGood>
                <OnlyDoneByServer>false</OnlyDoneByServer>
                <Conditions>
                  <Condition xsi:type="IsInCustomRegion">
                    <Locked>false</Locked>
                    <Tested>Equal</Tested>
                    <CustomRegionName>3Part</CustomRegionName>
                  </Condition>
                </Conditions>
                <HotSpots />
                <NodeCategory>Loot</NodeCategory>
                <LocalizedName>Treasure Chest</LocalizedName>
                <Dialogs />
                <InteractTime>1000</InteractTime>
                <Position>
                  <X>-362.8536</X>
                  <Y>-281.535553</Y>
                  <Z>-482.5315</Z>
                </Position>
                <RewardItemChoose />
                <SkipTimeout>7500</SkipTimeout>
              </Action>
              <Action xsi:type="MoveTo">
                <ActionID>811adef2-2d8d-4134-9578-3a318b3e3a79</ActionID>
                <OverrideName>To Loose Pillar</OverrideName>
                <Sound>
                  <SoundName />
                  <Trigger>OnActionCompleted</Trigger>
                </Sound>
                <Disabled>false</Disabled>
                <PlayWhileConditionsAreOk>false</PlayWhileConditionsAreOk>
                <PlayWhileUnSuccess>true</PlayWhileUnSuccess>
                <AssociateMission />
                <Loop>false</Loop>
                <MaxRunningTime>0</MaxRunningTime>
                <OnlyOneConditionMustBeGood>false</OnlyOneConditionMustBeGood>
                <OnlyDoneByServer>false</OnlyDoneByServer>
                <Conditions>
                  <Condition xsi:type="IsInCustomRegion">
                    <Locked>false</Locked>
                    <Tested>Equal</Tested>
                    <CustomRegionName>3Part</CustomRegionName>
                  </Condition>
                </Conditions>
                <HotSpots />
                <Position>
                  <X>25.0139313</X>
                  <Y>-453.508575</Y>
                  <Z>-524.6218</Z>
                </Position>
                <Range>5</Range>
              </Action>
              <Action xsi:type="InteractSpecificNode">
                <ActionID>229484ad-b32d-4fff-9381-d6c61ced3887</ActionID>
                <OverrideName>InteractSpecificNode(Kick Pillar)</OverrideName>
                <Sound>
                  <SoundName />
                  <Trigger>OnActionCompleted</Trigger>
                </Sound>
                <Disabled>false</Disabled>
                <PlayWhileConditionsAreOk>false</PlayWhileConditionsAreOk>
                <PlayWhileUnSuccess>true</PlayWhileUnSuccess>
                <AssociateMission />
                <Loop>false</Loop>
                <MaxRunningTime>0</MaxRunningTime>
                <OnlyOneConditionMustBeGood>false</OnlyOneConditionMustBeGood>
                <OnlyDoneByServer>false</OnlyDoneByServer>
                <Conditions />
                <HotSpots />
                <NodeCategory />
                <LocalizedName />
                <Dialogs />
                <InteractTime>1000</InteractTime>
                <Position>
                  <X>37.7002525</X>
                  <Y>-498.171021</Y>
                  <Z>-506.0899</Z>
                </Position>
                <RewardItemChoose />
                <SkipTimeout>0</SkipTimeout>
              </Action>
              <Action xsi:type="ActionPack">
                <ActionID>5d6a380d-892c-4562-b3c1-7f5f66cdec57</ActionID>
                <OverrideName />
                <Sound>
                  <SoundName />
                  <Trigger>OnActionCompleted</Trigger>
                </Sound>
                <Disabled>true</Disabled>
                <PlayWhileConditionsAreOk>false</PlayWhileConditionsAreOk>
                <PlayWhileUnSuccess>true</PlayWhileUnSuccess>
                <AssociateMission />
                <Loop>false</Loop>
                <MaxRunningTime>0</MaxRunningTime>
                <OnlyOneConditionMustBeGood>false</OnlyOneConditionMustBeGood>
                <OnlyDoneByServer>false</OnlyDoneByServer>
                <Conditions />
                <HotSpots />
                <Actions>
                  <Action xsi:type="ActionPack">
                    <ActionID>4eea8ed2-942a-47a7-a46a-5b7d3c496f7e</ActionID>
                    <OverrideName />
                    <Sound>
                      <SoundName />
                      <Trigger>OnActionCompleted</Trigger>
                    </Sound>
                    <Disabled>false</Disabled>
                    <PlayWhileConditionsAreOk>true</PlayWhileConditionsAreOk>
                    <PlayWhileUnSuccess>true</PlayWhileUnSuccess>
                    <AssociateMission />
                    <Loop>false</Loop>
                    <MaxRunningTime>0</MaxRunningTime>
                    <OnlyOneConditionMustBeGood>false</OnlyOneConditionMustBeGood>
                    <OnlyDoneByServer>false</OnlyDoneByServer>
                    <Conditions>
                      <Condition xsi:type="IsInCustomRegion">
                        <Locked>false</Locked>
                        <Tested>Equal</Tested>
                        <CustomRegionName>SafePillar</CustomRegionName>
                      </Condition>
                    </Conditions>
                    <HotSpots />
                    <Actions>
                      <Action xsi:type="MoveTo">
                        <ActionID>bae0c39e-632d-4300-9b28-3441f227bcda</ActionID>
                        <OverrideName>To Loose Pillar</OverrideName>
                        <Sound>
                          <SoundName />
                          <Trigger>OnActionCompleted</Trigger>
                        </Sound>
                        <Disabled>false</Disabled>
                        <PlayWhileConditionsAreOk>false</PlayWhileConditionsAreOk>
                        <PlayWhileUnSuccess>true</PlayWhileUnSuccess>
                        <AssociateMission />
                        <Loop>false</Loop>
                        <MaxRunningTime>0</MaxRunningTime>
                        <OnlyOneConditionMustBeGood>false</OnlyOneConditionMustBeGood>
                        <OnlyDoneByServer>false</OnlyDoneByServer>
                        <Conditions>
                          <Condition xsi:type="IsInCustomRegion">
                            <Locked>false</Locked>
                            <Tested>Equal</Tested>
                            <CustomRegionName>3Part</CustomRegionName>
                          </Condition>
                        </Conditions>
                        <HotSpots />
                        <Position>
                          <X>35.3840332</X>
                          <Y>-459.98468</Y>
                          <Z>-524.074463</Z>
                        </Position>
                        <Range>5</Range>
                      </Action>
                      <Action xsi:type="MoveTo">
                        <ActionID>9db10089-8857-4a1c-850c-7e1705b660ad</ActionID>
                        <OverrideName />
                        <Sound>
                          <SoundName />
                          <Trigger>OnActionCompleted</Trigger>
                        </Sound>
                        <Disabled>false</Disabled>
                        <PlayWhileConditionsAreOk>false</PlayWhileConditionsAreOk>
                        <PlayWhileUnSuccess>true</PlayWhileUnSuccess>
                        <AssociateMission />
                        <Loop>false</Loop>
                        <MaxRunningTime>2</MaxRunningTime>
                        <OnlyOneConditionMustBeGood>false</OnlyOneConditionMustBeGood>
                        <OnlyDoneByServer>false</OnlyDoneByServer>
                        <Conditions />
                        <HotSpots />
                        <Position>
                          <X>28.8719769</X>
                          <Y>-469.748749</Y>
                          <Z>-524.1623</Z>
                        </Position>
                        <Range>5</Range>
                      </Action>
                    </Actions>
                    <SimultaneousActions>false</SimultaneousActions>
                  </Action>
                  <Action xsi:type="WaitTimer">
                    <ActionID>715399d2-0a9a-4265-9a0f-0143353cf061</ActionID>
                    <OverrideName />
                    <Sound>
                      <SoundName />
                      <Trigger>OnActionCompleted</Trigger>
                    </Sound>
                    <Disabled>true</Disabled>
                    <PlayWhileConditionsAreOk>false</PlayWhileConditionsAreOk>
                    <PlayWhileUnSuccess>true</PlayWhileUnSuccess>
                    <AssociateMission />
                    <Loop>false</Loop>
                    <MaxRunningTime>0</MaxRunningTime>
                    <OnlyOneConditionMustBeGood>false</OnlyOneConditionMustBeGood>
                    <OnlyDoneByServer>false</OnlyDoneByServer>
                    <Conditions />
                    <HotSpots />
                    <WaitTimeMs>1000</WaitTimeMs>
                  </Action>
                  <Action xsi:type="MoveTo">
                    <ActionID>53f9d46b-d1f9-489f-88cd-dfdaa3b707a1</ActionID>
                    <OverrideName>To Loose Pillar</OverrideName>
                    <Sound>
                      <SoundName />
                      <Trigger>OnActionCompleted</Trigger>
                    </Sound>
                    <Disabled>false</Disabled>
                    <PlayWhileConditionsAreOk>false</PlayWhileConditionsAreOk>
                    <PlayWhileUnSuccess>true</PlayWhileUnSuccess>
                    <AssociateMission />
                    <Loop>false</Loop>
                    <MaxRunningTime>0</MaxRunningTime>
                    <OnlyOneConditionMustBeGood>false</OnlyOneConditionMustBeGood>
                    <OnlyDoneByServer>false</OnlyDoneByServer>
                    <Conditions>
                      <Condition xsi:type="IsInCustomRegion">
                        <Locked>false</Locked>
                        <Tested>Equal</Tested>
                        <CustomRegionName>3Part</CustomRegionName>
                      </Condition>
                    </Conditions>
                    <HotSpots />
                    <Position>
                      <X>35.3840332</X>
                      <Y>-459.98468</Y>
                      <Z>-524.074463</Z>
                    </Position>
                    <Range>5</Range>
                  </Action>
                  <Action xsi:type="ActionPack">
                    <ActionID>a031d417-886f-46bc-8729-536c5dcaf765</ActionID>
                    <OverrideName />
                    <Sound>
                      <SoundName />
                      <Trigger>OnActionCompleted</Trigger>
                    </Sound>
                    <Disabled>false</Disabled>
                    <PlayWhileConditionsAreOk>true</PlayWhileConditionsAreOk>
                    <PlayWhileUnSuccess>true</PlayWhileUnSuccess>
                    <AssociateMission />
                    <Loop>false</Loop>
                    <MaxRunningTime>0</MaxRunningTime>
                    <OnlyOneConditionMustBeGood>false</OnlyOneConditionMustBeGood>
                    <OnlyDoneByServer>false</OnlyDoneByServer>
                    <Conditions>
                      <Condition xsi:type="IsInCustomRegion">
                        <Locked>false</Locked>
                        <Tested>Equal</Tested>
                        <CustomRegionName>SafePillar</CustomRegionName>
                      </Condition>
                    </Conditions>
                    <HotSpots />
                    <Actions>
                      <Action xsi:type="InteractSpecificNode">
                        <ActionID>5f0219bb-7973-4903-a13a-5f25d3809366</ActionID>
                        <OverrideName>Kick Pillar</OverrideName>
                        <Sound>
                          <SoundName />
                          <Trigger>OnActionCompleted</Trigger>
                        </Sound>
                        <Disabled>false</Disabled>
                        <PlayWhileConditionsAreOk>false</PlayWhileConditionsAreOk>
                        <PlayWhileUnSuccess>true</PlayWhileUnSuccess>
                        <AssociateMission />
                        <Loop>false</Loop>
                        <MaxRunningTime>0</MaxRunningTime>
                        <OnlyOneConditionMustBeGood>false</OnlyOneConditionMustBeGood>
                        <OnlyDoneByServer>false</OnlyDoneByServer>
                        <Conditions>
                          <Condition xsi:type="IsInCustomRegion">
                            <Locked>false</Locked>
                            <Tested>Equal</Tested>
                            <CustomRegionName>3Part</CustomRegionName>
                          </Condition>
                        </Conditions>
                        <HotSpots />
                        <NodeCategory />
                        <LocalizedName />
                        <Dialogs />
                        <InteractTime>3000</InteractTime>
                        <Position>
                          <X>37.7002525</X>
                          <Y>-498.171021</Y>
                          <Z>-506.0899</Z>
                        </Position>
                        <RewardItemChoose />
                        <SkipTimeout>7500</SkipTimeout>
                      </Action>
                      <Action xsi:type="MoveTo">
                        <ActionID>db30dc11-953c-485a-b923-8d2dadcaf633</ActionID>
                        <OverrideName>To Loose Pillar</OverrideName>
                        <Sound>
                          <SoundName />
                          <Trigger>OnActionCompleted</Trigger>
                        </Sound>
                        <Disabled>false</Disabled>
                        <PlayWhileConditionsAreOk>false</PlayWhileConditionsAreOk>
                        <PlayWhileUnSuccess>true</PlayWhileUnSuccess>
                        <AssociateMission />
                        <Loop>false</Loop>
                        <MaxRunningTime>0</MaxRunningTime>
                        <OnlyOneConditionMustBeGood>false</OnlyOneConditionMustBeGood>
                        <OnlyDoneByServer>false</OnlyDoneByServer>
                        <Conditions>
                          <Condition xsi:type="IsInCustomRegion">
                            <Locked>false</Locked>
                            <Tested>Equal</Tested>
                            <CustomRegionName>3Part</CustomRegionName>
                          </Condition>
                        </Conditions>
                        <HotSpots />
                        <Position>
                          <X>35.3840332</X>
                          <Y>-459.98468</Y>
                          <Z>-524.074463</Z>
                        </Position>
                        <Range>5</Range>
                      </Action>
                      <Action xsi:type="MoveTo">
                        <ActionID>fd5e80f8-ead1-41f1-b31e-72ddab48c9eb</ActionID>
                        <OverrideName />
                        <Sound>
                          <SoundName />
                          <Trigger>OnActionCompleted</Trigger>
                        </Sound>
                        <Disabled>false</Disabled>
                        <PlayWhileConditionsAreOk>false</PlayWhileConditionsAreOk>
                        <PlayWhileUnSuccess>true</PlayWhileUnSuccess>
                        <AssociateMission />
                        <Loop>false</Loop>
                        <MaxRunningTime>2</MaxRunningTime>
                        <OnlyOneConditionMustBeGood>false</OnlyOneConditionMustBeGood>
                        <OnlyDoneByServer>false</OnlyDoneByServer>
                        <Conditions />
                        <HotSpots />
                        <Position>
                          <X>28.8719769</X>
                          <Y>-469.748749</Y>
                          <Z>-524.1623</Z>
                        </Position>
                        <Range>5</Range>
                      </Action>
                    </Actions>
                    <SimultaneousActions>false</SimultaneousActions>
                  </Action>
                </Actions>
                <SimultaneousActions>false</SimultaneousActions>
              </Action>
              <Action xsi:type="MoveTo">
                <ActionID>78b1f457-8242-4b75-b351-9f71cc2e3327</ActionID>
                <OverrideName />
                <Sound>
                  <SoundName />
                  <Trigger>OnActionCompleted</Trigger>
                </Sound>
                <Disabled>false</Disabled>
                <PlayWhileConditionsAreOk>false</PlayWhileConditionsAreOk>
                <PlayWhileUnSuccess>true</PlayWhileUnSuccess>
                <AssociateMission />
                <Loop>false</Loop>
                <MaxRunningTime>45</MaxRunningTime>
                <OnlyOneConditionMustBeGood>false</OnlyOneConditionMustBeGood>
                <OnlyDoneByServer>false</OnlyDoneByServer>
                <Conditions />
                <HotSpots />
                <Position>
                  <X>131.574524</X>
                  <Y>-435.71817</Y>
                  <Z>-527.3423</Z>
                </Position>
                <Range>15</Range>
              </Action>
            </Actions>
            <SimultaneousActions>false</SimultaneousActions>
          </Action>
          <Action xsi:type="ActionPack">
            <ActionID>1a09e654-c91e-49f8-8d91-25454a931c1e</ActionID>
            <OverrideName>4_part</OverrideName>
            <Sound>
              <SoundName />
              <Trigger>OnActionCompleted</Trigger>
            </Sound>
            <Disabled>false</Disabled>
            <PlayWhileConditionsAreOk>true</PlayWhileConditionsAreOk>
            <PlayWhileUnSuccess>true</PlayWhileUnSuccess>
            <AssociateMission />
            <Loop>true</Loop>
            <MaxRunningTime>0</MaxRunningTime>
            <OnlyOneConditionMustBeGood>false</OnlyOneConditionMustBeGood>
            <OnlyDoneByServer>false</OnlyDoneByServer>
            <Conditions>
              <Condition xsi:type="IsInCustomRegion">
                <Locked>false</Locked>
                <Tested>Equal</Tested>
                <CustomRegionName>4_part</CustomRegionName>
              </Condition>
            </Conditions>
            <HotSpots />
            <Actions>
              <Action xsi:type="MoveTo">
                <ActionID>dec1b9d8-5179-4415-8799-a03ecb6cb659</ActionID>
                <OverrideName>To Big Spider</OverrideName>
                <Sound>
                  <SoundName />
                  <Trigger>OnActionCompleted</Trigger>
                </Sound>
                <Disabled>false</Disabled>
                <PlayWhileConditionsAreOk>false</PlayWhileConditionsAreOk>
                <PlayWhileUnSuccess>true</PlayWhileUnSuccess>
                <AssociateMission />
                <Loop>false</Loop>
                <MaxRunningTime>0</MaxRunningTime>
                <OnlyOneConditionMustBeGood>false</OnlyOneConditionMustBeGood>
                <OnlyDoneByServer>false</OnlyDoneByServer>
                <Conditions>
                  <Condition xsi:type="IsInCustomRegion">
                    <Locked>false</Locked>
                    <Tested>Equal</Tested>
                    <CustomRegionName>4Part</CustomRegionName>
                  </Condition>
                </Conditions>
                <HotSpots />
                <Position>
                  <X>184.288376</X>
                  <Y>-408.994446</Y>
                  <Z>-530.821838</Z>
                </Position>
                <Range>5</Range>
              </Action>
              <Action xsi:type="InteractSpecificNode">
                <ActionID>47745d09-b201-40e5-a9f7-97172d992f60</ActionID>
                <OverrideName>Lever 03</OverrideName>
                <Sound>
                  <SoundName />
                  <Trigger>OnActionCompleted</Trigger>
                </Sound>
                <Disabled>false</Disabled>
                <PlayWhileConditionsAreOk>false</PlayWhileConditionsAreOk>
                <PlayWhileUnSuccess>true</PlayWhileUnSuccess>
                <AssociateMission />
                <Loop>false</Loop>
                <MaxRunningTime>0</MaxRunningTime>
                <OnlyOneConditionMustBeGood>false</OnlyOneConditionMustBeGood>
                <OnlyDoneByServer>false</OnlyDoneByServer>
                <Conditions>
                  <Condition xsi:type="IsInCustomRegion">
                    <Locked>false</Locked>
                    <Tested>Equal</Tested>
                    <CustomRegionName>4Part</CustomRegionName>
                  </Condition>
                </Conditions>
                <HotSpots />
                <NodeCategory>Inspect</NodeCategory>
                <LocalizedName>Lever</LocalizedName>
                <Dialogs />
                <InteractTime>4000</InteractTime>
                <Position>
                  <X>190.9572</X>
                  <Y>-397.6294</Y>
                  <Z>-525.495239</Z>
                </Position>
                <RewardItemChoose />
                <SkipTimeout>50</SkipTimeout>
              </Action>
              <Action xsi:type="MoveTo">
                <ActionID>a791058c-5efd-4b36-8027-bc03bfe27eb2</ActionID>
                <OverrideName />
                <Sound>
                  <SoundName />
                  <Trigger>OnActionCompleted</Trigger>
                </Sound>
                <Disabled>false</Disabled>
                <PlayWhileConditionsAreOk>false</PlayWhileConditionsAreOk>
                <PlayWhileUnSuccess>true</PlayWhileUnSuccess>
                <AssociateMission />
                <Loop>false</Loop>
                <MaxRunningTime>45</MaxRunningTime>
                <OnlyOneConditionMustBeGood>false</OnlyOneConditionMustBeGood>
                <OnlyDoneByServer>false</OnlyDoneByServer>
                <Conditions />
                <HotSpots />
                <Position>
                  <X>237.1568</X>
                  <Y>-363.290283</Y>
                  <Z>-533.675354</Z>
                </Position>
                <Range>5</Range>
              </Action>
            </Actions>
            <SimultaneousActions>false</SimultaneousActions>
          </Action>
          <Action xsi:type="InteractSpecificNode">
            <ActionID>fe3da0cc-4747-40ca-8511-d8e8153bf5bd</ActionID>
            <OverrideName />
            <Sound>
              <SoundName />
              <Trigger>OnActionCompleted</Trigger>
            </Sound>
            <Disabled>true</Disabled>
            <PlayWhileConditionsAreOk>false</PlayWhileConditionsAreOk>
            <PlayWhileUnSuccess>true</PlayWhileUnSuccess>
            <AssociateMission />
            <Loop>false</Loop>
            <MaxRunningTime>0</MaxRunningTime>
            <OnlyOneConditionMustBeGood>false</OnlyOneConditionMustBeGood>
            <OnlyDoneByServer>false</OnlyDoneByServer>
            <Conditions>
              <Condition xsi:type="IsInCustomRegion">
                <Locked>false</Locked>
                <Tested>Equal</Tested>
                <CustomRegionName>5Part</CustomRegionName>
              </Condition>
            </Conditions>
            <HotSpots />
            <NodeCategory>Loot</NodeCategory>
            <LocalizedName>Treasure Chest</LocalizedName>
            <Dialogs />
            <InteractTime>1000</InteractTime>
            <Position>
              <X>326.9069</X>
              <Y>-384.590546</Y>
              <Z>-549.4573</Z>
            </Position>
            <RewardItemChoose />
            <SkipTimeout>7500</SkipTimeout>
          </Action>
          <Action xsi:type="MoveTo">
            <ActionID>f16ee060-ee60-43bc-a19b-941a45b2a787</ActionID>
            <OverrideName>Boss CampFire</OverrideName>
            <Sound>
              <SoundName />
              <Trigger>OnActionCompleted</Trigger>
            </Sound>
            <Disabled>false</Disabled>
            <PlayWhileConditionsAreOk>false</PlayWhileConditionsAreOk>
            <PlayWhileUnSuccess>true</PlayWhileUnSuccess>
            <AssociateMission />
            <Loop>false</Loop>
            <MaxRunningTime>0</MaxRunningTime>
            <OnlyOneConditionMustBeGood>false</OnlyOneConditionMustBeGood>
            <OnlyDoneByServer>false</OnlyDoneByServer>
            <Conditions>
              <Condition xsi:type="IsInCustomRegion">
                <Locked>false</Locked>
                <Tested>Equal</Tested>
                <CustomRegionName>5Part</CustomRegionName>
              </Condition>
            </Conditions>
            <HotSpots />
            <Position>
              <X>844.1939</X>
              <Y>-45.9453964</Y>
              <Z>-538.3586</Z>
            </Position>
            <Range>5</Range>
          </Action>
          <Action xsi:type="ActionPack">
            <ActionID>4e5484a9-744e-4a58-9e21-678dbdebf669</ActionID>
            <OverrideName />
            <Sound>
              <SoundName />
              <Trigger>OnActionCompleted</Trigger>
            </Sound>
            <Disabled>false</Disabled>
            <PlayWhileConditionsAreOk>true</PlayWhileConditionsAreOk>
            <PlayWhileUnSuccess>true</PlayWhileUnSuccess>
            <AssociateMission />
            <Loop>true</Loop>
            <MaxRunningTime>0</MaxRunningTime>
            <OnlyOneConditionMustBeGood>false</OnlyOneConditionMustBeGood>
            <OnlyDoneByServer>false</OnlyDoneByServer>
            <Conditions>
              <Condition xsi:type="QuestInfo">
                <Locked>false</Locked>
                <QuestID>Az_Tos_Temple_Of_The_Spider_Om/Stop_Syndryth</QuestID>
                <Tested>InProgress</Tested>
              </Condition>
            </Conditions>
            <HotSpots />
            <Actions>
              <Action xsi:type="InteractSpecificNode">
                <ActionID>9e039624-3f28-42ae-bac4-dbf3e0f1fa2c</ActionID>
                <OverrideName>To BossRoom</OverrideName>
                <Sound>
                  <SoundName />
                  <Trigger>OnActionCompleted</Trigger>
                </Sound>
                <Disabled>false</Disabled>
                <PlayWhileConditionsAreOk>true</PlayWhileConditionsAreOk>
                <PlayWhileUnSuccess>true</PlayWhileUnSuccess>
                <AssociateMission />
                <Loop>true</Loop>
                <MaxRunningTime>6</MaxRunningTime>
                <OnlyOneConditionMustBeGood>false</OnlyOneConditionMustBeGood>
                <OnlyDoneByServer>false</OnlyDoneByServer>
                <Conditions>
                  <Condition xsi:type="IsInCustomRegion">
                    <Locked>false</Locked>
                    <Tested>NotEquel</Tested>
                    <CustomRegionName>Boss</CustomRegionName>
                  </Condition>
                </Conditions>
                <HotSpots />
                <NodeCategory />
                <LocalizedName />
                <Dialogs />
                <InteractTime>6000</InteractTime>
                <Position>
                  <X>850.3018</X>
                  <Y>-48.0631866</Y>
                  <Z>-530.0304</Z>
                </Position>
                <RewardItemChoose />
                <SkipTimeout>0</SkipTimeout>
              </Action>
              <Action xsi:type="Grind">
                <ActionID>04abe8e2-9c99-42a0-8e37-64666e4607a5</ActionID>
                <OverrideName>Slay Boss</OverrideName>
                <Sound>
                  <SoundName />
                  <Trigger>OnActionCompleted</Trigger>
                </Sound>
                <Disabled>false</Disabled>
                <PlayWhileConditionsAreOk>true</PlayWhileConditionsAreOk>
                <PlayWhileUnSuccess>true</PlayWhileUnSuccess>
                <AssociateMission />
                <Loop>true</Loop>
                <MaxRunningTime>0</MaxRunningTime>
                <OnlyOneConditionMustBeGood>false</OnlyOneConditionMustBeGood>
                <OnlyDoneByServer>false</OnlyDoneByServer>
                <Conditions>
                  <Condition xsi:type="IsInCustomRegion">
                    <Locked>false</Locked>
                    <Tested>Equal</Tested>
                    <CustomRegionName>Boss</CustomRegionName>
                  </Condition>
                </Conditions>
                <HotSpots>
                  <Vector3>
                    <X>932.6744</X>
                    <Y>-77.79307</Y>
                    <Z>-531.454346</Z>
                  </Vector3>
                  <Vector3>
                    <X>915.946167</X>
                    <Y>-106.292351</Y>
                    <Z>-532.0255</Z>
                  </Vector3>
                  <Vector3>
                    <X>935.382935</X>
                    <Y>-44.3543053</Y>
                    <Z>-530.09</Z>
                  </Vector3>
                </HotSpots>
              </Action>
            </Actions>
            <SimultaneousActions>false</SimultaneousActions>
          </Action>
          <Action xsi:type="InteractSpecificNode">
            <ActionID>d1140fcf-dfad-4d81-9b24-3dca8d9b34ab</ActionID>
            <OverrideName />
            <Sound>
              <SoundName />
              <Trigger>OnActionCompleted</Trigger>
            </Sound>
            <Disabled>false</Disabled>
            <PlayWhileConditionsAreOk>false</PlayWhileConditionsAreOk>
            <PlayWhileUnSuccess>true</PlayWhileUnSuccess>
            <AssociateMission />
            <Loop>false</Loop>
            <MaxRunningTime>0</MaxRunningTime>
            <OnlyOneConditionMustBeGood>false</OnlyOneConditionMustBeGood>
            <OnlyDoneByServer>false</OnlyDoneByServer>
            <Conditions>
              <Condition xsi:type="CurrentMap">
                <Locked>false</Locked>
                <Tested>Equal</Tested>
                <MapName>Az_Tos_Temple_Of_The_Spider</MapName>
              </Condition>
              <Condition xsi:type="ItemCount">
                <Locked>false</Locked>
                <ItemId>Dungeon_Delve_Key_Green</ItemId>
                <Sign>Equal</Sign>
                <Value>1</Value>
                <Type>AllInventories</Type>
                <SpecificBag>None</SpecificBag>
              </Condition>
            </Conditions>
            <HotSpots />
            <NodeCategory>Loot</NodeCategory>
            <LocalizedName>Treasure Chest</LocalizedName>
            <Dialogs>
              <string>ViewSubMission.Continue</string>
            </Dialogs>
            <InteractTime>4000</InteractTime>
            <Position>
              <X>958.271362</X>
              <Y>-85.09526</Y>
              <Z>-517.9205</Z>
            </Position>
            <RewardItemChoose />
            <SkipTimeout>7500</SkipTimeout>
          </Action>
          <Action xsi:type="ActionPack">
            <ActionID>9f646fbb-41ea-42c5-a3de-ddd4e7df0a63</ActionID>
            <OverrideName />
            <Sound>
              <SoundName />
              <Trigger>OnActionCompleted</Trigger>
            </Sound>
            <Disabled>false</Disabled>
            <PlayWhileConditionsAreOk>false</PlayWhileConditionsAreOk>
            <PlayWhileUnSuccess>true</PlayWhileUnSuccess>
            <AssociateMission />
            <Loop>false</Loop>
            <MaxRunningTime>0</MaxRunningTime>
            <OnlyOneConditionMustBeGood>false</OnlyOneConditionMustBeGood>
            <OnlyDoneByServer>false</OnlyDoneByServer>
            <Conditions>
              <Condition xsi:type="QuestInfo">
                <Locked>false</Locked>
                <QuestID>Az_Tos_Temple_Of_The_Spider_Om/Stop_Syndryth</QuestID>
                <Tested>Completed</Tested>
              </Condition>
            </Conditions>
            <HotSpots />
            <Actions>
              <Action xsi:type="SpecialAction">
                <ActionID>dd4041a3-6ab8-41ab-9d7f-990617e06ddf</ActionID>
                <OverrideName />
                <Sound>
                  <SoundName />
                  <Trigger>OnActionCompleted</Trigger>
                </Sound>
                <Disabled>false</Disabled>
                <PlayWhileConditionsAreOk>false</PlayWhileConditionsAreOk>
                <PlayWhileUnSuccess>true</PlayWhileUnSuccess>
                <AssociateMission />
                <Loop>false</Loop>
                <MaxRunningTime>0</MaxRunningTime>
                <OnlyOneConditionMustBeGood>false</OnlyOneConditionMustBeGood>
                <OnlyDoneByServer>false</OnlyDoneByServer>
                <Conditions />
                <HotSpots />
                <Action>LeaveTeam</Action>
              </Action>
              <Action xsi:type="InteractSpecificNode">
                <ActionID>9daaf388-8e6c-4097-ad20-220ba4c56d85</ActionID>
                <OverrideName>Exit Dungeon</OverrideName>
                <Sound>
                  <SoundName />
                  <Trigger>OnActionCompleted</Trigger>
                </Sound>
                <Disabled>false</Disabled>
                <PlayWhileConditionsAreOk>false</PlayWhileConditionsAreOk>
                <PlayWhileUnSuccess>true</PlayWhileUnSuccess>
                <AssociateMission />
                <Loop>false</Loop>
                <MaxRunningTime>0</MaxRunningTime>
                <OnlyOneConditionMustBeGood>false</OnlyOneConditionMustBeGood>
                <OnlyDoneByServer>false</OnlyDoneByServer>
                <Conditions>
                  <Condition xsi:type="CurrentMap">
                    <Locked>false</Locked>
                    <Tested>Equal</Tested>
                    <MapName>Az_Tos_Temple_Of_The_Spider</MapName>
                  </Condition>
                </Conditions>
                <HotSpots />
                <NodeCategory>Door</NodeCategory>
                <LocalizedName />
                <Dialogs />
                <InteractTime>1000</InteractTime>
                <Position>
                  <X>994.3816</X>
                  <Y>-96.4834</Y>
                  <Z>-510.6602</Z>
                </Position>
                <RewardItemChoose />
                <SkipTimeout>0</SkipTimeout>
              </Action>
            </Actions>
            <SimultaneousActions>false</SimultaneousActions>
          </Action>
        </Actions>
        <SimultaneousActions>false</SimultaneousActions>
      </Action>
      <Action xsi:type="LoadProfile">
        <ActionID>0d0b33f5-d823-40d3-9b9b-4fea17e1d9d7</ActionID>
        <OverrideName />
        <Sound>
          <SoundName />
          <Trigger>OnActionCompleted</Trigger>
        </Sound>
        <Disabled>true</Disabled>
        <PlayWhileConditionsAreOk>false</PlayWhileConditionsAreOk>
        <PlayWhileUnSuccess>true</PlayWhileUnSuccess>
        <AssociateMission />
        <Loop>true</Loop>
        <MaxRunningTime>10</MaxRunningTime>
        <OnlyOneConditionMustBeGood>false</OnlyOneConditionMustBeGood>
        <OnlyDoneByServer>true</OnlyDoneByServer>
        <Conditions />
        <HotSpots />
        <ProfileName>Az_Tos_Temple_Of_The_Spider_LOOP.amp.zip</ProfileName>
      </Action>
      <Action xsi:type="GoToAction">
        <ActionID>e1d1680b-0b1f-49d3-920d-9884062ef167</ActionID>
        <OverrideName />
        <Sound>
          <SoundName />
          <Trigger>OnActionCompleted</Trigger>
        </Sound>
        <Disabled>false</Disabled>
        <PlayWhileConditionsAreOk>false</PlayWhileConditionsAreOk>
        <PlayWhileUnSuccess>true</PlayWhileUnSuccess>
        <AssociateMission />
        <Loop>true</Loop>
        <MaxRunningTime>0</MaxRunningTime>
        <OnlyOneConditionMustBeGood>false</OnlyOneConditionMustBeGood>
        <OnlyDoneByServer>true</OnlyDoneByServer>
        <Conditions />
        <HotSpots />
        <ResetAllCompletedActions>true</ResetAllCompletedActions>
        <DestinationActionID>69f52eb8-8652-4d70-a873-7e7c472d3f3d</DestinationActionID>
      </Action>
    </Actions>
    <SimultaneousActions>false</SimultaneousActions>
  </MainActionPack>
  <Saved>true</Saved>
</Profile>